timestamp,stream,waveform,gas,lead,sample_count,min,max,mean
2026-04-22T11:35:21.477000,SBX_ANAES_WAVE,respGas,,,0,,,
2026-04-22T11:35:21.477000,SBX_ANAES_WAVE,aaGas,,,0,,,
2026-04-22T11:35:21.477000,SBX_ANAES_WAVE,inspExpMarker,,,0,,,
2026-04-22T11:35:21.477000,SBX_ANAES_WAVE,flow,,,0,,,
2026-04-22T11:35:21.477000,SBX_ANAES_WAVE,volume,,,0,,,
2026-04-22T11:35:21.477000,SBX_ANAES_WAVE,pressure,,,0,,,
2026-04-22T11:35:21.477000,SBX_ANAES_WAVE,inspExpMarker,,,0,,,
2026-04-22T11:35:22.048000,SBX_ANAES_WAVE,respGas,,,0,,,
2026-04-22T11:35:22.048000,SBX_ANAES_WAVE,respGas,,,0,,,
2026-04-22T11:35:22.048000,SBX_ANAES_WAVE,flow,,,10,0.0,0.0,0.0
2026-04-22T11:35:22.048000,SBX_ANAES_WAVE,volume,,,10,0.0,0.0,0.0
2026-04-22T11:35:22.048000,SBX_ANAES_WAVE,pressure,,,10,-0.12,-0.09,-0.098
2026-04-22T11:35:22.048000,SBX_ANAES_WAVE,inspExpMarker,,,0,,,
2026-04-22T11:35:22.435000,SBX_ANAES_WAVE,respGas,,,0,,,
2026-04-22T11:35:22.435000,SBX_ANAES_WAVE,respGas,,,0,,,
2026-04-22T11:35:22.435000,SBX_ANAES_WAVE,flow,,,10,0.0,0.0,0.0
2026-04-22T11:35:22.435000,SBX_ANAES_WAVE,volume,,,10,0.0,0.0,0.0
2026-04-22T11:35:22.435000,SBX_ANAES_WAVE,pressure,,,10,-0.13,-0.1,-0.111
2026-04-22T11:35:22.435000,SBX_ANAES_WAVE,inspExpMarker,,,0,,,
2026-04-22T11:35:22.871000,SBX_ANAES_WAVE,respGas,,,0,,,
2026-04-22T11:35:22.871000,SBX_ANAES_WAVE,respGas,,,0,,,
2026-04-22T11:35:22.871000,SBX_ANAES_WAVE,flow,,,10,0.0,0.0,0.0
2026-04-22T11:35:22.871000,SBX_ANAES_WAVE,volume,,,10,0.0,0.0,0.0
2026-04-22T11:35:22.871000,SBX_ANAES_WAVE,pressure,,,10,-0.13,-0.11,-0.118
2026-04-22T11:35:22.871000,SBX_ANAES_WAVE,inspExpMarker,,,0,,,
2026-04-22T11:35:23.433000,SBX_ANAES_WAVE,respGas,,,0,,,
2026-04-22T11:35:23.433000,SBX_ANAES_WAVE,respGas,,,0,,,
2026-04-22T11:35:23.433000,SBX_ANAES_WAVE,flow,,,10,0.0,0.0,0.0
2026-04-22T11:35:23.433000,SBX_ANAES_WAVE,volume,,,10,0.0,0.0,0.0
2026-04-22T11:35:23.433000,SBX_ANAES_WAVE,pressure,,,10,-0.13,-0.09,-0.107
2026-04-22T11:35:23.433000,SBX_ANAES_WAVE,inspExpMarker,,,0,,,
2026-04-22T11:35:23.637000,SBX_ANAES_WAVE,respGas,,,0,,,
2026-04-22T11:35:23.637000,SBX_ANAES_WAVE,respGas,,,0,,,
2026-04-22T11:35:23.637000,SBX_ANAES_WAVE,flow,,,10,0.0,0.0,0.0
2026-04-22T11:35:23.637000,SBX_ANAES_WAVE,volume,,,10,0.0,0.0,0.0
2026-04-22T11:35:23.637000,SBX_ANAES_WAVE,pressure,,,10,-0.14,-0.1,-0.133
2026-04-22T11:35:23.637000,SBX_ANAES_WAVE,inspExpMarker,,,0,,,
2026-04-22T11:35:24.036000,SBX_ANAES_WAVE,respGas,,,0,,,
2026-04-22T11:35:24.036000,SBX_ANAES_WAVE,respGas,,,0,,,
2026-04-22T11:35:24.036000,SBX_ANAES_WAVE,flow,,,10,0.0,0.0,0.0
2026-04-22T11:35:24.036000,SBX_ANAES_WAVE,volume,,,10,0.0,0.0,0.0
2026-04-22T11:35:24.036000,SBX_ANAES_WAVE,pressure,,,10,-0.11,-0.09,-0.097
2026-04-22T11:35:24.036000,SBX_ANAES_WAVE,inspExpMarker,,,0,,,
2026-04-22T11:35:24.435000,SBX_ANAES_WAVE,respGas,,,0,,,
2026-04-22T11:35:24.435000,SBX_ANAES_WAVE,respGas,,,0,,,
2026-04-22T11:35:24.435000,SBX_ANAES_WAVE,flow,,,10,0.0,0.0,0.0
2026-04-22T11:35:24.435000,SBX_ANAES_WAVE,volume,,,10,0.0,0.0,0.0
2026-04-22T11:35:24.435000,SBX_ANAES_WAVE,pressure,,,10,-0.12,-0.09,-0.104
2026-04-22T11:35:24.435000,SBX_ANAES_WAVE,inspExpMarker,,,0,,,
2026-04-22T11:35:24.835000,SBX_ANAES_WAVE,respGas,,,0,,,
2026-04-22T11:35:24.835000,SBX_ANAES_WAVE,respGas,,,0,,,
2026-04-22T11:35:24.835000,SBX_ANAES_WAVE,flow,,,10,0.0,0.0,0.0
2026-04-22T11:35:24.835000,SBX_ANAES_WAVE,volume,,,10,0.0,0.0,0.0
2026-04-22T11:35:24.835000,SBX_ANAES_WAVE,pressure,,,10,-0.14,-0.09,-0.103
2026-04-22T11:35:24.835000,SBX_ANAES_WAVE,inspExpMarker,,,0,,,
2026-04-22T11:35:25.289000,SBX_ANAES_WAVE,respGas,,,0,,,
2026-04-22T11:35:25.289000,SBX_ANAES_WAVE,respGas,,,0,,,
2026-04-22T11:35:25.289000,SBX_ANAES_WAVE,flow,,,10,0.0,0.0,0.0
2026-04-22T11:35:25.289000,SBX_ANAES_WAVE,volume,,,10,0.0,0.0,0.0
2026-04-22T11:35:25.289000,SBX_ANAES_WAVE,pressure,,,10,-0.13,-0.1,-0.113
2026-04-22T11:35:25.289000,SBX_ANAES_WAVE,inspExpMarker,,,0,,,
2026-04-22T11:35:25.637000,SBX_ANAES_WAVE,respGas,,,0,,,
2026-04-22T11:35:25.637000,SBX_ANAES_WAVE,respGas,,,0,,,
2026-04-22T11:35:25.637000,SBX_ANAES_WAVE,flow,,,10,0.0,0.0,0.0
2026-04-22T11:35:25.637000,SBX_ANAES_WAVE,volume,,,10,0.0,0.0,0.0
2026-04-22T11:35:25.637000,SBX_ANAES_WAVE,pressure,,,10,-0.14,-0.1,-0.122
2026-04-22T11:35:25.637000,SBX_ANAES_WAVE,inspExpMarker,,,0,,,
2026-04-22T11:35:26.091000,SBX_ANAES_WAVE,respGas,,,0,,,
2026-04-22T11:35:26.091000,SBX_ANAES_WAVE,respGas,,,0,,,
2026-04-22T11:35:26.091000,SBX_ANAES_WAVE,flow,,,10,0.0,0.0,0.0
2026-04-22T11:35:26.091000,SBX_ANAES_WAVE,volume,,,10,0.0,0.0,0.0
2026-04-22T11:35:26.091000,SBX_ANAES_WAVE,pressure,,,10,-0.13,-0.11,-0.121
2026-04-22T11:35:26.091000,SBX_ANAES_WAVE,inspExpMarker,,,0,,,
2026-04-22T11:35:26.439000,SBX_ANAES_WAVE,respGas,,,0,,,
2026-04-22T11:35:26.439000,SBX_ANAES_WAVE,respGas,,,0,,,
2026-04-22T11:35:26.439000,SBX_ANAES_WAVE,flow,,,10,0.0,0.0,0.0
2026-04-22T11:35:26.439000,SBX_ANAES_WAVE,volume,,,10,0.0,0.0,0.0
2026-04-22T11:35:26.439000,SBX_ANAES_WAVE,pressure,,,10,-0.13,-0.09,-0.107
2026-04-22T11:35:26.439000,SBX_ANAES_WAVE,inspExpMarker,,,0,,,
2026-04-22T11:35:26.835000,SBX_ANAES_WAVE,respGas,,,0,,,
2026-04-22T11:35:26.835000,SBX_ANAES_WAVE,respGas,,,0,,,
2026-04-22T11:35:26.835000,SBX_ANAES_WAVE,flow,,,10,0.0,0.0,0.0
2026-04-22T11:35:26.835000,SBX_ANAES_WAVE,volume,,,10,0.0,0.0,0.0
2026-04-22T11:35:26.835000,SBX_ANAES_WAVE,pressure,,,10,-0.14,-0.1,-0.12
2026-04-22T11:35:26.835000,SBX_ANAES_WAVE,inspExpMarker,,,0,,,
2026-04-22T11:35:27.287000,SBX_ANAES_WAVE,respGas,,,0,,,
2026-04-22T11:35:27.287000,SBX_ANAES_WAVE,respGas,,,0,,,
2026-04-22T11:35:27.287000,SBX_ANAES_WAVE,flow,,,10,0.0,0.0,0.0
2026-04-22T11:35:27.287000,SBX_ANAES_WAVE,volume,,,10,0.0,0.0,0.0
2026-04-22T11:35:27.287000,SBX_ANAES_WAVE,pressure,,,10,-0.14,-0.12,-0.134
2026-04-22T11:35:27.287000,SBX_ANAES_WAVE,inspExpMarker,,,0,,,
2026-04-22T11:35:27.635000,SBX_ANAES_WAVE,respGas,,,0,,,
2026-04-22T11:35:27.635000,SBX_ANAES_WAVE,respGas,,,0,,,
2026-04-22T11:35:27.635000,SBX_ANAES_WAVE,flow,,,10,0.0,0.0,0.0
2026-04-22T11:35:27.635000,SBX_ANAES_WAVE,volume,,,10,0.0,0.0,0.0
2026-04-22T11:35:27.635000,SBX_ANAES_WAVE,pressure,,,10,-0.14,-0.1,-0.12
2026-04-22T11:35:27.635000,SBX_ANAES_WAVE,inspExpMarker,,,0,,,
2026-04-22T11:35:28.035000,SBX_ANAES_WAVE,respGas,,,0,,,
2026-04-22T11:35:28.035000,SBX_ANAES_WAVE,respGas,,,0,,,
2026-04-22T11:35:28.035000,SBX_ANAES_WAVE,flow,,,10,0.0,0.0,0.0
2026-04-22T11:35:28.035000,SBX_ANAES_WAVE,volume,,,10,0.0,0.0,0.0
2026-04-22T11:35:28.035000,SBX_ANAES_WAVE,pressure,,,10,-0.14,-0.12,-0.132
2026-04-22T11:35:28.035000,SBX_ANAES_WAVE,inspExpMarker,,,0,,,
2026-04-22T11:35:28.437000,SBX_ANAES_WAVE,respGas,,,0,,,
2026-04-22T11:35:28.437000,SBX_ANAES_WAVE,respGas,,,0,,,
2026-04-22T11:35:28.437000,SBX_ANAES_WAVE,flow,,,10,0.0,0.0,0.0
2026-04-22T11:35:28.437000,SBX_ANAES_WAVE,volume,,,10,0.0,0.0,0.0
2026-04-22T11:35:28.437000,SBX_ANAES_WAVE,pressure,,,10,-0.14,-0.09,-0.11
2026-04-22T11:35:28.437000,SBX_ANAES_WAVE,inspExpMarker,,,0,,,
2026-04-22T11:35:28.860000,SBX_ANAES_WAVE,respGas,,,0,,,
2026-04-22T11:35:28.860000,SBX_ANAES_WAVE,respGas,,,0,,,
2026-04-22T11:35:28.860000,SBX_ANAES_WAVE,flow,,,10,0.0,0.0,0.0
2026-04-22T11:35:28.860000,SBX_ANAES_WAVE,volume,,,10,0.0,0.0,0.0
2026-04-22T11:35:28.860000,SBX_ANAES_WAVE,pressure,,,10,-0.14,-0.12,-0.133
2026-04-22T11:35:28.860000,SBX_ANAES_WAVE,inspExpMarker,,,0,,,
2026-04-22T11:35:29.289000,SBX_ANAES_WAVE,respGas,,,0,,,
2026-04-22T11:35:29.289000,SBX_ANAES_WAVE,respGas,,,0,,,
2026-04-22T11:35:29.289000,SBX_ANAES_WAVE,flow,,,10,0.0,0.0,0.0
2026-04-22T11:35:29.289000,SBX_ANAES_WAVE,volume,,,10,0.0,0.0,0.0
2026-04-22T11:35:29.289000,SBX_ANAES_WAVE,pressure,,,10,-0.14,-0.12,-0.131
2026-04-22T11:35:29.289000,SBX_ANAES_WAVE,inspExpMarker,,,0,,,
2026-04-22T11:35:29.642000,SBX_ANAES_WAVE,respGas,,,0,,,
2026-04-22T11:35:29.642000,SBX_ANAES_WAVE,respGas,,,0,,,
2026-04-22T11:35:29.642000,SBX_ANAES_WAVE,flow,,,10,0.0,0.0,0.0
2026-04-22T11:35:29.642000,SBX_ANAES_WAVE,volume,,,10,0.0,0.0,0.0
2026-04-22T11:35:29.642000,SBX_ANAES_WAVE,pressure,,,10,-0.14,-0.13,-0.138
2026-04-22T11:35:29.642000,SBX_ANAES_WAVE,inspExpMarker,,,0,,,
2026-04-22T11:35:30.036000,SBX_ANAES_WAVE,respGas,,,0,,,
2026-04-22T11:35:30.036000,SBX_ANAES_WAVE,respGas,,,0,,,
2026-04-22T11:35:30.036000,SBX_ANAES_WAVE,flow,,,10,0.0,0.0,0.0
2026-04-22T11:35:30.036000,SBX_ANAES_WAVE,volume,,,10,0.0,0.0,0.0
2026-04-22T11:35:30.036000,SBX_ANAES_WAVE,pressure,,,10,-0.14,-0.13,-0.138
2026-04-22T11:35:30.036000,SBX_ANAES_WAVE,inspExpMarker,,,0,,,
2026-04-22T11:35:30.438000,SBX_ANAES_WAVE,respGas,,,0,,,
2026-04-22T11:35:30.438000,SBX_ANAES_WAVE,respGas,,,0,,,
2026-04-22T11:35:30.438000,SBX_ANAES_WAVE,flow,,,10,0.0,0.0,0.0
2026-04-22T11:35:30.438000,SBX_ANAES_WAVE,volume,,,10,0.0,0.0,0.0
2026-04-22T11:35:30.438000,SBX_ANAES_WAVE,pressure,,,10,-0.14,-0.13,-0.138
2026-04-22T11:35:30.438000,SBX_ANAES_WAVE,inspExpMarker,,,0,,,
2026-04-22T11:35:30.835000,SBX_ANAES_WAVE,respGas,,,0,,,
2026-04-22T11:35:30.835000,SBX_ANAES_WAVE,respGas,,,0,,,
2026-04-22T11:35:30.835000,SBX_ANAES_WAVE,flow,,,10,0.0,0.0,0.0
2026-04-22T11:35:30.835000,SBX_ANAES_WAVE,volume,,,10,0.0,0.0,0.0
2026-04-22T11:35:30.835000,SBX_ANAES_WAVE,pressure,,,10,-0.14,-0.1,-0.123
2026-04-22T11:35:30.835000,SBX_ANAES_WAVE,inspExpMarker,,,0,,,
2026-04-22T11:35:31.295000,SBX_ANAES_WAVE,respGas,,,0,,,
2026-04-22T11:35:31.295000,SBX_ANAES_WAVE,respGas,,,0,,,
2026-04-22T11:35:31.295000,SBX_ANAES_WAVE,flow,,,10,0.0,0.0,0.0
2026-04-22T11:35:31.295000,SBX_ANAES_WAVE,volume,,,10,0.0,0.0,0.0
2026-04-22T11:35:31.295000,SBX_ANAES_WAVE,pressure,,,10,-0.13,-0.11,-0.117
2026-04-22T11:35:31.295000,SBX_ANAES_WAVE,inspExpMarker,,,0,,,
2026-04-22T11:35:31.654000,SBX_ANAES_WAVE,respGas,,,0,,,
2026-04-22T11:35:31.654000,SBX_ANAES_WAVE,respGas,,,0,,,
2026-04-22T11:35:31.654000,SBX_ANAES_WAVE,flow,,,10,0.0,0.0,0.0
2026-04-22T11:35:31.654000,SBX_ANAES_WAVE,volume,,,10,0.0,0.0,0.0
2026-04-22T11:35:31.654000,SBX_ANAES_WAVE,pressure,,,10,-0.14,-0.11,-0.129
2026-04-22T11:35:31.654000,SBX_ANAES_WAVE,inspExpMarker,,,0,,,
2026-04-22T11:35:32.058000,SBX_ANAES_WAVE,respGas,,,0,,,
2026-04-22T11:35:32.058000,SBX_ANAES_WAVE,respGas,,,0,,,
2026-04-22T11:35:32.058000,SBX_ANAES_WAVE,flow,,,10,0.0,0.0,0.0
2026-04-22T11:35:32.058000,SBX_ANAES_WAVE,volume,,,10,0.0,0.0,0.0
2026-04-22T11:35:32.058000,SBX_ANAES_WAVE,pressure,,,10,-0.14,-0.12,-0.136
2026-04-22T11:35:32.058000,SBX_ANAES_WAVE,inspExpMarker,,,0,,,
2026-04-22T11:35:32.436000,SBX_ANAES_WAVE,respGas,,,0,,,
2026-04-22T11:35:32.436000,SBX_ANAES_WAVE,respGas,,,0,,,
2026-04-22T11:35:32.436000,SBX_ANAES_WAVE,flow,,,10,0.0,0.0,0.0
2026-04-22T11:35:32.436000,SBX_ANAES_WAVE,volume,,,10,0.0,0.0,0.0
2026-04-22T11:35:32.436000,SBX_ANAES_WAVE,pressure,,,10,-0.13,-0.1,-0.118
2026-04-22T11:35:32.436000,SBX_ANAES_WAVE,inspExpMarker,,,0,,,
2026-04-22T11:35:32.836000,SBX_ANAES_WAVE,respGas,,,0,,,
2026-04-22T11:35:32.836000,SBX_ANAES_WAVE,respGas,,,0,,,
2026-04-22T11:35:32.836000,SBX_ANAES_WAVE,flow,,,10,0.0,0.0,0.0
2026-04-22T11:35:32.836000,SBX_ANAES_WAVE,volume,,,10,0.0,0.0,0.0
2026-04-22T11:35:32.836000,SBX_ANAES_WAVE,pressure,,,10,-0.13,-0.1,-0.115
2026-04-22T11:35:32.836000,SBX_ANAES_WAVE,inspExpMarker,,,0,,,
2026-04-22T11:35:33.296000,SBX_ANAES_WAVE,respGas,,,0,,,
2026-04-22T11:35:33.296000,SBX_ANAES_WAVE,respGas,,,0,,,
2026-04-22T11:35:33.296000,SBX_ANAES_WAVE,flow,,,10,0.0,0.0,0.0
2026-04-22T11:35:33.296000,SBX_ANAES_WAVE,volume,,,10,0.0,0.0,0.0
2026-04-22T11:35:33.296000,SBX_ANAES_WAVE,pressure,,,10,-0.14,-0.12,-0.131
2026-04-22T11:35:33.296000,SBX_ANAES_WAVE,inspExpMarker,,,0,,,
2026-04-22T11:35:33.636000,SBX_ANAES_WAVE,respGas,,,0,,,
2026-04-22T11:35:33.636000,SBX_ANAES_WAVE,respGas,,,0,,,
2026-04-22T11:35:33.636000,SBX_ANAES_WAVE,flow,,,10,0.0,0.0,0.0
2026-04-22T11:35:33.636000,SBX_ANAES_WAVE,volume,,,10,0.0,0.0,0.0
2026-04-22T11:35:33.636000,SBX_ANAES_WAVE,pressure,,,10,-0.14,-0.13,-0.139
2026-04-22T11:35:33.636000,SBX_ANAES_WAVE,inspExpMarker,,,0,,,
2026-04-22T11:35:34.035000,SBX_ANAES_WAVE,respGas,,,0,,,
2026-04-22T11:35:34.035000,SBX_ANAES_WAVE,respGas,,,0,,,
2026-04-22T11:35:34.035000,SBX_ANAES_WAVE,flow,,,10,0.0,0.0,0.0
2026-04-22T11:35:34.035000,SBX_ANAES_WAVE,volume,,,10,0.0,0.0,0.0
2026-04-22T11:35:34.035000,SBX_ANAES_WAVE,pressure,,,10,-0.14,-0.1,-0.122
2026-04-22T11:35:34.035000,SBX_ANAES_WAVE,inspExpMarker,,,0,,,
2026-04-22T11:35:34.434000,SBX_ANAES_WAVE,respGas,,,0,,,
2026-04-22T11:35:34.434000,SBX_ANAES_WAVE,respGas,,,0,,,
2026-04-22T11:35:34.434000,SBX_ANAES_WAVE,flow,,,10,0.0,0.0,0.0
2026-04-22T11:35:34.434000,SBX_ANAES_WAVE,volume,,,10,0.0,0.0,0.0
2026-04-22T11:35:34.434000,SBX_ANAES_WAVE,pressure,,,10,-0.14,-0.1,-0.124
2026-04-22T11:35:34.434000,SBX_ANAES_WAVE,inspExpMarker,,,0,,,
2026-04-22T11:35:34.835000,SBX_ANAES_WAVE,respGas,,,0,,,
2026-04-22T11:35:34.835000,SBX_ANAES_WAVE,respGas,,,0,,,
2026-04-22T11:35:34.835000,SBX_ANAES_WAVE,flow,,,10,0.0,0.0,0.0
2026-04-22T11:35:34.835000,SBX_ANAES_WAVE,volume,,,10,0.0,0.0,0.0
2026-04-22T11:35:34.835000,SBX_ANAES_WAVE,pressure,,,10,-0.14,-0.11,-0.127
2026-04-22T11:35:34.835000,SBX_ANAES_WAVE,inspExpMarker,,,0,,,
2026-04-22T11:35:35.293000,SBX_ANAES_WAVE,respGas,,,0,,,
2026-04-22T11:35:35.293000,SBX_ANAES_WAVE,respGas,,,0,,,
2026-04-22T11:35:35.293000,SBX_ANAES_WAVE,flow,,,10,0.0,0.0,0.0
2026-04-22T11:35:35.293000,SBX_ANAES_WAVE,volume,,,10,0.0,0.0,0.0
2026-04-22T11:35:35.293000,SBX_ANAES_WAVE,pressure,,,10,-0.14,-0.11,-0.129
2026-04-22T11:35:35.293000,SBX_ANAES_WAVE,inspExpMarker,,,0,,,
2026-04-22T11:35:35.641000,SBX_ANAES_WAVE,respGas,,,0,,,
2026-04-22T11:35:35.641000,SBX_ANAES_WAVE,respGas,,,0,,,
2026-04-22T11:35:35.641000,SBX_ANAES_WAVE,flow,,,10,0.0,0.0,0.0
2026-04-22T11:35:35.641000,SBX_ANAES_WAVE,volume,,,10,0.0,0.0,0.0
2026-04-22T11:35:35.641000,SBX_ANAES_WAVE,pressure,,,10,-0.14,-0.12,-0.131
2026-04-22T11:35:35.641000,SBX_ANAES_WAVE,inspExpMarker,,,0,,,
2026-04-22T11:35:36.036000,SBX_ANAES_WAVE,respGas,,,0,,,
2026-04-22T11:35:36.036000,SBX_ANAES_WAVE,respGas,,,0,,,
2026-04-22T11:35:36.036000,SBX_ANAES_WAVE,flow,,,10,0.0,0.0,0.0
2026-04-22T11:35:36.036000,SBX_ANAES_WAVE,volume,,,10,0.0,0.0,0.0
2026-04-22T11:35:36.036000,SBX_ANAES_WAVE,pressure,,,10,-0.14,-0.11,-0.127
2026-04-22T11:35:36.036000,SBX_ANAES_WAVE,inspExpMarker,,,0,,,
2026-04-22T11:35:36.471000,SBX_ANAES_WAVE,respGas,,,0,,,
2026-04-22T11:35:36.471000,SBX_ANAES_WAVE,respGas,,,0,,,
2026-04-22T11:35:36.471000,SBX_ANAES_WAVE,flow,,,10,0.0,0.0,0.0
2026-04-22T11:35:36.471000,SBX_ANAES_WAVE,volume,,,10,0.0,0.0,0.0
2026-04-22T11:35:36.471000,SBX_ANAES_WAVE,pressure,,,10,-0.14,-0.12,-0.135
2026-04-22T11:35:36.471000,SBX_ANAES_WAVE,inspExpMarker,,,0,,,
2026-04-22T11:35:36.834000,SBX_ANAES_WAVE,respGas,,,0,,,
2026-04-22T11:35:36.834000,SBX_ANAES_WAVE,respGas,,,0,,,
2026-04-22T11:35:36.834000,SBX_ANAES_WAVE,flow,,,10,0.0,0.0,0.0
2026-04-22T11:35:36.834000,SBX_ANAES_WAVE,volume,,,10,0.0,0.0,0.0
2026-04-22T11:35:36.834000,SBX_ANAES_WAVE,pressure,,,10,-0.14,-0.12,-0.133
2026-04-22T11:35:36.834000,SBX_ANAES_WAVE,inspExpMarker,,,0,,,
2026-04-22T11:35:37.289000,SBX_ANAES_WAVE,respGas,,,0,,,
2026-04-22T11:35:37.289000,SBX_ANAES_WAVE,respGas,,,0,,,
2026-04-22T11:35:37.289000,SBX_ANAES_WAVE,flow,,,10,0.0,0.0,0.0
2026-04-22T11:35:37.289000,SBX_ANAES_WAVE,volume,,,10,0.0,0.0,0.0
2026-04-22T11:35:37.289000,SBX_ANAES_WAVE,pressure,,,10,-0.14,-0.11,-0.122
2026-04-22T11:35:37.289000,SBX_ANAES_WAVE,inspExpMarker,,,0,,,
2026-04-22T11:35:37.641000,SBX_ANAES_WAVE,respGas,,,0,,,
2026-04-22T11:35:37.641000,SBX_ANAES_WAVE,respGas,,,0,,,
2026-04-22T11:35:37.641000,SBX_ANAES_WAVE,flow,,,10,0.0,0.0,0.0
2026-04-22T11:35:37.641000,SBX_ANAES_WAVE,volume,,,10,0.0,0.0,0.0
2026-04-22T11:35:37.641000,SBX_ANAES_WAVE,pressure,,,10,-0.14,-0.13,-0.137
2026-04-22T11:35:37.641000,SBX_ANAES_WAVE,inspExpMarker,,,0,,,
2026-04-22T11:35:38.078000,SBX_ANAES_WAVE,respGas,,,0,,,
2026-04-22T11:35:38.078000,SBX_ANAES_WAVE,respGas,,,0,,,
2026-04-22T11:35:38.078000,SBX_ANAES_WAVE,flow,,,10,0.0,0.0,0.0
2026-04-22T11:35:38.078000,SBX_ANAES_WAVE,volume,,,10,0.0,0.0,0.0
2026-04-22T11:35:38.078000,SBX_ANAES_WAVE,pressure,,,10,-0.14,-0.13,-0.138
2026-04-22T11:35:38.078000,SBX_ANAES_WAVE,inspExpMarker,,,0,,,
2026-04-22T11:35:38.435000,SBX_ANAES_WAVE,respGas,,,0,,,
2026-04-22T11:35:38.435000,SBX_ANAES_WAVE,respGas,,,0,,,
2026-04-22T11:35:38.435000,SBX_ANAES_WAVE,flow,,,10,0.0,0.0,0.0
2026-04-22T11:35:38.435000,SBX_ANAES_WAVE,volume,,,10,0.0,0.0,0.0
2026-04-22T11:35:38.435000,SBX_ANAES_WAVE,pressure,,,10,-0.14,-0.1,-0.128
2026-04-22T11:35:38.435000,SBX_ANAES_WAVE,inspExpMarker,,,0,,,
2026-04-22T11:35:38.834000,SBX_ANAES_WAVE,respGas,,,0,,,
2026-04-22T11:35:38.834000,SBX_ANAES_WAVE,respGas,,,0,,,
2026-04-22T11:35:38.834000,SBX_ANAES_WAVE,flow,,,10,0.0,0.0,0.0
2026-04-22T11:35:38.834000,SBX_ANAES_WAVE,volume,,,10,0.0,0.0,0.0
2026-04-22T11:35:38.834000,SBX_ANAES_WAVE,pressure,,,10,-0.13,-0.11,-0.122
2026-04-22T11:35:38.834000,SBX_ANAES_WAVE,inspExpMarker,,,0,,,
2026-04-22T11:35:39.290000,SBX_ANAES_WAVE,respGas,,,0,,,
2026-04-22T11:35:39.290000,SBX_ANAES_WAVE,respGas,,,0,,,
2026-04-22T11:35:39.290000,SBX_ANAES_WAVE,flow,,,10,0.0,0.0,0.0
2026-04-22T11:35:39.290000,SBX_ANAES_WAVE,volume,,,10,0.0,0.0,0.0
2026-04-22T11:35:39.290000,SBX_ANAES_WAVE,pressure,,,10,-0.14,-0.11,-0.123
2026-04-22T11:35:39.290000,SBX_ANAES_WAVE,inspExpMarker,,,0,,,
2026-04-22T11:35:39.640000,SBX_ANAES_WAVE,respGas,,,0,,,
2026-04-22T11:35:39.640000,SBX_ANAES_WAVE,respGas,,,0,,,
2026-04-22T11:35:39.640000,SBX_ANAES_WAVE,flow,,,10,0.0,0.0,0.0
2026-04-22T11:35:39.640000,SBX_ANAES_WAVE,volume,,,10,0.0,0.0,0.0
2026-04-22T11:35:39.640000,SBX_ANAES_WAVE,pressure,,,10,-0.14,-0.11,-0.124
2026-04-22T11:35:39.640000,SBX_ANAES_WAVE,inspExpMarker,,,0,,,
2026-04-22T11:35:40.034000,SBX_ANAES_WAVE,respGas,,,0,,,
2026-04-22T11:35:40.034000,SBX_ANAES_WAVE,respGas,,,0,,,
2026-04-22T11:35:40.034000,SBX_ANAES_WAVE,flow,,,10,0.0,0.0,0.0
2026-04-22T11:35:40.034000,SBX_ANAES_WAVE,volume,,,10,0.0,0.0,0.0
2026-04-22T11:35:40.034000,SBX_ANAES_WAVE,pressure,,,10,-0.13,-0.11,-0.119
2026-04-22T11:35:40.034000,SBX_ANAES_WAVE,inspExpMarker,,,0,,,
2026-04-22T11:35:40.435000,SBX_ANAES_WAVE,respGas,,,0,,,
2026-04-22T11:35:40.435000,SBX_ANAES_WAVE,respGas,,,0,,,
2026-04-22T11:35:40.435000,SBX_ANAES_WAVE,flow,,,10,0.0,0.0,0.0
2026-04-22T11:35:40.435000,SBX_ANAES_WAVE,volume,,,10,0.0,0.0,0.0
2026-04-22T11:35:40.435000,SBX_ANAES_WAVE,pressure,,,10,-0.14,-0.12,-0.132
2026-04-22T11:35:40.435000,SBX_ANAES_WAVE,inspExpMarker,,,0,,,
2026-04-22T11:35:40.838000,SBX_ANAES_WAVE,respGas,,,0,,,
2026-04-22T11:35:40.838000,SBX_ANAES_WAVE,respGas,,,0,,,
2026-04-22T11:35:40.838000,SBX_ANAES_WAVE,flow,,,10,0.0,0.0,0.0
2026-04-22T11:35:40.838000,SBX_ANAES_WAVE,volume,,,10,0.0,0.0,0.0
2026-04-22T11:35:40.838000,SBX_ANAES_WAVE,pressure,,,10,-0.14,-0.12,-0.134
2026-04-22T11:35:40.838000,SBX_ANAES_WAVE,inspExpMarker,,,0,,,
2026-04-22T11:35:41.306000,SBX_ANAES_WAVE,respGas,,,0,,,
2026-04-22T11:35:41.306000,SBX_ANAES_WAVE,respGas,,,0,,,
2026-04-22T11:35:41.306000,SBX_ANAES_WAVE,flow,,,10,0.0,0.0,0.0
2026-04-22T11:35:41.306000,SBX_ANAES_WAVE,volume,,,10,0.0,0.0,0.0
2026-04-22T11:35:41.306000,SBX_ANAES_WAVE,pressure,,,10,-0.14,-0.14,-0.14
2026-04-22T11:35:41.306000,SBX_ANAES_WAVE,inspExpMarker,,,0,,,
2026-04-22T11:35:41.640000,SBX_ANAES_WAVE,respGas,,,0,,,
2026-04-22T11:35:41.640000,SBX_ANAES_WAVE,respGas,,,0,,,
2026-04-22T11:35:41.640000,SBX_ANAES_WAVE,flow,,,10,0.0,0.0,0.0
2026-04-22T11:35:41.640000,SBX_ANAES_WAVE,volume,,,10,0.0,0.0,0.0
2026-04-22T11:35:41.640000,SBX_ANAES_WAVE,pressure,,,10,-0.14,-0.1,-0.13
2026-04-22T11:35:41.640000,SBX_ANAES_WAVE,inspExpMarker,,,0,,,
2026-04-22T11:35:42.035000,SBX_ANAES_WAVE,respGas,,,0,,,
2026-04-22T11:35:42.035000,SBX_ANAES_WAVE,respGas,,,0,,,
2026-04-22T11:35:42.035000,SBX_ANAES_WAVE,flow,,,10,0.0,0.001,0.0002
2026-04-22T11:35:42.035000,SBX_ANAES_WAVE,volume,,,10,0.0,0.0,0.0
2026-04-22T11:35:42.035000,SBX_ANAES_WAVE,pressure,,,10,-0.14,-0.12,-0.127
2026-04-22T11:35:42.035000,SBX_ANAES_WAVE,inspExpMarker,,,0,,,
2026-04-22T11:35:42.438000,SBX_ANAES_WAVE,respGas,,,0,,,
2026-04-22T11:35:42.438000,SBX_ANAES_WAVE,respGas,,,0,,,
2026-04-22T11:35:42.438000,SBX_ANAES_WAVE,flow,,,10,0.0,0.0,0.0
2026-04-22T11:35:42.438000,SBX_ANAES_WAVE,volume,,,10,0.0,0.0,0.0
2026-04-22T11:35:42.438000,SBX_ANAES_WAVE,pressure,,,10,-0.14,-0.13,-0.133
2026-04-22T11:35:42.438000,SBX_ANAES_WAVE,inspExpMarker,,,0,,,
2026-04-22T11:35:42.835000,SBX_ANAES_WAVE,respGas,,,0,,,
2026-04-22T11:35:42.835000,SBX_ANAES_WAVE,respGas,,,0,,,
2026-04-22T11:35:42.835000,SBX_ANAES_WAVE,flow,,,10,0.0,0.0,0.0
2026-04-22T11:35:42.835000,SBX_ANAES_WAVE,volume,,,10,0.0,0.0,0.0
2026-04-22T11:35:42.835000,SBX_ANAES_WAVE,pressure,,,10,-0.14,-0.09,-0.121
2026-04-22T11:35:42.835000,SBX_ANAES_WAVE,inspExpMarker,,,0,,,
2026-04-22T11:35:43.291000,SBX_ANAES_WAVE,respGas,,,0,,,
2026-04-22T11:35:43.291000,SBX_ANAES_WAVE,respGas,,,0,,,
2026-04-22T11:35:43.291000,SBX_ANAES_WAVE,flow,,,10,0.0,0.0,0.0
2026-04-22T11:35:43.291000,SBX_ANAES_WAVE,volume,,,10,0.0,0.0,0.0
2026-04-22T11:35:43.291000,SBX_ANAES_WAVE,pressure,,,10,-0.12,-0.1,-0.107
2026-04-22T11:35:43.291000,SBX_ANAES_WAVE,inspExpMarker,,,0,,,
2026-04-22T11:35:43.634000,SBX_ANAES_WAVE,respGas,,,0,,,
2026-04-22T11:35:43.634000,SBX_ANAES_WAVE,respGas,,,0,,,
2026-04-22T11:35:43.634000,SBX_ANAES_WAVE,flow,,,10,0.0,0.0,0.0
2026-04-22T11:35:43.634000,SBX_ANAES_WAVE,volume,,,10,0.0,0.0,0.0
2026-04-22T11:35:43.634000,SBX_ANAES_WAVE,pressure,,,10,-0.14,-0.09,-0.115
2026-04-22T11:35:43.634000,SBX_ANAES_WAVE,inspExpMarker,,,0,,,
2026-04-22T11:35:44.036000,SBX_ANAES_WAVE,respGas,,,0,,,
2026-04-22T11:35:44.036000,SBX_ANAES_WAVE,respGas,,,0,,,
2026-04-22T11:35:44.036000,SBX_ANAES_WAVE,flow,,,10,0.0,0.0,0.0
2026-04-22T11:35:44.036000,SBX_ANAES_WAVE,volume,,,10,0.0,0.0,0.0
2026-04-22T11:35:44.036000,SBX_ANAES_WAVE,pressure,,,10,-0.14,-0.1,-0.126
2026-04-22T11:35:44.036000,SBX_ANAES_WAVE,inspExpMarker,,,0,,,
2026-04-22T11:35:44.434000,SBX_ANAES_WAVE,respGas,,,0,,,
2026-04-22T11:35:44.434000,SBX_ANAES_WAVE,respGas,,,0,,,
2026-04-22T11:35:44.434000,SBX_ANAES_WAVE,flow,,,10,0.0,0.0,0.0
2026-04-22T11:35:44.434000,SBX_ANAES_WAVE,volume,,,10,0.0,0.0,0.0
2026-04-22T11:35:44.434000,SBX_ANAES_WAVE,pressure,,,10,-0.13,-0.1,-0.115
2026-04-22T11:35:44.434000,SBX_ANAES_WAVE,inspExpMarker,,,0,,,
2026-04-22T11:35:44.834000,SBX_ANAES_WAVE,respGas,,,0,,,
2026-04-22T11:35:44.834000,SBX_ANAES_WAVE,respGas,,,0,,,
2026-04-22T11:35:44.834000,SBX_ANAES_WAVE,flow,,,10,0.0,0.0,0.0
2026-04-22T11:35:44.834000,SBX_ANAES_WAVE,volume,,,10,0.0,0.0,0.0
2026-04-22T11:35:44.834000,SBX_ANAES_WAVE,pressure,,,10,-0.11,-0.09,-0.093
2026-04-22T11:35:44.834000,SBX_ANAES_WAVE,inspExpMarker,,,0,,,
2026-04-22T11:35:45.288000,SBX_ANAES_WAVE,respGas,,,0,,,
2026-04-22T11:35:45.288000,SBX_ANAES_WAVE,respGas,,,0,,,
2026-04-22T11:35:45.288000,SBX_ANAES_WAVE,flow,,,10,0.0,0.0,0.0
2026-04-22T11:35:45.288000,SBX_ANAES_WAVE,volume,,,10,0.0,0.0,0.0
2026-04-22T11:35:45.288000,SBX_ANAES_WAVE,pressure,,,10,-0.1,-0.09,-0.096
2026-04-22T11:35:45.288000,SBX_ANAES_WAVE,inspExpMarker,,,0,,,
2026-04-22T11:35:45.634000,SBX_ANAES_WAVE,respGas,,,0,,,
2026-04-22T11:35:45.634000,SBX_ANAES_WAVE,respGas,,,0,,,
2026-04-22T11:35:45.634000,SBX_ANAES_WAVE,flow,,,10,0.0,0.0,0.0
2026-04-22T11:35:45.634000,SBX_ANAES_WAVE,volume,,,10,0.0,0.0,0.0
2026-04-22T11:35:45.634000,SBX_ANAES_WAVE,pressure,,,10,-0.09,-0.09,-0.09
2026-04-22T11:35:45.634000,SBX_ANAES_WAVE,inspExpMarker,,,0,,,
2026-04-22T11:35:46.039000,SBX_ANAES_WAVE,respGas,,,0,,,
2026-04-22T11:35:46.039000,SBX_ANAES_WAVE,respGas,,,0,,,
2026-04-22T11:35:46.039000,SBX_ANAES_WAVE,flow,,,10,0.0,0.001,0.0002
2026-04-22T11:35:46.039000,SBX_ANAES_WAVE,volume,,,10,0.0,0.0,0.0
2026-04-22T11:35:46.039000,SBX_ANAES_WAVE,pressure,,,10,-0.14,-0.11,-0.127
2026-04-22T11:35:46.039000,SBX_ANAES_WAVE,inspExpMarker,,,0,,,
2026-04-22T11:35:46.434000,SBX_ANAES_WAVE,respGas,,,0,,,
2026-04-22T11:35:46.434000,SBX_ANAES_WAVE,respGas,,,0,,,
2026-04-22T11:35:46.434000,SBX_ANAES_WAVE,flow,,,10,0.0,0.0,0.0
2026-04-22T11:35:46.434000,SBX_ANAES_WAVE,volume,,,10,0.0,0.0,0.0
2026-04-22T11:35:46.434000,SBX_ANAES_WAVE,pressure,,,10,-0.13,-0.09,-0.11
2026-04-22T11:35:46.434000,SBX_ANAES_WAVE,inspExpMarker,,,0,,,
2026-04-22T11:35:46.925000,SBX_ANAES_WAVE,respGas,,,0,,,
2026-04-22T11:35:46.925000,SBX_ANAES_WAVE,respGas,,,0,,,
2026-04-22T11:35:46.925000,SBX_ANAES_WAVE,flow,,,10,0.0,0.0,0.0
2026-04-22T11:35:46.925000,SBX_ANAES_WAVE,volume,,,10,0.0,0.0,0.0
2026-04-22T11:35:46.925000,SBX_ANAES_WAVE,pressure,,,10,-0.13,-0.09,-0.115
2026-04-22T11:35:46.925000,SBX_ANAES_WAVE,inspExpMarker,,,0,,,
2026-04-22T11:35:47.289000,SBX_ANAES_WAVE,respGas,,,0,,,
2026-04-22T11:35:47.289000,SBX_ANAES_WAVE,respGas,,,0,,,
2026-04-22T11:35:47.289000,SBX_ANAES_WAVE,flow,,,10,0.0,0.0,0.0
2026-04-22T11:35:47.289000,SBX_ANAES_WAVE,volume,,,10,0.0,0.0,0.0
2026-04-22T11:35:47.289000,SBX_ANAES_WAVE,pressure,,,10,-0.12,-0.09,-0.098
2026-04-22T11:35:47.289000,SBX_ANAES_WAVE,inspExpMarker,,,0,,,
2026-04-22T11:35:47.642000,SBX_ANAES_WAVE,respGas,,,0,,,
2026-04-22T11:35:47.642000,SBX_ANAES_WAVE,respGas,,,0,,,
2026-04-22T11:35:47.642000,SBX_ANAES_WAVE,flow,,,10,0.0,0.0,0.0
2026-04-22T11:35:47.642000,SBX_ANAES_WAVE,volume,,,10,0.0,0.0,0.0
2026-04-22T11:35:47.642000,SBX_ANAES_WAVE,pressure,,,10,-0.1,-0.09,-0.094
2026-04-22T11:35:47.642000,SBX_ANAES_WAVE,inspExpMarker,,,0,,,
2026-04-22T11:35:48.053000,SBX_ANAES_WAVE,respGas,,,0,,,
2026-04-22T11:35:48.053000,SBX_ANAES_WAVE,respGas,,,0,,,
2026-04-22T11:35:48.053000,SBX_ANAES_WAVE,flow,,,10,0.0,0.0,0.0
2026-04-22T11:35:48.053000,SBX_ANAES_WAVE,volume,,,10,0.0,0.0,0.0
2026-04-22T11:35:48.053000,SBX_ANAES_WAVE,pressure,,,10,-0.15,-0.09,-0.116
2026-04-22T11:35:48.053000,SBX_ANAES_WAVE,inspExpMarker,,,0,,,
2026-04-22T11:35:48.434000,SBX_ANAES_WAVE,respGas,,,0,,,
2026-04-22T11:35:48.434000,SBX_ANAES_WAVE,respGas,,,0,,,
2026-04-22T11:35:48.434000,SBX_ANAES_WAVE,flow,,,10,0.0,0.0,0.0
2026-04-22T11:35:48.434000,SBX_ANAES_WAVE,volume,,,10,0.0,0.0,0.0
2026-04-22T11:35:48.434000,SBX_ANAES_WAVE,pressure,,,10,-0.17,-0.11,-0.143
2026-04-22T11:35:48.434000,SBX_ANAES_WAVE,inspExpMarker,,,0,,,
2026-04-22T11:35:48.871000,SBX_ANAES_WAVE,respGas,,,0,,,
2026-04-22T11:35:48.871000,SBX_ANAES_WAVE,respGas,,,0,,,
2026-04-22T11:35:48.871000,SBX_ANAES_WAVE,flow,,,10,0.0,0.0,0.0
2026-04-22T11:35:48.871000,SBX_ANAES_WAVE,volume,,,10,0.0,0.0,0.0
2026-04-22T11:35:48.871000,SBX_ANAES_WAVE,pressure,,,10,-0.13,-0.1,-0.112
2026-04-22T11:35:48.871000,SBX_ANAES_WAVE,inspExpMarker,,,0,,,
2026-04-22T11:35:49.291000,SBX_ANAES_WAVE,respGas,,,0,,,
2026-04-22T11:35:49.291000,SBX_ANAES_WAVE,respGas,,,0,,,
2026-04-22T11:35:49.291000,SBX_ANAES_WAVE,flow,,,10,0.0,0.0,0.0
2026-04-22T11:35:49.291000,SBX_ANAES_WAVE,volume,,,10,0.0,0.0,0.0
2026-04-22T11:35:49.291000,SBX_ANAES_WAVE,pressure,,,10,-0.15,-0.09,-0.118
2026-04-22T11:35:49.291000,SBX_ANAES_WAVE,inspExpMarker,,,0,,,
2026-04-22T11:35:49.654000,SBX_ANAES_WAVE,respGas,,,0,,,
2026-04-22T11:35:49.654000,SBX_ANAES_WAVE,respGas,,,0,,,
2026-04-22T11:35:49.654000,SBX_ANAES_WAVE,flow,,,10,0.0,0.0,0.0
2026-04-22T11:35:49.654000,SBX_ANAES_WAVE,volume,,,10,0.0,0.0,0.0
2026-04-22T11:35:49.654000,SBX_ANAES_WAVE,pressure,,,10,-0.14,-0.11,-0.126
2026-04-22T11:35:49.654000,SBX_ANAES_WAVE,inspExpMarker,,,0,,,
2026-04-22T11:35:50.105000,SBX_ANAES_WAVE,respGas,,,0,,,
2026-04-22T11:35:50.105000,SBX_ANAES_WAVE,respGas,,,0,,,
2026-04-22T11:35:50.105000,SBX_ANAES_WAVE,flow,,,10,0.0,0.0,0.0
2026-04-22T11:35:50.105000,SBX_ANAES_WAVE,volume,,,10,0.0,0.0,0.0
2026-04-22T11:35:50.105000,SBX_ANAES_WAVE,pressure,,,10,-0.13,-0.09,-0.107
2026-04-22T11:35:50.105000,SBX_ANAES_WAVE,inspExpMarker,,,0,,,
2026-04-22T11:35:50.435000,SBX_ANAES_WAVE,respGas,,,0,,,
2026-04-22T11:35:50.435000,SBX_ANAES_WAVE,respGas,,,0,,,
2026-04-22T11:35:50.435000,SBX_ANAES_WAVE,flow,,,10,0.0,0.0,0.0
2026-04-22T11:35:50.435000,SBX_ANAES_WAVE,volume,,,10,0.0,0.0,0.0
2026-04-22T11:35:50.435000,SBX_ANAES_WAVE,pressure,,,10,-0.14,-0.1,-0.116
2026-04-22T11:35:50.435000,SBX_ANAES_WAVE,inspExpMarker,,,0,,,
2026-04-22T11:35:50.834000,SBX_ANAES_WAVE,respGas,,,0,,,
2026-04-22T11:35:50.834000,SBX_ANAES_WAVE,respGas,,,0,,,
2026-04-22T11:35:50.834000,SBX_ANAES_WAVE,flow,,,10,0.0,0.0,0.0
2026-04-22T11:35:50.834000,SBX_ANAES_WAVE,volume,,,10,0.0,0.0,0.0
2026-04-22T11:35:50.834000,SBX_ANAES_WAVE,pressure,,,10,-0.14,-0.12,-0.132
2026-04-22T11:35:50.834000,SBX_ANAES_WAVE,inspExpMarker,,,0,,,
2026-04-22T11:35:51.293000,SBX_ANAES_WAVE,respGas,,,0,,,
2026-04-22T11:35:51.293000,SBX_ANAES_WAVE,respGas,,,0,,,
2026-04-22T11:35:51.293000,SBX_ANAES_WAVE,flow,,,10,0.0,0.0,0.0
2026-04-22T11:35:51.293000,SBX_ANAES_WAVE,volume,,,10,0.0,0.0,0.0
2026-04-22T11:35:51.293000,SBX_ANAES_WAVE,pressure,,,10,-0.14,-0.09,-0.127
2026-04-22T11:35:51.293000,SBX_ANAES_WAVE,inspExpMarker,,,0,,,
2026-04-22T11:35:51.634000,SBX_ANAES_WAVE,respGas,,,0,,,
2026-04-22T11:35:51.634000,SBX_ANAES_WAVE,respGas,,,0,,,
2026-04-22T11:35:51.634000,SBX_ANAES_WAVE,flow,,,10,0.0,0.0,0.0
2026-04-22T11:35:51.634000,SBX_ANAES_WAVE,volume,,,10,0.0,0.0,0.0
2026-04-22T11:35:51.634000,SBX_ANAES_WAVE,pressure,,,10,-0.09,-0.09,-0.09
2026-04-22T11:35:51.634000,SBX_ANAES_WAVE,inspExpMarker,,,0,,,
2026-04-22T11:35:52.038000,SBX_ANAES_WAVE,respGas,,,0,,,
2026-04-22T11:35:52.038000,SBX_ANAES_WAVE,respGas,,,0,,,
2026-04-22T11:35:52.038000,SBX_ANAES_WAVE,flow,,,10,0.0,0.0,0.0
2026-04-22T11:35:52.038000,SBX_ANAES_WAVE,volume,,,10,0.0,0.0,0.0
2026-04-22T11:35:52.038000,SBX_ANAES_WAVE,pressure,,,10,-0.14,-0.09,-0.119
2026-04-22T11:35:52.038000,SBX_ANAES_WAVE,inspExpMarker,,,0,,,
2026-04-22T11:35:52.434000,SBX_ANAES_WAVE,respGas,,,0,,,
2026-04-22T11:35:52.434000,SBX_ANAES_WAVE,respGas,,,0,,,
2026-04-22T11:35:52.434000,SBX_ANAES_WAVE,flow,,,10,0.0,0.0,0.0
2026-04-22T11:35:52.434000,SBX_ANAES_WAVE,volume,,,10,0.0,0.0,0.0
2026-04-22T11:35:52.434000,SBX_ANAES_WAVE,pressure,,,10,-0.12,-0.1,-0.109
2026-04-22T11:35:52.434000,SBX_ANAES_WAVE,inspExpMarker,,,0,,,
2026-04-22T11:35:52.868000,SBX_ANAES_WAVE,respGas,,,0,,,
2026-04-22T11:35:52.868000,SBX_ANAES_WAVE,respGas,,,0,,,
2026-04-22T11:35:52.868000,SBX_ANAES_WAVE,flow,,,10,0.0,0.0,0.0
2026-04-22T11:35:52.868000,SBX_ANAES_WAVE,volume,,,10,0.0,0.0,0.0
2026-04-22T11:35:52.868000,SBX_ANAES_WAVE,pressure,,,10,-0.14,-0.1,-0.126
2026-04-22T11:35:52.868000,SBX_ANAES_WAVE,inspExpMarker,,,0,,,
2026-04-22T11:35:53.310000,SBX_ANAES_WAVE,respGas,,,0,,,
2026-04-22T11:35:53.310000,SBX_ANAES_WAVE,respGas,,,0,,,
2026-04-22T11:35:53.310000,SBX_ANAES_WAVE,flow,,,10,0.0,0.0,0.0
2026-04-22T11:35:53.310000,SBX_ANAES_WAVE,volume,,,10,0.0,0.0,0.0
2026-04-22T11:35:53.310000,SBX_ANAES_WAVE,pressure,,,10,-0.14,-0.09,-0.107
2026-04-22T11:35:53.310000,SBX_ANAES_WAVE,inspExpMarker,,,0,,,
2026-04-22T11:35:53.636000,SBX_ANAES_WAVE,respGas,,,0,,,
2026-04-22T11:35:53.636000,SBX_ANAES_WAVE,respGas,,,0,,,
2026-04-22T11:35:53.636000,SBX_ANAES_WAVE,flow,,,10,0.0,0.0,0.0
2026-04-22T11:35:53.636000,SBX_ANAES_WAVE,volume,,,10,0.0,0.0,0.0
2026-04-22T11:35:53.636000,SBX_ANAES_WAVE,pressure,,,10,-0.14,-0.11,-0.125
2026-04-22T11:35:53.636000,SBX_ANAES_WAVE,inspExpMarker,,,0,,,
2026-04-22T11:35:54.034000,SBX_ANAES_WAVE,respGas,,,0,,,
2026-04-22T11:35:54.034000,SBX_ANAES_WAVE,respGas,,,0,,,
2026-04-22T11:35:54.034000,SBX_ANAES_WAVE,flow,,,10,0.0,0.0,0.0
2026-04-22T11:35:54.034000,SBX_ANAES_WAVE,volume,,,10,0.0,0.0,0.0
2026-04-22T11:35:54.034000,SBX_ANAES_WAVE,pressure,,,10,-0.14,-0.12,-0.136
2026-04-22T11:35:54.034000,SBX_ANAES_WAVE,inspExpMarker,,,0,,,
2026-04-22T11:35:54.435000,SBX_ANAES_WAVE,respGas,,,0,,,
2026-04-22T11:35:54.435000,SBX_ANAES_WAVE,respGas,,,0,,,
2026-04-22T11:35:54.435000,SBX_ANAES_WAVE,flow,,,10,0.0,0.002,0.0003
2026-04-22T11:35:54.435000,SBX_ANAES_WAVE,volume,,,10,0.0,0.0,0.0
2026-04-22T11:35:54.435000,SBX_ANAES_WAVE,pressure,,,10,-0.14,-0.12,-0.132
2026-04-22T11:35:54.435000,SBX_ANAES_WAVE,inspExpMarker,,,0,,,
2026-04-22T11:35:54.835000,SBX_ANAES_WAVE,respGas,,,0,,,
2026-04-22T11:35:54.835000,SBX_ANAES_WAVE,respGas,,,0,,,
2026-04-22T11:35:54.835000,SBX_ANAES_WAVE,flow,,,10,0.0,0.0,0.0
2026-04-22T11:35:54.835000,SBX_ANAES_WAVE,volume,,,10,0.0,0.0,0.0
2026-04-22T11:35:54.835000,SBX_ANAES_WAVE,pressure,,,10,-0.13,-0.09,-0.109
2026-04-22T11:35:54.835000,SBX_ANAES_WAVE,inspExpMarker,,,0,,,
2026-04-22T11:35:55.292000,SBX_ANAES_WAVE,respGas,,,0,,,
2026-04-22T11:35:55.292000,SBX_ANAES_WAVE,respGas,,,0,,,
2026-04-22T11:35:55.292000,SBX_ANAES_WAVE,flow,,,10,0.0,0.0,0.0
2026-04-22T11:35:55.292000,SBX_ANAES_WAVE,volume,,,10,0.0,0.0,0.0
2026-04-22T11:35:55.292000,SBX_ANAES_WAVE,pressure,,,10,-0.14,-0.1,-0.118
2026-04-22T11:35:55.292000,SBX_ANAES_WAVE,inspExpMarker,,,0,,,
2026-04-22T11:35:55.636000,SBX_ANAES_WAVE,respGas,,,0,,,
2026-04-22T11:35:55.636000,SBX_ANAES_WAVE,respGas,,,0,,,
2026-04-22T11:35:55.636000,SBX_ANAES_WAVE,flow,,,10,0.0,0.0,0.0
2026-04-22T11:35:55.636000,SBX_ANAES_WAVE,volume,,,10,0.0,0.0,0.0
2026-04-22T11:35:55.636000,SBX_ANAES_WAVE,pressure,,,10,-0.13,-0.09,-0.108
2026-04-22T11:35:55.636000,SBX_ANAES_WAVE,inspExpMarker,,,0,,,
2026-04-22T11:35:56.035000,SBX_ANAES_WAVE,respGas,,,0,,,
2026-04-22T11:35:56.035000,SBX_ANAES_WAVE,respGas,,,0,,,
2026-04-22T11:35:56.035000,SBX_ANAES_WAVE,flow,,,10,0.0,0.0,0.0
2026-04-22T11:35:56.035000,SBX_ANAES_WAVE,volume,,,10,0.0,0.0,0.0
2026-04-22T11:35:56.035000,SBX_ANAES_WAVE,pressure,,,10,-0.14,-0.1,-0.125
2026-04-22T11:35:56.035000,SBX_ANAES_WAVE,inspExpMarker,,,0,,,
2026-04-22T11:35:56.433000,SBX_ANAES_WAVE,respGas,,,0,,,
2026-04-22T11:35:56.433000,SBX_ANAES_WAVE,respGas,,,0,,,
2026-04-22T11:35:56.433000,SBX_ANAES_WAVE,flow,,,10,0.0,0.0,0.0
2026-04-22T11:35:56.433000,SBX_ANAES_WAVE,volume,,,10,0.0,0.0,0.0
2026-04-22T11:35:56.433000,SBX_ANAES_WAVE,pressure,,,10,-0.14,-0.13,-0.139
2026-04-22T11:35:56.433000,SBX_ANAES_WAVE,inspExpMarker,,,0,,,
2026-04-22T11:35:56.835000,SBX_ANAES_WAVE,respGas,,,0,,,
2026-04-22T11:35:56.835000,SBX_ANAES_WAVE,respGas,,,0,,,
2026-04-22T11:35:56.835000,SBX_ANAES_WAVE,flow,,,10,0.0,0.0,0.0
2026-04-22T11:35:56.835000,SBX_ANAES_WAVE,volume,,,10,0.0,0.0,0.0
2026-04-22T11:35:56.835000,SBX_ANAES_WAVE,pressure,,,10,-0.14,-0.12,-0.132
2026-04-22T11:35:56.835000,SBX_ANAES_WAVE,inspExpMarker,,,0,,,
2026-04-22T11:35:57.286000,SBX_ANAES_WAVE,respGas,,,0,,,
2026-04-22T11:35:57.286000,SBX_ANAES_WAVE,respGas,,,0,,,
2026-04-22T11:35:57.286000,SBX_ANAES_WAVE,flow,,,10,0.0,0.0,0.0
2026-04-22T11:35:57.286000,SBX_ANAES_WAVE,volume,,,10,0.0,0.0,0.0
2026-04-22T11:35:57.286000,SBX_ANAES_WAVE,pressure,,,10,-0.14,-0.13,-0.136
2026-04-22T11:35:57.286000,SBX_ANAES_WAVE,inspExpMarker,,,0,,,
2026-04-22T11:35:57.639000,SBX_ANAES_WAVE,respGas,,,0,,,
2026-04-22T11:35:57.639000,SBX_ANAES_WAVE,respGas,,,0,,,
2026-04-22T11:35:57.639000,SBX_ANAES_WAVE,flow,,,10,0.0,0.0,0.0
2026-04-22T11:35:57.639000,SBX_ANAES_WAVE,volume,,,10,0.0,0.0,0.0
2026-04-22T11:35:57.639000,SBX_ANAES_WAVE,pressure,,,10,-0.14,-0.12,-0.129
2026-04-22T11:35:57.639000,SBX_ANAES_WAVE,inspExpMarker,,,0,,,
2026-04-22T11:35:58.033000,SBX_ANAES_WAVE,respGas,,,0,,,
2026-04-22T11:35:58.033000,SBX_ANAES_WAVE,respGas,,,0,,,
2026-04-22T11:35:58.033000,SBX_ANAES_WAVE,flow,,,10,0.0,0.0,0.0
2026-04-22T11:35:58.033000,SBX_ANAES_WAVE,volume,,,10,0.0,0.0,0.0
2026-04-22T11:35:58.033000,SBX_ANAES_WAVE,pressure,,,10,-0.14,-0.11,-0.126
2026-04-22T11:35:58.033000,SBX_ANAES_WAVE,inspExpMarker,,,0,,,
2026-04-22T11:35:58.434000,SBX_ANAES_WAVE,respGas,,,0,,,
2026-04-22T11:35:58.434000,SBX_ANAES_WAVE,respGas,,,0,,,
2026-04-22T11:35:58.434000,SBX_ANAES_WAVE,flow,,,10,0.0,0.0,0.0
2026-04-22T11:35:58.434000,SBX_ANAES_WAVE,volume,,,10,0.0,0.0,0.0
2026-04-22T11:35:58.434000,SBX_ANAES_WAVE,pressure,,,10,-0.13,-0.1,-0.119
2026-04-22T11:35:58.434000,SBX_ANAES_WAVE,inspExpMarker,,,0,,,
2026-04-22T11:35:58.855000,SBX_ANAES_WAVE,respGas,,,0,,,
2026-04-22T11:35:58.855000,SBX_ANAES_WAVE,respGas,,,0,,,
2026-04-22T11:35:58.855000,SBX_ANAES_WAVE,flow,,,10,0.0,0.0,0.0
2026-04-22T11:35:58.855000,SBX_ANAES_WAVE,volume,,,10,0.0,0.0,0.0
2026-04-22T11:35:58.855000,SBX_ANAES_WAVE,pressure,,,10,-0.14,-0.13,-0.138
2026-04-22T11:35:58.855000,SBX_ANAES_WAVE,inspExpMarker,,,0,,,
2026-04-22T11:35:59.368000,SBX_ANAES_WAVE,respGas,,,0,,,
2026-04-22T11:35:59.368000,SBX_ANAES_WAVE,respGas,,,0,,,
2026-04-22T11:35:59.368000,SBX_ANAES_WAVE,flow,,,10,0.0,0.002,0.0002
2026-04-22T11:35:59.368000,SBX_ANAES_WAVE,volume,,,10,0.0,0.0,0.0
2026-04-22T11:35:59.368000,SBX_ANAES_WAVE,pressure,,,10,-0.14,-0.13,-0.139
2026-04-22T11:35:59.368000,SBX_ANAES_WAVE,inspExpMarker,,,0,,,
2026-04-22T11:35:59.633000,SBX_ANAES_WAVE,respGas,,,0,,,
2026-04-22T11:35:59.633000,SBX_ANAES_WAVE,respGas,,,0,,,
2026-04-22T11:35:59.633000,SBX_ANAES_WAVE,flow,,,10,0.0,0.002,0.0002
2026-04-22T11:35:59.633000,SBX_ANAES_WAVE,volume,,,10,0.0,0.0,0.0
2026-04-22T11:35:59.633000,SBX_ANAES_WAVE,pressure,,,10,-0.14,-0.13,-0.139
2026-04-22T11:35:59.633000,SBX_ANAES_WAVE,inspExpMarker,,,0,,,
2026-04-22T11:36:00.034000,SBX_ANAES_WAVE,respGas,,,0,,,
2026-04-22T11:36:00.034000,SBX_ANAES_WAVE,respGas,,,0,,,
2026-04-22T11:36:00.034000,SBX_ANAES_WAVE,flow,,,10,0.0,0.002,0.0003
2026-04-22T11:36:00.034000,SBX_ANAES_WAVE,volume,,,10,0.0,0.0,0.0
2026-04-22T11:36:00.034000,SBX_ANAES_WAVE,pressure,,,10,-0.14,-0.13,-0.139
2026-04-22T11:36:00.034000,SBX_ANAES_WAVE,inspExpMarker,,,0,,,
2026-04-22T11:36:00.433000,SBX_ANAES_WAVE,respGas,,,0,,,
2026-04-22T11:36:00.433000,SBX_ANAES_WAVE,respGas,,,0,,,
2026-04-22T11:36:00.433000,SBX_ANAES_WAVE,flow,,,10,0.0,0.0,0.0
2026-04-22T11:36:00.433000,SBX_ANAES_WAVE,volume,,,10,0.0,0.0,0.0
2026-04-22T11:36:00.433000,SBX_ANAES_WAVE,pressure,,,10,-0.14,-0.13,-0.138
2026-04-22T11:36:00.433000,SBX_ANAES_WAVE,inspExpMarker,,,0,,,
2026-04-22T11:36:00.851000,SBX_ANAES_WAVE,respGas,,,0,,,
2026-04-22T11:36:00.851000,SBX_ANAES_WAVE,respGas,,,0,,,
2026-04-22T11:36:00.851000,SBX_ANAES_WAVE,flow,,,10,0.0,0.0,0.0
2026-04-22T11:36:00.851000,SBX_ANAES_WAVE,volume,,,10,0.0,0.0,0.0
2026-04-22T11:36:00.851000,SBX_ANAES_WAVE,pressure,,,10,-0.14,-0.11,-0.133
2026-04-22T11:36:00.851000,SBX_ANAES_WAVE,inspExpMarker,,,0,,,
2026-04-22T11:36:01.296000,SBX_ANAES_WAVE,respGas,,,0,,,
2026-04-22T11:36:01.296000,SBX_ANAES_WAVE,respGas,,,0,,,
2026-04-22T11:36:01.296000,SBX_ANAES_WAVE,flow,,,10,0.0,0.0,0.0
2026-04-22T11:36:01.296000,SBX_ANAES_WAVE,volume,,,10,0.0,0.0,0.0
2026-04-22T11:36:01.296000,SBX_ANAES_WAVE,pressure,,,10,-0.14,-0.12,-0.133
2026-04-22T11:36:01.296000,SBX_ANAES_WAVE,inspExpMarker,,,0,,,
2026-04-22T11:36:01.633000,SBX_ANAES_WAVE,respGas,,,0,,,
2026-04-22T11:36:01.633000,SBX_ANAES_WAVE,respGas,,,0,,,
2026-04-22T11:36:01.633000,SBX_ANAES_WAVE,flow,,,10,0.0,0.0,0.0
2026-04-22T11:36:01.633000,SBX_ANAES_WAVE,volume,,,10,0.0,0.0,0.0
2026-04-22T11:36:01.633000,SBX_ANAES_WAVE,pressure,,,10,-0.14,-0.13,-0.139
2026-04-22T11:36:01.633000,SBX_ANAES_WAVE,inspExpMarker,,,0,,,
2026-04-22T11:36:02.034000,SBX_ANAES_WAVE,respGas,,,0,,,
2026-04-22T11:36:02.034000,SBX_ANAES_WAVE,respGas,,,0,,,
2026-04-22T11:36:02.034000,SBX_ANAES_WAVE,flow,,,10,0.0,0.0,0.0
2026-04-22T11:36:02.034000,SBX_ANAES_WAVE,volume,,,10,0.0,0.0,0.0
2026-04-22T11:36:02.034000,SBX_ANAES_WAVE,pressure,,,10,-0.14,-0.13,-0.138
2026-04-22T11:36:02.034000,SBX_ANAES_WAVE,inspExpMarker,,,0,,,
2026-04-22T11:36:02.438000,SBX_ANAES_WAVE,respGas,,,0,,,
2026-04-22T11:36:02.438000,SBX_ANAES_WAVE,respGas,,,0,,,
2026-04-22T11:36:02.438000,SBX_ANAES_WAVE,flow,,,10,0.0,0.0,0.0
2026-04-22T11:36:02.438000,SBX_ANAES_WAVE,volume,,,10,0.0,0.0,0.0
2026-04-22T11:36:02.438000,SBX_ANAES_WAVE,pressure,,,10,-0.12,-0.09,-0.111
2026-04-22T11:36:02.438000,SBX_ANAES_WAVE,inspExpMarker,,,0,,,
2026-04-22T11:36:02.886000,SBX_ANAES_WAVE,respGas,,,0,,,
2026-04-22T11:36:02.886000,SBX_ANAES_WAVE,respGas,,,0,,,
2026-04-22T11:36:02.886000,SBX_ANAES_WAVE,flow,,,10,0.0,0.0,0.0
2026-04-22T11:36:02.886000,SBX_ANAES_WAVE,volume,,,10,0.0,0.0,0.0
2026-04-22T11:36:02.886000,SBX_ANAES_WAVE,pressure,,,10,-0.17,-0.1,-0.139
2026-04-22T11:36:02.886000,SBX_ANAES_WAVE,inspExpMarker,,,0,,,
2026-04-22T11:36:03.367000,SBX_ANAES_WAVE,respGas,,,0,,,
2026-04-22T11:36:03.367000,SBX_ANAES_WAVE,respGas,,,0,,,
2026-04-22T11:36:03.367000,SBX_ANAES_WAVE,flow,,,10,0.0,0.0,0.0
2026-04-22T11:36:03.367000,SBX_ANAES_WAVE,volume,,,10,0.0,0.0,0.0
2026-04-22T11:36:03.367000,SBX_ANAES_WAVE,pressure,,,10,-0.17,-0.12,-0.148
2026-04-22T11:36:03.367000,SBX_ANAES_WAVE,inspExpMarker,,,0,,,
2026-04-22T11:36:03.636000,SBX_ANAES_WAVE,respGas,,,0,,,
2026-04-22T11:36:03.636000,SBX_ANAES_WAVE,respGas,,,0,,,
2026-04-22T11:36:03.636000,SBX_ANAES_WAVE,flow,,,10,0.0,0.0,0.0
2026-04-22T11:36:03.636000,SBX_ANAES_WAVE,volume,,,10,0.0,0.0,0.0
2026-04-22T11:36:03.636000,SBX_ANAES_WAVE,pressure,,,10,-0.17,-0.11,-0.14
2026-04-22T11:36:03.636000,SBX_ANAES_WAVE,inspExpMarker,,,0,,,
2026-04-22T11:36:04.035000,SBX_ANAES_WAVE,respGas,,,0,,,
2026-04-22T11:36:04.035000,SBX_ANAES_WAVE,respGas,,,0,,,
2026-04-22T11:36:04.035000,SBX_ANAES_WAVE,flow,,,10,0.0,0.0,0.0
2026-04-22T11:36:04.035000,SBX_ANAES_WAVE,volume,,,10,0.0,0.0,0.0
2026-04-22T11:36:04.035000,SBX_ANAES_WAVE,pressure,,,10,-0.16,-0.12,-0.137
2026-04-22T11:36:04.035000,SBX_ANAES_WAVE,inspExpMarker,,,0,,,
2026-04-22T11:36:04.433000,SBX_ANAES_WAVE,respGas,,,0,,,
2026-04-22T11:36:04.433000,SBX_ANAES_WAVE,respGas,,,0,,,
2026-04-22T11:36:04.433000,SBX_ANAES_WAVE,flow,,,10,0.0,0.0,0.0
2026-04-22T11:36:04.433000,SBX_ANAES_WAVE,volume,,,10,0.0,0.0,0.0
2026-04-22T11:36:04.433000,SBX_ANAES_WAVE,pressure,,,10,-0.18,-0.09,-0.151
2026-04-22T11:36:04.433000,SBX_ANAES_WAVE,inspExpMarker,,,0,,,
2026-04-22T11:36:04.839000,SBX_ANAES_WAVE,respGas,,,0,,,
2026-04-22T11:36:04.839000,SBX_ANAES_WAVE,respGas,,,0,,,
2026-04-22T11:36:04.839000,SBX_ANAES_WAVE,flow,,,10,0.0,0.0,0.0
2026-04-22T11:36:04.839000,SBX_ANAES_WAVE,volume,,,10,0.0,0.0,0.0
2026-04-22T11:36:04.839000,SBX_ANAES_WAVE,pressure,,,10,-0.13,-0.09,-0.106
2026-04-22T11:36:04.839000,SBX_ANAES_WAVE,inspExpMarker,,,0,,,
2026-04-22T11:36:05.291000,SBX_ANAES_WAVE,respGas,,,0,,,
2026-04-22T11:36:05.291000,SBX_ANAES_WAVE,respGas,,,0,,,
2026-04-22T11:36:05.291000,SBX_ANAES_WAVE,flow,,,10,0.0,0.0,0.0
2026-04-22T11:36:05.291000,SBX_ANAES_WAVE,volume,,,10,0.0,0.0,0.0
2026-04-22T11:36:05.291000,SBX_ANAES_WAVE,pressure,,,10,-0.12,-0.09,-0.1
2026-04-22T11:36:05.291000,SBX_ANAES_WAVE,inspExpMarker,,,0,,,
2026-04-22T11:36:05.640000,SBX_ANAES_WAVE,respGas,,,0,,,
2026-04-22T11:36:05.640000,SBX_ANAES_WAVE,respGas,,,0,,,
2026-04-22T11:36:05.640000,SBX_ANAES_WAVE,flow,,,10,0.0,0.0,0.0
2026-04-22T11:36:05.640000,SBX_ANAES_WAVE,volume,,,10,0.0,0.0,0.0
2026-04-22T11:36:05.640000,SBX_ANAES_WAVE,pressure,,,10,-0.18,-0.13,-0.163
2026-04-22T11:36:05.640000,SBX_ANAES_WAVE,inspExpMarker,,,0,,,
2026-04-22T11:36:06.033000,SBX_ANAES_WAVE,respGas,,,0,,,
2026-04-22T11:36:06.033000,SBX_ANAES_WAVE,respGas,,,0,,,
2026-04-22T11:36:06.033000,SBX_ANAES_WAVE,flow,,,10,0.0,0.0,0.0
2026-04-22T11:36:06.033000,SBX_ANAES_WAVE,volume,,,10,0.0,0.0,0.0
2026-04-22T11:36:06.033000,SBX_ANAES_WAVE,pressure,,,10,-0.18,-0.14,-0.165
2026-04-22T11:36:06.033000,SBX_ANAES_WAVE,inspExpMarker,,,0,,,
2026-04-22T11:36:06.437000,SBX_ANAES_WAVE,respGas,,,0,,,
2026-04-22T11:36:06.437000,SBX_ANAES_WAVE,respGas,,,0,,,
2026-04-22T11:36:06.437000,SBX_ANAES_WAVE,flow,,,10,0.0,0.0,0.0
2026-04-22T11:36:06.437000,SBX_ANAES_WAVE,volume,,,10,0.0,0.0,0.0
2026-04-22T11:36:06.437000,SBX_ANAES_WAVE,pressure,,,10,-0.14,-0.14,-0.14
2026-04-22T11:36:06.437000,SBX_ANAES_WAVE,inspExpMarker,,,0,,,
2026-04-22T11:36:06.833000,SBX_ANAES_WAVE,respGas,,,0,,,
2026-04-22T11:36:06.833000,SBX_ANAES_WAVE,respGas,,,0,,,
2026-04-22T11:36:06.833000,SBX_ANAES_WAVE,flow,,,10,0.0,0.0,0.0
2026-04-22T11:36:06.833000,SBX_ANAES_WAVE,volume,,,10,0.0,0.0,0.0
2026-04-22T11:36:06.833000,SBX_ANAES_WAVE,pressure,,,10,-0.14,-0.14,-0.14
2026-04-22T11:36:06.833000,SBX_ANAES_WAVE,inspExpMarker,,,0,,,
2026-04-22T11:36:07.299000,SBX_ANAES_WAVE,respGas,,,0,,,
2026-04-22T11:36:07.299000,SBX_ANAES_WAVE,respGas,,,0,,,
2026-04-22T11:36:07.299000,SBX_ANAES_WAVE,flow,,,10,0.0,0.0,0.0
2026-04-22T11:36:07.299000,SBX_ANAES_WAVE,volume,,,10,0.0,0.0,0.0
2026-04-22T11:36:07.299000,SBX_ANAES_WAVE,pressure,,,10,-0.13,-0.09,-0.095
2026-04-22T11:36:07.299000,SBX_ANAES_WAVE,inspExpMarker,,,0,,,
2026-04-22T11:36:07.633000,SBX_ANAES_WAVE,respGas,,,0,,,
2026-04-22T11:36:07.633000,SBX_ANAES_WAVE,respGas,,,0,,,
2026-04-22T11:36:07.633000,SBX_ANAES_WAVE,flow,,,10,0.0,0.0,0.0
2026-04-22T11:36:07.633000,SBX_ANAES_WAVE,volume,,,10,0.0,0.0,0.0
2026-04-22T11:36:07.633000,SBX_ANAES_WAVE,pressure,,,10,-0.14,-0.09,-0.115
2026-04-22T11:36:07.633000,SBX_ANAES_WAVE,inspExpMarker,,,0,,,
2026-04-22T11:36:08.040000,SBX_ANAES_WAVE,respGas,,,0,,,
2026-04-22T11:36:08.040000,SBX_ANAES_WAVE,respGas,,,0,,,
2026-04-22T11:36:08.040000,SBX_ANAES_WAVE,flow,,,10,0.0,0.0,0.0
2026-04-22T11:36:08.040000,SBX_ANAES_WAVE,volume,,,10,0.0,0.0,0.0
2026-04-22T11:36:08.040000,SBX_ANAES_WAVE,pressure,,,10,-0.14,-0.14,-0.14
2026-04-22T11:36:08.040000,SBX_ANAES_WAVE,inspExpMarker,,,0,,,
2026-04-22T11:36:08.440000,SBX_ANAES_WAVE,respGas,,,0,,,
2026-04-22T11:36:08.440000,SBX_ANAES_WAVE,respGas,,,0,,,
2026-04-22T11:36:08.440000,SBX_ANAES_WAVE,flow,,,10,0.0,0.001,0.0002
2026-04-22T11:36:08.440000,SBX_ANAES_WAVE,volume,,,10,0.0,0.0,0.0
2026-04-22T11:36:08.440000,SBX_ANAES_WAVE,pressure,,,10,-0.14,-0.14,-0.14
2026-04-22T11:36:08.440000,SBX_ANAES_WAVE,inspExpMarker,,,0,,,
2026-04-22T11:36:08.835000,SBX_ANAES_WAVE,respGas,,,0,,,
2026-04-22T11:36:08.835000,SBX_ANAES_WAVE,respGas,,,0,,,
2026-04-22T11:36:08.835000,SBX_ANAES_WAVE,flow,,,10,0.0,0.0,0.0
2026-04-22T11:36:08.835000,SBX_ANAES_WAVE,volume,,,10,0.0,0.0,0.0
2026-04-22T11:36:08.835000,SBX_ANAES_WAVE,pressure,,,10,-0.18,-0.13,-0.153
2026-04-22T11:36:08.835000,SBX_ANAES_WAVE,inspExpMarker,,,0,,,
2026-04-22T11:36:09.295000,SBX_ANAES_WAVE,respGas,,,0,,,
2026-04-22T11:36:09.295000,SBX_ANAES_WAVE,respGas,,,0,,,
2026-04-22T11:36:09.295000,SBX_ANAES_WAVE,flow,,,10,0.0,0.0,0.0
2026-04-22T11:36:09.295000,SBX_ANAES_WAVE,volume,,,10,0.0,0.0,0.0
2026-04-22T11:36:09.295000,SBX_ANAES_WAVE,pressure,,,10,-0.18,-0.14,-0.152
2026-04-22T11:36:09.295000,SBX_ANAES_WAVE,inspExpMarker,,,0,,,
2026-04-22T11:36:09.639000,SBX_ANAES_WAVE,respGas,,,0,,,
2026-04-22T11:36:09.639000,SBX_ANAES_WAVE,respGas,,,0,,,
2026-04-22T11:36:09.639000,SBX_ANAES_WAVE,flow,,,10,0.0,0.0,0.0
2026-04-22T11:36:09.639000,SBX_ANAES_WAVE,volume,,,10,0.0,0.0,0.0
2026-04-22T11:36:09.639000,SBX_ANAES_WAVE,pressure,,,10,-0.15,-0.09,-0.122
2026-04-22T11:36:09.639000,SBX_ANAES_WAVE,inspExpMarker,,,0,,,
2026-04-22T11:36:10.033000,SBX_ANAES_WAVE,respGas,,,0,,,
2026-04-22T11:36:10.033000,SBX_ANAES_WAVE,respGas,,,0,,,
2026-04-22T11:36:10.033000,SBX_ANAES_WAVE,flow,,,10,0.0,0.0,0.0
2026-04-22T11:36:10.033000,SBX_ANAES_WAVE,volume,,,10,0.0,0.0,0.0
2026-04-22T11:36:10.033000,SBX_ANAES_WAVE,pressure,,,10,-0.18,-0.13,-0.152
2026-04-22T11:36:10.033000,SBX_ANAES_WAVE,inspExpMarker,,,0,,,
2026-04-22T11:36:10.433000,SBX_ANAES_WAVE,respGas,,,0,,,
2026-04-22T11:36:10.433000,SBX_ANAES_WAVE,respGas,,,0,,,
2026-04-22T11:36:10.433000,SBX_ANAES_WAVE,flow,,,10,0.0,0.0,0.0
2026-04-22T11:36:10.433000,SBX_ANAES_WAVE,volume,,,10,0.0,0.0,0.0
2026-04-22T11:36:10.433000,SBX_ANAES_WAVE,pressure,,,10,-0.14,-0.12,-0.133
2026-04-22T11:36:10.433000,SBX_ANAES_WAVE,inspExpMarker,,,0,,,
2026-04-22T11:36:10.832000,SBX_ANAES_WAVE,respGas,,,0,,,
2026-04-22T11:36:10.832000,SBX_ANAES_WAVE,respGas,,,0,,,
2026-04-22T11:36:10.832000,SBX_ANAES_WAVE,flow,,,10,0.0,0.0,0.0
2026-04-22T11:36:10.832000,SBX_ANAES_WAVE,volume,,,10,0.0,0.0,0.0
2026-04-22T11:36:10.832000,SBX_ANAES_WAVE,pressure,,,10,-0.18,-0.1,-0.15
2026-04-22T11:36:10.832000,SBX_ANAES_WAVE,inspExpMarker,,,0,,,
2026-04-22T11:36:11.324000,SBX_ANAES_WAVE,respGas,,,0,,,
2026-04-22T11:36:11.324000,SBX_ANAES_WAVE,respGas,,,0,,,
2026-04-22T11:36:11.324000,SBX_ANAES_WAVE,flow,,,10,0.0,0.0,0.0
2026-04-22T11:36:11.324000,SBX_ANAES_WAVE,volume,,,10,0.0,0.0,0.0
2026-04-22T11:36:11.324000,SBX_ANAES_WAVE,pressure,,,10,-0.16,-0.11,-0.131
2026-04-22T11:36:11.324000,SBX_ANAES_WAVE,inspExpMarker,,,0,,,
2026-04-22T11:36:11.634000,SBX_ANAES_WAVE,respGas,,,0,,,
2026-04-22T11:36:11.634000,SBX_ANAES_WAVE,respGas,,,0,,,
2026-04-22T11:36:11.634000,SBX_ANAES_WAVE,flow,,,10,0.0,0.0,0.0
2026-04-22T11:36:11.634000,SBX_ANAES_WAVE,volume,,,10,0.0,0.0,0.0
2026-04-22T11:36:11.634000,SBX_ANAES_WAVE,pressure,,,10,-0.14,-0.11,-0.131
2026-04-22T11:36:11.634000,SBX_ANAES_WAVE,inspExpMarker,,,0,,,
2026-04-22T11:36:12.032000,SBX_ANAES_WAVE,respGas,,,0,,,
2026-04-22T11:36:12.032000,SBX_ANAES_WAVE,respGas,,,0,,,
2026-04-22T11:36:12.032000,SBX_ANAES_WAVE,flow,,,10,0.0,0.0,0.0
2026-04-22T11:36:12.032000,SBX_ANAES_WAVE,volume,,,10,0.0,0.0,0.0
2026-04-22T11:36:12.032000,SBX_ANAES_WAVE,pressure,,,10,-0.18,-0.13,-0.158
2026-04-22T11:36:12.032000,SBX_ANAES_WAVE,inspExpMarker,,,0,,,
2026-04-22T11:36:12.433000,SBX_ANAES_WAVE,respGas,,,0,,,
2026-04-22T11:36:12.433000,SBX_ANAES_WAVE,respGas,,,0,,,
2026-04-22T11:36:12.433000,SBX_ANAES_WAVE,flow,,,10,0.0,0.0,0.0
2026-04-22T11:36:12.433000,SBX_ANAES_WAVE,volume,,,10,0.0,0.0,0.0
2026-04-22T11:36:12.433000,SBX_ANAES_WAVE,pressure,,,10,-0.14,-0.14,-0.14
2026-04-22T11:36:12.433000,SBX_ANAES_WAVE,inspExpMarker,,,0,,,
2026-04-22T11:36:12.833000,SBX_ANAES_WAVE,respGas,,,0,,,
2026-04-22T11:36:12.833000,SBX_ANAES_WAVE,respGas,,,0,,,
2026-04-22T11:36:12.833000,SBX_ANAES_WAVE,flow,,,10,0.0,0.0,0.0
2026-04-22T11:36:12.833000,SBX_ANAES_WAVE,volume,,,10,0.0,0.0,0.0
2026-04-22T11:36:12.833000,SBX_ANAES_WAVE,pressure,,,10,-0.14,-0.11,-0.132
2026-04-22T11:36:12.833000,SBX_ANAES_WAVE,inspExpMarker,,,0,,,
2026-04-22T11:36:13.303000,SBX_ANAES_WAVE,respGas,,,0,,,
2026-04-22T11:36:13.303000,SBX_ANAES_WAVE,respGas,,,0,,,
2026-04-22T11:36:13.303000,SBX_ANAES_WAVE,flow,,,10,0.0,0.0,0.0
2026-04-22T11:36:13.303000,SBX_ANAES_WAVE,volume,,,10,0.0,0.0,0.0
2026-04-22T11:36:13.303000,SBX_ANAES_WAVE,pressure,,,10,-0.17,-0.14,-0.15
2026-04-22T11:36:13.303000,SBX_ANAES_WAVE,inspExpMarker,,,0,,,
2026-04-22T11:36:13.633000,SBX_ANAES_WAVE,respGas,,,0,,,
2026-04-22T11:36:13.633000,SBX_ANAES_WAVE,respGas,,,0,,,
2026-04-22T11:36:13.633000,SBX_ANAES_WAVE,flow,,,10,0.0,0.0,0.0
2026-04-22T11:36:13.633000,SBX_ANAES_WAVE,volume,,,10,0.0,0.0,0.0
2026-04-22T11:36:13.633000,SBX_ANAES_WAVE,pressure,,,10,-0.18,-0.17,-0.178
2026-04-22T11:36:13.633000,SBX_ANAES_WAVE,inspExpMarker,,,0,,,
2026-04-22T11:36:14.098000,SBX_ANAES_WAVE,respGas,,,0,,,
2026-04-22T11:36:14.098000,SBX_ANAES_WAVE,respGas,,,0,,,
2026-04-22T11:36:14.098000,SBX_ANAES_WAVE,flow,,,10,0.0,0.0,0.0
2026-04-22T11:36:14.098000,SBX_ANAES_WAVE,volume,,,10,0.0,0.0,0.0
2026-04-22T11:36:14.098000,SBX_ANAES_WAVE,pressure,,,10,-0.15,-0.14,-0.141
2026-04-22T11:36:14.098000,SBX_ANAES_WAVE,inspExpMarker,,,0,,,
2026-04-22T11:36:14.436000,SBX_ANAES_WAVE,respGas,,,0,,,
2026-04-22T11:36:14.436000,SBX_ANAES_WAVE,respGas,,,0,,,
2026-04-22T11:36:14.436000,SBX_ANAES_WAVE,flow,,,10,0.0,0.0,0.0
2026-04-22T11:36:14.436000,SBX_ANAES_WAVE,volume,,,10,0.0,0.0,0.0
2026-04-22T11:36:14.436000,SBX_ANAES_WAVE,pressure,,,10,-0.14,-0.13,-0.138
2026-04-22T11:36:14.436000,SBX_ANAES_WAVE,inspExpMarker,,,0,,,
2026-04-22T11:36:14.832000,SBX_ANAES_WAVE,respGas,,,0,,,
2026-04-22T11:36:14.832000,SBX_ANAES_WAVE,respGas,,,0,,,
2026-04-22T11:36:14.832000,SBX_ANAES_WAVE,flow,,,10,0.0,0.0,0.0
2026-04-22T11:36:14.832000,SBX_ANAES_WAVE,volume,,,10,0.0,0.0,0.0
2026-04-22T11:36:14.832000,SBX_ANAES_WAVE,pressure,,,10,-0.14,-0.13,-0.136
2026-04-22T11:36:14.832000,SBX_ANAES_WAVE,inspExpMarker,,,0,,,
2026-04-22T11:36:15.336000,SBX_ANAES_WAVE,respGas,,,0,,,
2026-04-22T11:36:15.336000,SBX_ANAES_WAVE,respGas,,,0,,,
2026-04-22T11:36:15.336000,SBX_ANAES_WAVE,flow,,,10,0.0,0.0,0.0
2026-04-22T11:36:15.336000,SBX_ANAES_WAVE,volume,,,10,0.0,0.0,0.0
2026-04-22T11:36:15.336000,SBX_ANAES_WAVE,pressure,,,10,-0.14,-0.13,-0.139
2026-04-22T11:36:15.336000,SBX_ANAES_WAVE,inspExpMarker,,,0,,,
2026-04-22T11:36:15.632000,SBX_ANAES_WAVE,respGas,,,0,,,
2026-04-22T11:36:15.632000,SBX_ANAES_WAVE,respGas,,,0,,,
2026-04-22T11:36:15.632000,SBX_ANAES_WAVE,flow,,,10,0.0,0.0,0.0
2026-04-22T11:36:15.632000,SBX_ANAES_WAVE,volume,,,10,0.0,0.0,0.0
2026-04-22T11:36:15.632000,SBX_ANAES_WAVE,pressure,,,10,-0.17,-0.14,-0.145
2026-04-22T11:36:15.632000,SBX_ANAES_WAVE,inspExpMarker,,,0,,,
2026-04-22T11:36:16.034000,SBX_ANAES_WAVE,respGas,,,0,,,
2026-04-22T11:36:16.034000,SBX_ANAES_WAVE,respGas,,,0,,,
2026-04-22T11:36:16.034000,SBX_ANAES_WAVE,flow,,,10,0.0,0.0,0.0
2026-04-22T11:36:16.034000,SBX_ANAES_WAVE,volume,,,10,0.0,0.0,0.0
2026-04-22T11:36:16.034000,SBX_ANAES_WAVE,pressure,,,10,-0.17,-0.14,-0.147
2026-04-22T11:36:16.034000,SBX_ANAES_WAVE,inspExpMarker,,,0,,,
2026-04-22T11:36:16.443000,SBX_ANAES_WAVE,respGas,,,0,,,
2026-04-22T11:36:16.443000,SBX_ANAES_WAVE,respGas,,,0,,,
2026-04-22T11:36:16.443000,SBX_ANAES_WAVE,flow,,,10,0.0,0.0,0.0
2026-04-22T11:36:16.443000,SBX_ANAES_WAVE,volume,,,10,0.0,0.0,0.0
2026-04-22T11:36:16.443000,SBX_ANAES_WAVE,pressure,,,10,-0.16,-0.11,-0.133
2026-04-22T11:36:16.443000,SBX_ANAES_WAVE,inspExpMarker,,,0,,,
2026-04-22T11:36:16.832000,SBX_ANAES_WAVE,respGas,,,0,,,
2026-04-22T11:36:16.832000,SBX_ANAES_WAVE,respGas,,,0,,,
2026-04-22T11:36:16.832000,SBX_ANAES_WAVE,flow,,,10,0.0,0.0,0.0
2026-04-22T11:36:16.832000,SBX_ANAES_WAVE,volume,,,10,0.0,0.0,0.0
2026-04-22T11:36:16.832000,SBX_ANAES_WAVE,pressure,,,10,-0.18,-0.09,-0.137
2026-04-22T11:36:16.832000,SBX_ANAES_WAVE,inspExpMarker,,,0,,,
2026-04-22T11:36:17.327000,SBX_ANAES_WAVE,respGas,,,0,,,
2026-04-22T11:36:17.327000,SBX_ANAES_WAVE,respGas,,,0,,,
2026-04-22T11:36:17.327000,SBX_ANAES_WAVE,flow,,,10,0.0,0.0,0.0
2026-04-22T11:36:17.327000,SBX_ANAES_WAVE,volume,,,10,0.0,0.0,0.0
2026-04-22T11:36:17.327000,SBX_ANAES_WAVE,pressure,,,10,-0.14,-0.1,-0.119
2026-04-22T11:36:17.327000,SBX_ANAES_WAVE,inspExpMarker,,,0,,,
2026-04-22T11:36:17.636000,SBX_ANAES_WAVE,respGas,,,0,,,
2026-04-22T11:36:17.636000,SBX_ANAES_WAVE,respGas,,,0,,,
2026-04-22T11:36:17.636000,SBX_ANAES_WAVE,flow,,,10,0.0,0.0,0.0
2026-04-22T11:36:17.636000,SBX_ANAES_WAVE,volume,,,10,0.0,0.0,0.0
2026-04-22T11:36:17.636000,SBX_ANAES_WAVE,pressure,,,10,-0.14,-0.12,-0.133
2026-04-22T11:36:17.636000,SBX_ANAES_WAVE,inspExpMarker,,,0,,,
2026-04-22T11:36:18.057000,SBX_ANAES_WAVE,respGas,,,0,,,
2026-04-22T11:36:18.057000,SBX_ANAES_WAVE,respGas,,,0,,,
2026-04-22T11:36:18.057000,SBX_ANAES_WAVE,flow,,,10,0.0,0.0,0.0
2026-04-22T11:36:18.057000,SBX_ANAES_WAVE,volume,,,10,0.0,0.0,0.0
2026-04-22T11:36:18.057000,SBX_ANAES_WAVE,pressure,,,10,-0.14,-0.13,-0.135
2026-04-22T11:36:18.057000,SBX_ANAES_WAVE,inspExpMarker,,,0,,,
2026-04-22T11:36:18.437000,SBX_ANAES_WAVE,respGas,,,0,,,
2026-04-22T11:36:18.437000,SBX_ANAES_WAVE,respGas,,,0,,,
2026-04-22T11:36:18.437000,SBX_ANAES_WAVE,flow,,,10,0.0,0.0,0.0
2026-04-22T11:36:18.437000,SBX_ANAES_WAVE,volume,,,10,0.0,0.0,0.0
2026-04-22T11:36:18.437000,SBX_ANAES_WAVE,pressure,,,10,-0.18,-0.14,-0.161
2026-04-22T11:36:18.437000,SBX_ANAES_WAVE,inspExpMarker,,,0,,,
2026-04-22T11:36:18.840000,SBX_ANAES_WAVE,respGas,,,0,,,
2026-04-22T11:36:18.840000,SBX_ANAES_WAVE,respGas,,,0,,,
2026-04-22T11:36:18.840000,SBX_ANAES_WAVE,flow,,,10,0.0,0.0,0.0
2026-04-22T11:36:18.840000,SBX_ANAES_WAVE,volume,,,10,0.0,0.0,0.0
2026-04-22T11:36:18.840000,SBX_ANAES_WAVE,pressure,,,10,-0.14,-0.13,-0.133
2026-04-22T11:36:18.840000,SBX_ANAES_WAVE,inspExpMarker,,,0,,,
2026-04-22T11:36:19.342000,SBX_ANAES_WAVE,respGas,,,0,,,
2026-04-22T11:36:19.342000,SBX_ANAES_WAVE,respGas,,,0,,,
2026-04-22T11:36:19.342000,SBX_ANAES_WAVE,flow,,,10,0.0,0.0,0.0
2026-04-22T11:36:19.342000,SBX_ANAES_WAVE,volume,,,10,0.0,0.0,0.0
2026-04-22T11:36:19.342000,SBX_ANAES_WAVE,pressure,,,10,-0.18,-0.14,-0.165
2026-04-22T11:36:19.342000,SBX_ANAES_WAVE,inspExpMarker,,,0,,,
2026-04-22T11:36:19.632000,SBX_ANAES_WAVE,respGas,,,0,,,
2026-04-22T11:36:19.632000,SBX_ANAES_WAVE,respGas,,,0,,,
2026-04-22T11:36:19.632000,SBX_ANAES_WAVE,flow,,,10,0.0,0.0,0.0
2026-04-22T11:36:19.632000,SBX_ANAES_WAVE,volume,,,10,0.0,0.0,0.0
2026-04-22T11:36:19.632000,SBX_ANAES_WAVE,pressure,,,10,-0.14,-0.09,-0.133
2026-04-22T11:36:19.632000,SBX_ANAES_WAVE,inspExpMarker,,,0,,,
2026-04-22T11:36:20.049000,SBX_ANAES_WAVE,respGas,,,0,,,
2026-04-22T11:36:20.049000,SBX_ANAES_WAVE,respGas,,,0,,,
2026-04-22T11:36:20.049000,SBX_ANAES_WAVE,flow,,,10,0.0,0.0,0.0
2026-04-22T11:36:20.049000,SBX_ANAES_WAVE,volume,,,10,0.0,0.0,0.0
2026-04-22T11:36:20.049000,SBX_ANAES_WAVE,pressure,,,10,-0.18,-0.09,-0.141
2026-04-22T11:36:20.049000,SBX_ANAES_WAVE,inspExpMarker,,,0,,,
2026-04-22T11:36:20.433000,SBX_ANAES_WAVE,respGas,,,0,,,
2026-04-22T11:36:20.433000,SBX_ANAES_WAVE,respGas,,,0,,,
2026-04-22T11:36:20.433000,SBX_ANAES_WAVE,flow,,,10,0.0,0.0,0.0
2026-04-22T11:36:20.433000,SBX_ANAES_WAVE,volume,,,10,0.0,0.0,0.0
2026-04-22T11:36:20.433000,SBX_ANAES_WAVE,pressure,,,10,-0.18,-0.14,-0.151
2026-04-22T11:36:20.433000,SBX_ANAES_WAVE,inspExpMarker,,,0,,,
2026-04-22T11:36:20.831000,SBX_ANAES_WAVE,respGas,,,0,,,
2026-04-22T11:36:20.831000,SBX_ANAES_WAVE,respGas,,,0,,,
2026-04-22T11:36:20.831000,SBX_ANAES_WAVE,flow,,,10,0.0,0.0,0.0
2026-04-22T11:36:20.831000,SBX_ANAES_WAVE,volume,,,10,0.0,0.0,0.0
2026-04-22T11:36:20.831000,SBX_ANAES_WAVE,pressure,,,10,-0.18,-0.14,-0.153
2026-04-22T11:36:20.831000,SBX_ANAES_WAVE,inspExpMarker,,,0,,,
2026-04-22T11:36:21.283000,SBX_ANAES_WAVE,respGas,,,0,,,
2026-04-22T11:36:21.283000,SBX_ANAES_WAVE,respGas,,,0,,,
2026-04-22T11:36:21.283000,SBX_ANAES_WAVE,flow,,,10,0.0,0.0,0.0
2026-04-22T11:36:21.283000,SBX_ANAES_WAVE,volume,,,10,0.0,0.0,0.0
2026-04-22T11:36:21.283000,SBX_ANAES_WAVE,pressure,,,10,-0.14,-0.14,-0.14
2026-04-22T11:36:21.283000,SBX_ANAES_WAVE,inspExpMarker,,,0,,,
2026-04-22T11:36:21.632000,SBX_ANAES_WAVE,respGas,,,0,,,
2026-04-22T11:36:21.632000,SBX_ANAES_WAVE,respGas,,,0,,,
2026-04-22T11:36:21.632000,SBX_ANAES_WAVE,flow,,,10,0.0,0.0,0.0
2026-04-22T11:36:21.632000,SBX_ANAES_WAVE,volume,,,10,0.0,0.0,0.0
2026-04-22T11:36:21.632000,SBX_ANAES_WAVE,pressure,,,10,-0.18,-0.14,-0.166
2026-04-22T11:36:21.632000,SBX_ANAES_WAVE,inspExpMarker,,,0,,,
2026-04-22T11:36:22.033000,SBX_ANAES_WAVE,respGas,,,0,,,
2026-04-22T11:36:22.033000,SBX_ANAES_WAVE,respGas,,,0,,,
2026-04-22T11:36:22.033000,SBX_ANAES_WAVE,flow,,,10,0.0,0.0,0.0
2026-04-22T11:36:22.033000,SBX_ANAES_WAVE,volume,,,10,0.0,0.0,0.0
2026-04-22T11:36:22.033000,SBX_ANAES_WAVE,pressure,,,10,-0.18,-0.14,-0.169
2026-04-22T11:36:22.033000,SBX_ANAES_WAVE,inspExpMarker,,,0,,,
2026-04-22T11:36:22.432000,SBX_ANAES_WAVE,respGas,,,0,,,
2026-04-22T11:36:22.432000,SBX_ANAES_WAVE,respGas,,,0,,,
2026-04-22T11:36:22.432000,SBX_ANAES_WAVE,flow,,,10,0.0,0.0,0.0
2026-04-22T11:36:22.432000,SBX_ANAES_WAVE,volume,,,10,0.0,0.0,0.0
2026-04-22T11:36:22.432000,SBX_ANAES_WAVE,pressure,,,10,-0.18,-0.14,-0.162
2026-04-22T11:36:22.432000,SBX_ANAES_WAVE,inspExpMarker,,,0,,,
2026-04-22T11:36:22.832000,SBX_ANAES_WAVE,respGas,,,0,,,
2026-04-22T11:36:22.832000,SBX_ANAES_WAVE,respGas,,,0,,,
2026-04-22T11:36:22.832000,SBX_ANAES_WAVE,flow,,,10,0.0,0.0,0.0
2026-04-22T11:36:22.832000,SBX_ANAES_WAVE,volume,,,10,0.0,0.0,0.0
2026-04-22T11:36:22.832000,SBX_ANAES_WAVE,pressure,,,10,-0.18,-0.14,-0.168
2026-04-22T11:36:22.832000,SBX_ANAES_WAVE,inspExpMarker,,,0,,,
2026-04-22T11:36:23.295000,SBX_ANAES_WAVE,respGas,,,0,,,
2026-04-22T11:36:23.295000,SBX_ANAES_WAVE,respGas,,,0,,,
2026-04-22T11:36:23.295000,SBX_ANAES_WAVE,flow,,,10,0.0,0.001,0.0002
2026-04-22T11:36:23.295000,SBX_ANAES_WAVE,volume,,,10,0.0,0.0,0.0
2026-04-22T11:36:23.295000,SBX_ANAES_WAVE,pressure,,,10,-0.14,-0.12,-0.128
2026-04-22T11:36:23.295000,SBX_ANAES_WAVE,inspExpMarker,,,0,,,
2026-04-22T11:36:23.633000,SBX_ANAES_WAVE,respGas,,,0,,,
2026-04-22T11:36:23.633000,SBX_ANAES_WAVE,respGas,,,0,,,
2026-04-22T11:36:23.633000,SBX_ANAES_WAVE,flow,,,10,0.0,0.0,0.0
2026-04-22T11:36:23.633000,SBX_ANAES_WAVE,volume,,,10,0.0,0.0,0.0
2026-04-22T11:36:23.633000,SBX_ANAES_WAVE,pressure,,,10,-0.18,-0.14,-0.167
2026-04-22T11:36:23.633000,SBX_ANAES_WAVE,inspExpMarker,,,0,,,
2026-04-22T11:36:24.036000,SBX_ANAES_WAVE,respGas,,,0,,,
2026-04-22T11:36:24.036000,SBX_ANAES_WAVE,respGas,,,0,,,
2026-04-22T11:36:24.036000,SBX_ANAES_WAVE,flow,,,10,0.0,0.0,0.0
2026-04-22T11:36:24.036000,SBX_ANAES_WAVE,volume,,,10,0.0,0.0,0.0
2026-04-22T11:36:24.036000,SBX_ANAES_WAVE,pressure,,,10,-0.18,-0.17,-0.174
2026-04-22T11:36:24.036000,SBX_ANAES_WAVE,inspExpMarker,,,0,,,
2026-04-22T11:36:24.432000,SBX_ANAES_WAVE,respGas,,,0,,,
2026-04-22T11:36:24.432000,SBX_ANAES_WAVE,respGas,,,0,,,
2026-04-22T11:36:24.432000,SBX_ANAES_WAVE,flow,,,10,0.0,0.0,0.0
2026-04-22T11:36:24.432000,SBX_ANAES_WAVE,volume,,,10,0.0,0.0,0.0
2026-04-22T11:36:24.432000,SBX_ANAES_WAVE,pressure,,,10,-0.18,-0.16,-0.171
2026-04-22T11:36:24.432000,SBX_ANAES_WAVE,inspExpMarker,,,0,,,
2026-04-22T11:36:24.836000,SBX_ANAES_WAVE,respGas,,,0,,,
2026-04-22T11:36:24.836000,SBX_ANAES_WAVE,respGas,,,0,,,
2026-04-22T11:36:24.836000,SBX_ANAES_WAVE,flow,,,10,0.0,0.0,0.0
2026-04-22T11:36:24.836000,SBX_ANAES_WAVE,volume,,,10,0.0,0.0,0.0
2026-04-22T11:36:24.836000,SBX_ANAES_WAVE,pressure,,,10,-0.18,-0.14,-0.162
2026-04-22T11:36:24.836000,SBX_ANAES_WAVE,inspExpMarker,,,0,,,
2026-04-22T11:36:25.282000,SBX_ANAES_WAVE,respGas,,,0,,,
2026-04-22T11:36:25.282000,SBX_ANAES_WAVE,respGas,,,0,,,
2026-04-22T11:36:25.282000,SBX_ANAES_WAVE,flow,,,10,0.0,0.0,0.0
2026-04-22T11:36:25.282000,SBX_ANAES_WAVE,volume,,,10,0.0,0.0,0.0
2026-04-22T11:36:25.282000,SBX_ANAES_WAVE,pressure,,,10,-0.14,-0.13,-0.139
2026-04-22T11:36:25.282000,SBX_ANAES_WAVE,inspExpMarker,,,0,,,
2026-04-22T11:36:25.639000,SBX_ANAES_WAVE,respGas,,,0,,,
2026-04-22T11:36:25.639000,SBX_ANAES_WAVE,respGas,,,0,,,
2026-04-22T11:36:25.639000,SBX_ANAES_WAVE,flow,,,10,0.0,0.0,0.0
2026-04-22T11:36:25.639000,SBX_ANAES_WAVE,volume,,,10,0.0,0.0,0.0
2026-04-22T11:36:25.639000,SBX_ANAES_WAVE,pressure,,,10,-0.14,-0.1,-0.121
2026-04-22T11:36:25.639000,SBX_ANAES_WAVE,inspExpMarker,,,0,,,
2026-04-22T11:36:26.050000,SBX_ANAES_WAVE,respGas,,,0,,,
2026-04-22T11:36:26.050000,SBX_ANAES_WAVE,respGas,,,0,,,
2026-04-22T11:36:26.050000,SBX_ANAES_WAVE,flow,,,10,0.0,0.0,0.0
2026-04-22T11:36:26.050000,SBX_ANAES_WAVE,volume,,,10,0.0,0.0,0.0
2026-04-22T11:36:26.050000,SBX_ANAES_WAVE,pressure,,,10,-0.16,-0.11,-0.138
2026-04-22T11:36:26.050000,SBX_ANAES_WAVE,inspExpMarker,,,0,,,
2026-04-22T11:36:26.432000,SBX_ANAES_WAVE,respGas,,,0,,,
2026-04-22T11:36:26.432000,SBX_ANAES_WAVE,respGas,,,0,,,
2026-04-22T11:36:26.432000,SBX_ANAES_WAVE,flow,,,10,0.0,0.0,0.0
2026-04-22T11:36:26.432000,SBX_ANAES_WAVE,volume,,,10,0.0,0.0,0.0
2026-04-22T11:36:26.432000,SBX_ANAES_WAVE,pressure,,,10,-0.18,-0.13,-0.157
2026-04-22T11:36:26.432000,SBX_ANAES_WAVE,inspExpMarker,,,0,,,
2026-04-22T11:36:26.832000,SBX_ANAES_WAVE,respGas,,,0,,,
2026-04-22T11:36:26.832000,SBX_ANAES_WAVE,respGas,,,0,,,
2026-04-22T11:36:26.832000,SBX_ANAES_WAVE,flow,,,10,0.0,0.0,0.0
2026-04-22T11:36:26.832000,SBX_ANAES_WAVE,volume,,,10,0.0,0.0,0.0
2026-04-22T11:36:26.832000,SBX_ANAES_WAVE,pressure,,,10,-0.14,-0.12,-0.133
2026-04-22T11:36:26.832000,SBX_ANAES_WAVE,inspExpMarker,,,0,,,
2026-04-22T11:36:27.320000,SBX_ANAES_WAVE,respGas,,,0,,,
2026-04-22T11:36:27.320000,SBX_ANAES_WAVE,respGas,,,0,,,
2026-04-22T11:36:27.320000,SBX_ANAES_WAVE,flow,,,10,0.0,0.0,0.0
2026-04-22T11:36:27.320000,SBX_ANAES_WAVE,volume,,,10,0.0,0.0,0.0
2026-04-22T11:36:27.320000,SBX_ANAES_WAVE,pressure,,,10,-0.18,-0.13,-0.159
2026-04-22T11:36:27.320000,SBX_ANAES_WAVE,inspExpMarker,,,0,,,
2026-04-22T11:36:27.634000,SBX_ANAES_WAVE,respGas,,,0,,,
2026-04-22T11:36:27.634000,SBX_ANAES_WAVE,respGas,,,0,,,
2026-04-22T11:36:27.634000,SBX_ANAES_WAVE,flow,,,10,0.0,0.0,0.0
2026-04-22T11:36:27.634000,SBX_ANAES_WAVE,volume,,,10,0.0,0.0,0.0
2026-04-22T11:36:27.634000,SBX_ANAES_WAVE,pressure,,,10,-0.16,-0.1,-0.128
2026-04-22T11:36:27.634000,SBX_ANAES_WAVE,inspExpMarker,,,0,,,
2026-04-22T11:36:28.034000,SBX_ANAES_WAVE,respGas,,,0,,,
2026-04-22T11:36:28.034000,SBX_ANAES_WAVE,respGas,,,0,,,
2026-04-22T11:36:28.034000,SBX_ANAES_WAVE,flow,,,10,0.0,0.0,0.0
2026-04-22T11:36:28.034000,SBX_ANAES_WAVE,volume,,,10,0.0,0.0,0.0
2026-04-22T11:36:28.034000,SBX_ANAES_WAVE,pressure,,,10,-0.17,-0.15,-0.163
2026-04-22T11:36:28.034000,SBX_ANAES_WAVE,inspExpMarker,,,0,,,
2026-04-22T11:36:28.432000,SBX_ANAES_WAVE,respGas,,,0,,,
2026-04-22T11:36:28.432000,SBX_ANAES_WAVE,respGas,,,0,,,
2026-04-22T11:36:28.432000,SBX_ANAES_WAVE,flow,,,10,0.0,0.0,0.0
2026-04-22T11:36:28.432000,SBX_ANAES_WAVE,volume,,,10,0.0,0.0,0.0
2026-04-22T11:36:28.432000,SBX_ANAES_WAVE,pressure,,,10,-0.18,-0.13,-0.158
2026-04-22T11:36:28.432000,SBX_ANAES_WAVE,inspExpMarker,,,0,,,
2026-04-22T11:36:28.833000,SBX_ANAES_WAVE,respGas,,,0,,,
2026-04-22T11:36:28.833000,SBX_ANAES_WAVE,respGas,,,0,,,
2026-04-22T11:36:28.833000,SBX_ANAES_WAVE,flow,,,10,0.0,0.0,0.0
2026-04-22T11:36:28.833000,SBX_ANAES_WAVE,volume,,,10,0.0,0.0,0.0
2026-04-22T11:36:28.833000,SBX_ANAES_WAVE,pressure,,,10,-0.14,-0.1,-0.129
2026-04-22T11:36:28.833000,SBX_ANAES_WAVE,inspExpMarker,,,0,,,
2026-04-22T11:36:29.385000,SBX_ANAES_WAVE,respGas,,,0,,,
2026-04-22T11:36:29.385000,SBX_ANAES_WAVE,respGas,,,0,,,
2026-04-22T11:36:29.385000,SBX_ANAES_WAVE,flow,,,10,0.0,0.0,0.0
2026-04-22T11:36:29.385000,SBX_ANAES_WAVE,volume,,,10,0.0,0.0,0.0
2026-04-22T11:36:29.385000,SBX_ANAES_WAVE,pressure,,,10,-0.18,-0.16,-0.175
2026-04-22T11:36:29.385000,SBX_ANAES_WAVE,inspExpMarker,,,0,,,
2026-04-22T11:36:29.667000,SBX_ANAES_WAVE,respGas,,,0,,,
2026-04-22T11:36:29.667000,SBX_ANAES_WAVE,respGas,,,0,,,
2026-04-22T11:36:29.667000,SBX_ANAES_WAVE,flow,,,10,0.0,0.0,0.0
2026-04-22T11:36:29.667000,SBX_ANAES_WAVE,volume,,,10,0.0,0.0,0.0
2026-04-22T11:36:29.667000,SBX_ANAES_WAVE,pressure,,,10,-0.18,-0.13,-0.15
2026-04-22T11:36:29.667000,SBX_ANAES_WAVE,inspExpMarker,,,0,,,
2026-04-22T11:36:30.035000,SBX_ANAES_WAVE,respGas,,,0,,,
2026-04-22T11:36:30.035000,SBX_ANAES_WAVE,respGas,,,0,,,
2026-04-22T11:36:30.035000,SBX_ANAES_WAVE,flow,,,10,0.0,0.0,0.0
2026-04-22T11:36:30.035000,SBX_ANAES_WAVE,volume,,,10,0.0,0.0,0.0
2026-04-22T11:36:30.035000,SBX_ANAES_WAVE,pressure,,,10,-0.14,-0.13,-0.137
2026-04-22T11:36:30.035000,SBX_ANAES_WAVE,inspExpMarker,,,0,,,
2026-04-22T11:36:30.436000,SBX_ANAES_WAVE,respGas,,,0,,,
2026-04-22T11:36:30.436000,SBX_ANAES_WAVE,respGas,,,0,,,
2026-04-22T11:36:30.436000,SBX_ANAES_WAVE,flow,,,10,0.0,0.0,0.0
2026-04-22T11:36:30.436000,SBX_ANAES_WAVE,volume,,,10,0.0,0.0,0.0
2026-04-22T11:36:30.436000,SBX_ANAES_WAVE,pressure,,,10,-0.14,-0.11,-0.134
2026-04-22T11:36:30.436000,SBX_ANAES_WAVE,inspExpMarker,,,0,,,
2026-04-22T11:36:30.831000,SBX_ANAES_WAVE,respGas,,,0,,,
2026-04-22T11:36:30.831000,SBX_ANAES_WAVE,respGas,,,0,,,
2026-04-22T11:36:30.831000,SBX_ANAES_WAVE,flow,,,10,0.0,0.0,0.0
2026-04-22T11:36:30.831000,SBX_ANAES_WAVE,volume,,,10,0.0,0.0,0.0
2026-04-22T11:36:30.831000,SBX_ANAES_WAVE,pressure,,,10,-0.18,-0.11,-0.155
2026-04-22T11:36:30.831000,SBX_ANAES_WAVE,inspExpMarker,,,0,,,
2026-04-22T11:36:31.350000,SBX_ANAES_WAVE,respGas,,,0,,,
2026-04-22T11:36:31.350000,SBX_ANAES_WAVE,respGas,,,0,,,
2026-04-22T11:36:31.350000,SBX_ANAES_WAVE,flow,,,10,0.0,0.0,0.0
2026-04-22T11:36:31.350000,SBX_ANAES_WAVE,volume,,,10,0.0,0.0,0.0
2026-04-22T11:36:31.350000,SBX_ANAES_WAVE,pressure,,,10,-0.14,-0.13,-0.137
2026-04-22T11:36:31.350000,SBX_ANAES_WAVE,inspExpMarker,,,0,,,
2026-04-22T11:36:31.634000,SBX_ANAES_WAVE,respGas,,,0,,,
2026-04-22T11:36:31.634000,SBX_ANAES_WAVE,respGas,,,0,,,
2026-04-22T11:36:31.634000,SBX_ANAES_WAVE,flow,,,10,0.0,0.0,0.0
2026-04-22T11:36:31.634000,SBX_ANAES_WAVE,volume,,,10,0.0,0.0,0.0
2026-04-22T11:36:31.634000,SBX_ANAES_WAVE,pressure,,,10,-0.18,-0.14,-0.164
2026-04-22T11:36:31.634000,SBX_ANAES_WAVE,inspExpMarker,,,0,,,
2026-04-22T11:36:32.111000,SBX_ANAES_WAVE,respGas,,,0,,,
2026-04-22T11:36:32.111000,SBX_ANAES_WAVE,respGas,,,0,,,
2026-04-22T11:36:32.111000,SBX_ANAES_WAVE,flow,,,10,0.0,0.0,0.0
2026-04-22T11:36:32.111000,SBX_ANAES_WAVE,volume,,,10,0.0,0.0,0.0
2026-04-22T11:36:32.111000,SBX_ANAES_WAVE,pressure,,,10,-0.14,-0.14,-0.14
2026-04-22T11:36:32.111000,SBX_ANAES_WAVE,inspExpMarker,,,0,,,
2026-04-22T11:36:32.439000,SBX_ANAES_WAVE,respGas,,,0,,,
2026-04-22T11:36:32.439000,SBX_ANAES_WAVE,respGas,,,0,,,
2026-04-22T11:36:32.439000,SBX_ANAES_WAVE,flow,,,10,0.0,0.0,0.0
2026-04-22T11:36:32.439000,SBX_ANAES_WAVE,volume,,,10,0.0,0.0,0.0
2026-04-22T11:36:32.439000,SBX_ANAES_WAVE,pressure,,,10,-0.18,-0.14,-0.166
2026-04-22T11:36:32.439000,SBX_ANAES_WAVE,inspExpMarker,,,0,,,
2026-04-22T11:36:32.835000,SBX_ANAES_WAVE,respGas,,,0,,,
2026-04-22T11:36:32.835000,SBX_ANAES_WAVE,respGas,,,0,,,
2026-04-22T11:36:32.835000,SBX_ANAES_WAVE,flow,,,10,0.0,0.0,0.0
2026-04-22T11:36:32.835000,SBX_ANAES_WAVE,volume,,,10,0.0,0.0,0.0
2026-04-22T11:36:32.835000,SBX_ANAES_WAVE,pressure,,,10,-0.14,-0.13,-0.139
2026-04-22T11:36:32.835000,SBX_ANAES_WAVE,inspExpMarker,,,0,,,
2026-04-22T11:36:33.291000,SBX_ANAES_WAVE,respGas,,,0,,,
2026-04-22T11:36:33.291000,SBX_ANAES_WAVE,respGas,,,0,,,
2026-04-22T11:36:33.291000,SBX_ANAES_WAVE,flow,,,10,0.0,0.0,0.0
2026-04-22T11:36:33.291000,SBX_ANAES_WAVE,volume,,,10,0.0,0.0,0.0
2026-04-22T11:36:33.291000,SBX_ANAES_WAVE,pressure,,,10,-0.14,-0.14,-0.14
2026-04-22T11:36:33.291000,SBX_ANAES_WAVE,inspExpMarker,,,0,,,
2026-04-22T11:36:33.633000,SBX_ANAES_WAVE,respGas,,,0,,,
2026-04-22T11:36:33.633000,SBX_ANAES_WAVE,respGas,,,0,,,
2026-04-22T11:36:33.633000,SBX_ANAES_WAVE,flow,,,10,0.0,0.0,0.0
2026-04-22T11:36:33.633000,SBX_ANAES_WAVE,volume,,,10,0.0,0.0,0.0
2026-04-22T11:36:33.633000,SBX_ANAES_WAVE,pressure,,,10,-0.18,-0.13,-0.145
2026-04-22T11:36:33.633000,SBX_ANAES_WAVE,inspExpMarker,,,0,,,
2026-04-22T11:36:34.031000,SBX_ANAES_WAVE,respGas,,,0,,,
2026-04-22T11:36:34.031000,SBX_ANAES_WAVE,respGas,,,0,,,
2026-04-22T11:36:34.031000,SBX_ANAES_WAVE,flow,,,10,0.0,0.0,0.0
2026-04-22T11:36:34.031000,SBX_ANAES_WAVE,volume,,,10,0.0,0.0,0.0
2026-04-22T11:36:34.031000,SBX_ANAES_WAVE,pressure,,,10,-0.18,-0.14,-0.163
2026-04-22T11:36:34.031000,SBX_ANAES_WAVE,inspExpMarker,,,0,,,
2026-04-22T11:36:34.431000,SBX_ANAES_WAVE,respGas,,,0,,,
2026-04-22T11:36:34.431000,SBX_ANAES_WAVE,respGas,,,0,,,
2026-04-22T11:36:34.431000,SBX_ANAES_WAVE,flow,,,10,0.0,0.0,0.0
2026-04-22T11:36:34.431000,SBX_ANAES_WAVE,volume,,,10,0.0,0.0,0.0
2026-04-22T11:36:34.431000,SBX_ANAES_WAVE,pressure,,,10,-0.14,-0.09,-0.13
2026-04-22T11:36:34.431000,SBX_ANAES_WAVE,inspExpMarker,,,0,,,
2026-04-22T11:36:34.834000,SBX_ANAES_WAVE,respGas,,,0,,,
2026-04-22T11:36:34.834000,SBX_ANAES_WAVE,respGas,,,0,,,
2026-04-22T11:36:34.834000,SBX_ANAES_WAVE,flow,,,10,0.0,0.0,0.0
2026-04-22T11:36:34.834000,SBX_ANAES_WAVE,volume,,,10,0.0,0.0,0.0
2026-04-22T11:36:34.834000,SBX_ANAES_WAVE,pressure,,,10,-0.18,-0.09,-0.153
2026-04-22T11:36:34.834000,SBX_ANAES_WAVE,inspExpMarker,,,0,,,
2026-04-22T11:36:35.374000,SBX_ANAES_WAVE,respGas,,,0,,,
2026-04-22T11:36:35.374000,SBX_ANAES_WAVE,respGas,,,0,,,
2026-04-22T11:36:35.374000,SBX_ANAES_WAVE,flow,,,10,0.0,0.0,0.0
2026-04-22T11:36:35.374000,SBX_ANAES_WAVE,volume,,,10,0.0,0.0,0.0
2026-04-22T11:36:35.374000,SBX_ANAES_WAVE,pressure,,,10,-0.18,-0.12,-0.142
2026-04-22T11:36:35.374000,SBX_ANAES_WAVE,inspExpMarker,,,0,,,
2026-04-22T11:36:35.630000,SBX_ANAES_WAVE,respGas,,,0,,,
2026-04-22T11:36:35.630000,SBX_ANAES_WAVE,respGas,,,0,,,
2026-04-22T11:36:35.630000,SBX_ANAES_WAVE,flow,,,10,0.0,0.0,0.0
2026-04-22T11:36:35.630000,SBX_ANAES_WAVE,volume,,,10,0.0,0.0,0.0
2026-04-22T11:36:35.630000,SBX_ANAES_WAVE,pressure,,,10,-0.18,-0.13,-0.154
2026-04-22T11:36:35.630000,SBX_ANAES_WAVE,inspExpMarker,,,0,,,
2026-04-22T11:36:36.034000,SBX_ANAES_WAVE,respGas,,,0,,,
2026-04-22T11:36:36.034000,SBX_ANAES_WAVE,respGas,,,0,,,
2026-04-22T11:36:36.034000,SBX_ANAES_WAVE,flow,,,10,0.0,0.0,0.0
2026-04-22T11:36:36.034000,SBX_ANAES_WAVE,volume,,,10,0.0,0.0,0.0
2026-04-22T11:36:36.034000,SBX_ANAES_WAVE,pressure,,,10,-0.18,-0.11,-0.145
2026-04-22T11:36:36.034000,SBX_ANAES_WAVE,inspExpMarker,,,0,,,
2026-04-22T11:36:36.487000,SBX_ANAES_WAVE,respGas,,,0,,,
2026-04-22T11:36:36.487000,SBX_ANAES_WAVE,respGas,,,0,,,
2026-04-22T11:36:36.487000,SBX_ANAES_WAVE,flow,,,10,0.0,0.0,0.0
2026-04-22T11:36:36.487000,SBX_ANAES_WAVE,volume,,,10,0.0,0.0,0.0
2026-04-22T11:36:36.487000,SBX_ANAES_WAVE,pressure,,,10,-0.18,-0.16,-0.176
2026-04-22T11:36:36.487000,SBX_ANAES_WAVE,inspExpMarker,,,0,,,
2026-04-22T11:36:36.838000,SBX_ANAES_WAVE,respGas,,,0,,,
2026-04-22T11:36:36.838000,SBX_ANAES_WAVE,respGas,,,0,,,
2026-04-22T11:36:36.838000,SBX_ANAES_WAVE,flow,,,10,0.0,0.0,0.0
2026-04-22T11:36:36.838000,SBX_ANAES_WAVE,volume,,,10,0.0,0.0,0.0
2026-04-22T11:36:36.838000,SBX_ANAES_WAVE,pressure,,,10,-0.17,-0.15,-0.157
2026-04-22T11:36:36.838000,SBX_ANAES_WAVE,inspExpMarker,,,0,,,
2026-04-22T11:36:37.285000,SBX_ANAES_WAVE,respGas,,,0,,,
2026-04-22T11:36:37.285000,SBX_ANAES_WAVE,respGas,,,0,,,
2026-04-22T11:36:37.285000,SBX_ANAES_WAVE,flow,,,10,0.0,0.0,0.0
2026-04-22T11:36:37.285000,SBX_ANAES_WAVE,volume,,,10,0.0,0.0,0.0
2026-04-22T11:36:37.285000,SBX_ANAES_WAVE,pressure,,,10,-0.18,-0.15,-0.171
2026-04-22T11:36:37.285000,SBX_ANAES_WAVE,inspExpMarker,,,0,,,
2026-04-22T11:36:37.633000,SBX_ANAES_WAVE,respGas,,,0,,,
2026-04-22T11:36:37.633000,SBX_ANAES_WAVE,respGas,,,0,,,
2026-04-22T11:36:37.633000,SBX_ANAES_WAVE,flow,,,10,0.0,0.002,0.0003
2026-04-22T11:36:37.633000,SBX_ANAES_WAVE,volume,,,10,0.0,0.0,0.0
2026-04-22T11:36:37.633000,SBX_ANAES_WAVE,pressure,,,10,-0.18,-0.16,-0.167
2026-04-22T11:36:37.633000,SBX_ANAES_WAVE,inspExpMarker,,,0,,,
2026-04-22T11:36:38.130000,SBX_ANAES_WAVE,respGas,,,0,,,
2026-04-22T11:36:38.130000,SBX_ANAES_WAVE,respGas,,,0,,,
2026-04-22T11:36:38.130000,SBX_ANAES_WAVE,flow,,,10,0.0,0.0,0.0
2026-04-22T11:36:38.130000,SBX_ANAES_WAVE,volume,,,10,0.0,0.0,0.0
2026-04-22T11:36:38.130000,SBX_ANAES_WAVE,pressure,,,10,-0.17,-0.15,-0.153
2026-04-22T11:36:38.130000,SBX_ANAES_WAVE,inspExpMarker,,,0,,,
2026-04-22T11:36:38.437000,SBX_ANAES_WAVE,respGas,,,0,,,
2026-04-22T11:36:38.437000,SBX_ANAES_WAVE,respGas,,,0,,,
2026-04-22T11:36:38.437000,SBX_ANAES_WAVE,flow,,,10,0.0,0.0,0.0
2026-04-22T11:36:38.437000,SBX_ANAES_WAVE,volume,,,10,0.0,0.0,0.0
2026-04-22T11:36:38.437000,SBX_ANAES_WAVE,pressure,,,10,-0.16,-0.14,-0.148
2026-04-22T11:36:38.437000,SBX_ANAES_WAVE,inspExpMarker,,,0,,,
2026-04-22T11:36:38.842000,SBX_ANAES_WAVE,respGas,,,0,,,
2026-04-22T11:36:38.842000,SBX_ANAES_WAVE,respGas,,,0,,,
2026-04-22T11:36:38.842000,SBX_ANAES_WAVE,flow,,,10,0.0,0.0,0.0
2026-04-22T11:36:38.842000,SBX_ANAES_WAVE,volume,,,10,0.0,0.0,0.0
2026-04-22T11:36:38.842000,SBX_ANAES_WAVE,pressure,,,10,-0.16,-0.14,-0.149
2026-04-22T11:36:38.842000,SBX_ANAES_WAVE,inspExpMarker,,,0,,,
2026-04-22T11:36:39.276000,SBX_ANAES_WAVE,respGas,,,0,,,
2026-04-22T11:36:39.276000,SBX_ANAES_WAVE,respGas,,,0,,,
2026-04-22T11:36:39.276000,SBX_ANAES_WAVE,flow,,,10,0.0,0.0,0.0
2026-04-22T11:36:39.276000,SBX_ANAES_WAVE,volume,,,10,0.0,0.0,0.0
2026-04-22T11:36:39.276000,SBX_ANAES_WAVE,pressure,,,10,-0.16,-0.14,-0.143
2026-04-22T11:36:39.276000,SBX_ANAES_WAVE,inspExpMarker,,,0,,,
2026-04-22T11:36:39.631000,SBX_ANAES_WAVE,respGas,,,0,,,
2026-04-22T11:36:39.631000,SBX_ANAES_WAVE,respGas,,,0,,,
2026-04-22T11:36:39.631000,SBX_ANAES_WAVE,flow,,,10,0.0,0.0,0.0
2026-04-22T11:36:39.631000,SBX_ANAES_WAVE,volume,,,10,0.0,0.0,0.0
2026-04-22T11:36:39.631000,SBX_ANAES_WAVE,pressure,,,10,-0.18,-0.17,-0.179
2026-04-22T11:36:39.631000,SBX_ANAES_WAVE,inspExpMarker,,,0,,,
2026-04-22T11:36:40.052000,SBX_ANAES_WAVE,respGas,,,0,,,
2026-04-22T11:36:40.052000,SBX_ANAES_WAVE,respGas,,,0,,,
2026-04-22T11:36:40.052000,SBX_ANAES_WAVE,flow,,,10,0.0,0.0,0.0
2026-04-22T11:36:40.052000,SBX_ANAES_WAVE,volume,,,10,0.0,0.0,0.0
2026-04-22T11:36:40.052000,SBX_ANAES_WAVE,pressure,,,10,-0.18,-0.17,-0.173
2026-04-22T11:36:40.052000,SBX_ANAES_WAVE,inspExpMarker,,,0,,,
2026-04-22T11:36:40.431000,SBX_ANAES_WAVE,respGas,,,0,,,
2026-04-22T11:36:40.431000,SBX_ANAES_WAVE,respGas,,,0,,,
2026-04-22T11:36:40.431000,SBX_ANAES_WAVE,flow,,,10,0.0,0.0,0.0
2026-04-22T11:36:40.431000,SBX_ANAES_WAVE,volume,,,10,0.0,0.0,0.0
2026-04-22T11:36:40.431000,SBX_ANAES_WAVE,pressure,,,10,-0.18,-0.14,-0.153
2026-04-22T11:36:40.431000,SBX_ANAES_WAVE,inspExpMarker,,,0,,,
2026-04-22T11:36:40.831000,SBX_ANAES_WAVE,respGas,,,0,,,
2026-04-22T11:36:40.831000,SBX_ANAES_WAVE,respGas,,,0,,,
2026-04-22T11:36:40.831000,SBX_ANAES_WAVE,flow,,,10,0.0,0.0,0.0
2026-04-22T11:36:40.831000,SBX_ANAES_WAVE,volume,,,10,0.0,0.0,0.0
2026-04-22T11:36:40.831000,SBX_ANAES_WAVE,pressure,,,10,-0.17,-0.14,-0.158
2026-04-22T11:36:40.831000,SBX_ANAES_WAVE,inspExpMarker,,,0,,,
2026-04-22T11:36:41.405000,SBX_ANAES_WAVE,respGas,,,0,,,
2026-04-22T11:36:41.405000,SBX_ANAES_WAVE,respGas,,,0,,,
2026-04-22T11:36:41.405000,SBX_ANAES_WAVE,flow,,,10,0.0,0.0,0.0
2026-04-22T11:36:41.405000,SBX_ANAES_WAVE,volume,,,10,0.0,0.0,0.0
2026-04-22T11:36:41.405000,SBX_ANAES_WAVE,pressure,,,10,-0.18,-0.16,-0.175
2026-04-22T11:36:41.405000,SBX_ANAES_WAVE,inspExpMarker,,,0,,,
2026-04-22T11:36:41.641000,SBX_ANAES_WAVE,respGas,,,0,,,
2026-04-22T11:36:41.641000,SBX_ANAES_WAVE,respGas,,,0,,,
2026-04-22T11:36:41.641000,SBX_ANAES_WAVE,flow,,,10,0.0,0.0,0.0
2026-04-22T11:36:41.641000,SBX_ANAES_WAVE,volume,,,10,0.0,0.0,0.0
2026-04-22T11:36:41.641000,SBX_ANAES_WAVE,pressure,,,10,-0.17,-0.1,-0.145
2026-04-22T11:36:41.641000,SBX_ANAES_WAVE,inspExpMarker,,,0,,,
2026-04-22T11:36:42.041000,SBX_ANAES_WAVE,respGas,,,0,,,
2026-04-22T11:36:42.041000,SBX_ANAES_WAVE,respGas,,,0,,,
2026-04-22T11:36:42.041000,SBX_ANAES_WAVE,flow,,,10,0.0,0.0,0.0
2026-04-22T11:36:42.041000,SBX_ANAES_WAVE,volume,,,10,0.0,0.0,0.0
2026-04-22T11:36:42.041000,SBX_ANAES_WAVE,pressure,,,10,-0.18,-0.12,-0.15
2026-04-22T11:36:42.041000,SBX_ANAES_WAVE,inspExpMarker,,,0,,,
2026-04-22T11:36:42.430000,SBX_ANAES_WAVE,respGas,,,0,,,
2026-04-22T11:36:42.430000,SBX_ANAES_WAVE,respGas,,,0,,,
2026-04-22T11:36:42.430000,SBX_ANAES_WAVE,flow,,,10,0.0,0.0,0.0
2026-04-22T11:36:42.430000,SBX_ANAES_WAVE,volume,,,10,0.0,0.0,0.0
2026-04-22T11:36:42.430000,SBX_ANAES_WAVE,pressure,,,10,-0.18,-0.13,-0.149
2026-04-22T11:36:42.430000,SBX_ANAES_WAVE,inspExpMarker,,,0,,,
2026-04-22T11:36:42.837000,SBX_ANAES_WAVE,respGas,,,0,,,
2026-04-22T11:36:42.837000,SBX_ANAES_WAVE,respGas,,,0,,,
2026-04-22T11:36:42.837000,SBX_ANAES_WAVE,flow,,,10,0.0,0.0,0.0
2026-04-22T11:36:42.837000,SBX_ANAES_WAVE,volume,,,10,0.0,0.0,0.0
2026-04-22T11:36:42.837000,SBX_ANAES_WAVE,pressure,,,10,-0.18,-0.16,-0.173
2026-04-22T11:36:42.837000,SBX_ANAES_WAVE,inspExpMarker,,,0,,,
2026-04-22T11:36:43.299000,SBX_ANAES_WAVE,respGas,,,0,,,
2026-04-22T11:36:43.299000,SBX_ANAES_WAVE,respGas,,,0,,,
2026-04-22T11:36:43.299000,SBX_ANAES_WAVE,flow,,,10,0.0,0.0,0.0
2026-04-22T11:36:43.299000,SBX_ANAES_WAVE,volume,,,10,0.0,0.0,0.0
2026-04-22T11:36:43.299000,SBX_ANAES_WAVE,pressure,,,10,-0.18,-0.16,-0.172
2026-04-22T11:36:43.299000,SBX_ANAES_WAVE,inspExpMarker,,,0,,,
2026-04-22T11:36:43.631000,SBX_ANAES_WAVE,respGas,,,0,,,
2026-04-22T11:36:43.631000,SBX_ANAES_WAVE,respGas,,,0,,,
2026-04-22T11:36:43.631000,SBX_ANAES_WAVE,flow,,,10,0.0,0.0,0.0
2026-04-22T11:36:43.631000,SBX_ANAES_WAVE,volume,,,10,0.0,0.0,0.0
2026-04-22T11:36:43.631000,SBX_ANAES_WAVE,pressure,,,10,-0.18,-0.14,-0.152
2026-04-22T11:36:43.631000,SBX_ANAES_WAVE,inspExpMarker,,,0,,,
2026-04-22T11:36:44.035000,SBX_ANAES_WAVE,respGas,,,0,,,
2026-04-22T11:36:44.035000,SBX_ANAES_WAVE,respGas,,,0,,,
2026-04-22T11:36:44.035000,SBX_ANAES_WAVE,flow,,,10,0.0,0.0,0.0
2026-04-22T11:36:44.035000,SBX_ANAES_WAVE,volume,,,10,0.0,0.0,0.0
2026-04-22T11:36:44.035000,SBX_ANAES_WAVE,pressure,,,10,-0.18,-0.15,-0.163
2026-04-22T11:36:44.035000,SBX_ANAES_WAVE,inspExpMarker,,,0,,,
2026-04-22T11:36:44.433000,SBX_ANAES_WAVE,respGas,,,0,,,
2026-04-22T11:36:44.433000,SBX_ANAES_WAVE,respGas,,,0,,,
2026-04-22T11:36:44.433000,SBX_ANAES_WAVE,flow,,,10,0.0,0.0,0.0
2026-04-22T11:36:44.433000,SBX_ANAES_WAVE,volume,,,10,0.0,0.0,0.0
2026-04-22T11:36:44.433000,SBX_ANAES_WAVE,pressure,,,10,-0.18,-0.17,-0.178
2026-04-22T11:36:44.433000,SBX_ANAES_WAVE,inspExpMarker,,,0,,,
2026-04-22T11:36:44.831000,SBX_ANAES_WAVE,respGas,,,0,,,
2026-04-22T11:36:44.831000,SBX_ANAES_WAVE,respGas,,,0,,,
2026-04-22T11:36:44.831000,SBX_ANAES_WAVE,flow,,,10,0.0,0.0,0.0
2026-04-22T11:36:44.831000,SBX_ANAES_WAVE,volume,,,10,0.0,0.0,0.0
2026-04-22T11:36:44.831000,SBX_ANAES_WAVE,pressure,,,10,-0.18,-0.18,-0.18
2026-04-22T11:36:44.831000,SBX_ANAES_WAVE,inspExpMarker,,,0,,,
2026-04-22T11:36:45.281000,SBX_ANAES_WAVE,respGas,,,0,,,
2026-04-22T11:36:45.281000,SBX_ANAES_WAVE,respGas,,,0,,,
2026-04-22T11:36:45.281000,SBX_ANAES_WAVE,flow,,,10,0.0,0.0,0.0
2026-04-22T11:36:45.281000,SBX_ANAES_WAVE,volume,,,10,0.0,0.0,0.0
2026-04-22T11:36:45.281000,SBX_ANAES_WAVE,pressure,,,10,-0.18,-0.17,-0.177
2026-04-22T11:36:45.281000,SBX_ANAES_WAVE,inspExpMarker,,,0,,,
2026-04-22T11:36:45.634000,SBX_ANAES_WAVE,respGas,,,0,,,
2026-04-22T11:36:45.634000,SBX_ANAES_WAVE,respGas,,,0,,,
2026-04-22T11:36:45.634000,SBX_ANAES_WAVE,flow,,,10,0.0,0.0,0.0
2026-04-22T11:36:45.634000,SBX_ANAES_WAVE,volume,,,10,0.0,0.0,0.0
2026-04-22T11:36:45.634000,SBX_ANAES_WAVE,pressure,,,10,-0.18,-0.18,-0.18
2026-04-22T11:36:45.634000,SBX_ANAES_WAVE,inspExpMarker,,,0,,,
2026-04-22T11:36:46.113000,SBX_ANAES_WAVE,respGas,,,0,,,
2026-04-22T11:36:46.113000,SBX_ANAES_WAVE,respGas,,,0,,,
2026-04-22T11:36:46.113000,SBX_ANAES_WAVE,flow,,,10,0.0,0.0,0.0
2026-04-22T11:36:46.113000,SBX_ANAES_WAVE,volume,,,10,0.0,0.0,0.0
2026-04-22T11:36:46.113000,SBX_ANAES_WAVE,pressure,,,10,-0.18,-0.17,-0.176
2026-04-22T11:36:46.113000,SBX_ANAES_WAVE,inspExpMarker,,,0,,,
2026-04-22T11:36:46.432000,SBX_ANAES_WAVE,respGas,,,0,,,
2026-04-22T11:36:46.432000,SBX_ANAES_WAVE,respGas,,,0,,,
2026-04-22T11:36:46.432000,SBX_ANAES_WAVE,flow,,,10,0.0,0.0,0.0
2026-04-22T11:36:46.432000,SBX_ANAES_WAVE,volume,,,10,0.0,0.0,0.0
2026-04-22T11:36:46.432000,SBX_ANAES_WAVE,pressure,,,10,-0.18,-0.16,-0.17
2026-04-22T11:36:46.432000,SBX_ANAES_WAVE,inspExpMarker,,,0,,,
2026-04-22T11:36:46.831000,SBX_ANAES_WAVE,respGas,,,0,,,
2026-04-22T11:36:46.831000,SBX_ANAES_WAVE,respGas,,,0,,,
2026-04-22T11:36:46.831000,SBX_ANAES_WAVE,flow,,,10,0.0,0.0,0.0
2026-04-22T11:36:46.831000,SBX_ANAES_WAVE,volume,,,10,0.0,0.0,0.0
2026-04-22T11:36:46.831000,SBX_ANAES_WAVE,pressure,,,10,-0.18,-0.14,-0.171
2026-04-22T11:36:46.831000,SBX_ANAES_WAVE,inspExpMarker,,,0,,,
2026-04-22T11:36:47.321000,SBX_ANAES_WAVE,respGas,,,0,,,
2026-04-22T11:36:47.321000,SBX_ANAES_WAVE,respGas,,,0,,,
2026-04-22T11:36:47.321000,SBX_ANAES_WAVE,flow,,,10,0.0,0.0,0.0
2026-04-22T11:36:47.321000,SBX_ANAES_WAVE,volume,,,10,0.0,0.0,0.0
2026-04-22T11:36:47.321000,SBX_ANAES_WAVE,pressure,,,10,-0.18,-0.14,-0.158
2026-04-22T11:36:47.321000,SBX_ANAES_WAVE,inspExpMarker,,,0,,,
2026-04-22T11:36:47.635000,SBX_ANAES_WAVE,respGas,,,0,,,
2026-04-22T11:36:47.635000,SBX_ANAES_WAVE,respGas,,,0,,,
2026-04-22T11:36:47.635000,SBX_ANAES_WAVE,flow,,,10,0.0,0.0,0.0
2026-04-22T11:36:47.635000,SBX_ANAES_WAVE,volume,,,10,0.0,0.0,0.0
2026-04-22T11:36:47.635000,SBX_ANAES_WAVE,pressure,,,10,-0.18,-0.18,-0.18
2026-04-22T11:36:47.635000,SBX_ANAES_WAVE,inspExpMarker,,,0,,,
2026-04-22T11:36:48.031000,SBX_ANAES_WAVE,respGas,,,0,,,
2026-04-22T11:36:48.031000,SBX_ANAES_WAVE,respGas,,,0,,,
2026-04-22T11:36:48.031000,SBX_ANAES_WAVE,flow,,,10,0.0,0.0,0.0
2026-04-22T11:36:48.031000,SBX_ANAES_WAVE,volume,,,10,0.0,0.0,0.0
2026-04-22T11:36:48.031000,SBX_ANAES_WAVE,pressure,,,10,-0.18,-0.13,-0.152
2026-04-22T11:36:48.031000,SBX_ANAES_WAVE,inspExpMarker,,,0,,,
2026-04-22T11:36:48.430000,SBX_ANAES_WAVE,respGas,,,0,,,
2026-04-22T11:36:48.430000,SBX_ANAES_WAVE,respGas,,,0,,,
2026-04-22T11:36:48.430000,SBX_ANAES_WAVE,flow,,,10,0.0,0.0,0.0
2026-04-22T11:36:48.430000,SBX_ANAES_WAVE,volume,,,10,0.0,0.0,0.0
2026-04-22T11:36:48.430000,SBX_ANAES_WAVE,pressure,,,10,-0.18,-0.17,-0.179
2026-04-22T11:36:48.430000,SBX_ANAES_WAVE,inspExpMarker,,,0,,,
2026-04-22T11:36:48.830000,SBX_ANAES_WAVE,respGas,,,0,,,
2026-04-22T11:36:48.830000,SBX_ANAES_WAVE,respGas,,,0,,,
2026-04-22T11:36:48.830000,SBX_ANAES_WAVE,flow,,,10,0.0,0.004,0.0006
2026-04-22T11:36:48.830000,SBX_ANAES_WAVE,volume,,,10,0.0,0.0,0.0
2026-04-22T11:36:48.830000,SBX_ANAES_WAVE,pressure,,,10,-0.18,-0.15,-0.173
2026-04-22T11:36:48.830000,SBX_ANAES_WAVE,inspExpMarker,,,0,,,
2026-04-22T11:36:49.282000,SBX_ANAES_WAVE,respGas,,,0,,,
2026-04-22T11:36:49.282000,SBX_ANAES_WAVE,respGas,,,0,,,
2026-04-22T11:36:49.282000,SBX_ANAES_WAVE,flow,,,10,0.0,0.0,0.0
2026-04-22T11:36:49.282000,SBX_ANAES_WAVE,volume,,,10,0.0,0.0,0.0
2026-04-22T11:36:49.282000,SBX_ANAES_WAVE,pressure,,,10,-0.18,-0.17,-0.178
2026-04-22T11:36:49.282000,SBX_ANAES_WAVE,inspExpMarker,,,0,,,
2026-04-22T11:36:49.630000,SBX_ANAES_WAVE,respGas,,,0,,,
2026-04-22T11:36:49.630000,SBX_ANAES_WAVE,respGas,,,0,,,
2026-04-22T11:36:49.630000,SBX_ANAES_WAVE,flow,,,10,0.0,0.0,0.0
2026-04-22T11:36:49.630000,SBX_ANAES_WAVE,volume,,,10,0.0,0.0,0.0
2026-04-22T11:36:49.630000,SBX_ANAES_WAVE,pressure,,,10,-0.18,-0.18,-0.18
2026-04-22T11:36:49.630000,SBX_ANAES_WAVE,inspExpMarker,,,0,,,
2026-04-22T11:36:50.035000,SBX_ANAES_WAVE,respGas,,,0,,,
2026-04-22T11:36:50.035000,SBX_ANAES_WAVE,respGas,,,0,,,
2026-04-22T11:36:50.035000,SBX_ANAES_WAVE,flow,,,10,0.0,0.0,0.0
2026-04-22T11:36:50.035000,SBX_ANAES_WAVE,volume,,,10,0.0,0.0,0.0
2026-04-22T11:36:50.035000,SBX_ANAES_WAVE,pressure,,,10,-0.18,-0.17,-0.178
2026-04-22T11:36:50.035000,SBX_ANAES_WAVE,inspExpMarker,,,0,,,
2026-04-22T11:36:50.433000,SBX_ANAES_WAVE,respGas,,,0,,,
2026-04-22T11:36:50.433000,SBX_ANAES_WAVE,respGas,,,0,,,
2026-04-22T11:36:50.433000,SBX_ANAES_WAVE,flow,,,10,0.0,0.0,0.0
2026-04-22T11:36:50.433000,SBX_ANAES_WAVE,volume,,,10,0.0,0.0,0.0
2026-04-22T11:36:50.433000,SBX_ANAES_WAVE,pressure,,,10,-0.18,-0.16,-0.175
2026-04-22T11:36:50.433000,SBX_ANAES_WAVE,inspExpMarker,,,0,,,
2026-04-22T11:36:50.833000,SBX_ANAES_WAVE,respGas,,,0,,,
2026-04-22T11:36:50.833000,SBX_ANAES_WAVE,respGas,,,0,,,
2026-04-22T11:36:50.833000,SBX_ANAES_WAVE,flow,,,10,0.0,0.0,0.0
2026-04-22T11:36:50.833000,SBX_ANAES_WAVE,volume,,,10,0.0,0.0,0.0
2026-04-22T11:36:50.833000,SBX_ANAES_WAVE,pressure,,,10,-0.18,-0.17,-0.178
2026-04-22T11:36:50.833000,SBX_ANAES_WAVE,inspExpMarker,,,0,,,
2026-04-22T11:36:51.282000,SBX_ANAES_WAVE,respGas,,,0,,,
2026-04-22T11:36:51.282000,SBX_ANAES_WAVE,respGas,,,0,,,
2026-04-22T11:36:51.282000,SBX_ANAES_WAVE,flow,,,10,0.0,0.0,0.0
2026-04-22T11:36:51.282000,SBX_ANAES_WAVE,volume,,,10,0.0,0.0,0.0
2026-04-22T11:36:51.282000,SBX_ANAES_WAVE,pressure,,,10,-0.18,-0.13,-0.151
2026-04-22T11:36:51.282000,SBX_ANAES_WAVE,inspExpMarker,,,0,,,
2026-04-22T11:36:51.633000,SBX_ANAES_WAVE,respGas,,,0,,,
2026-04-22T11:36:51.633000,SBX_ANAES_WAVE,respGas,,,0,,,
2026-04-22T11:36:51.633000,SBX_ANAES_WAVE,flow,,,10,0.0,0.001,0.0002
2026-04-22T11:36:51.633000,SBX_ANAES_WAVE,volume,,,10,0.0,0.0,0.0
2026-04-22T11:36:51.633000,SBX_ANAES_WAVE,pressure,,,10,-0.18,-0.15,-0.172
2026-04-22T11:36:51.633000,SBX_ANAES_WAVE,inspExpMarker,,,0,,,
2026-04-22T11:36:52.037000,SBX_ANAES_WAVE,respGas,,,0,,,
2026-04-22T11:36:52.037000,SBX_ANAES_WAVE,respGas,,,0,,,
2026-04-22T11:36:52.037000,SBX_ANAES_WAVE,flow,,,10,0.0,0.0,0.0
2026-04-22T11:36:52.037000,SBX_ANAES_WAVE,volume,,,10,0.0,0.0,0.0
2026-04-22T11:36:52.037000,SBX_ANAES_WAVE,pressure,,,10,-0.18,-0.15,-0.172
2026-04-22T11:36:52.037000,SBX_ANAES_WAVE,inspExpMarker,,,0,,,
2026-04-22T11:36:52.434000,SBX_ANAES_WAVE,respGas,,,0,,,
2026-04-22T11:36:52.434000,SBX_ANAES_WAVE,respGas,,,0,,,
2026-04-22T11:36:52.434000,SBX_ANAES_WAVE,flow,,,10,0.0,0.001,0.0001
2026-04-22T11:36:52.434000,SBX_ANAES_WAVE,volume,,,10,0.0,0.0,0.0
2026-04-22T11:36:52.434000,SBX_ANAES_WAVE,pressure,,,10,-0.18,-0.17,-0.179
2026-04-22T11:36:52.434000,SBX_ANAES_WAVE,inspExpMarker,,,0,,,
2026-04-22T11:36:52.880000,SBX_ANAES_WAVE,respGas,,,0,,,
2026-04-22T11:36:52.880000,SBX_ANAES_WAVE,respGas,,,0,,,
2026-04-22T11:36:52.880000,SBX_ANAES_WAVE,flow,,,10,0.0,0.0,0.0
2026-04-22T11:36:52.880000,SBX_ANAES_WAVE,volume,,,10,0.0,0.0,0.0
2026-04-22T11:36:52.880000,SBX_ANAES_WAVE,pressure,,,10,-0.18,-0.17,-0.179
2026-04-22T11:36:52.880000,SBX_ANAES_WAVE,inspExpMarker,,,0,,,
2026-04-22T11:36:53.299000,SBX_ANAES_WAVE,respGas,,,0,,,
2026-04-22T11:36:53.299000,SBX_ANAES_WAVE,respGas,,,0,,,
2026-04-22T11:36:53.299000,SBX_ANAES_WAVE,flow,,,10,0.0,0.0,0.0
2026-04-22T11:36:53.299000,SBX_ANAES_WAVE,volume,,,10,0.0,0.0,0.0
2026-04-22T11:36:53.299000,SBX_ANAES_WAVE,pressure,,,10,-0.18,-0.16,-0.175
2026-04-22T11:36:53.299000,SBX_ANAES_WAVE,inspExpMarker,,,0,,,
2026-04-22T11:36:53.632000,SBX_ANAES_WAVE,respGas,,,0,,,
2026-04-22T11:36:53.632000,SBX_ANAES_WAVE,respGas,,,0,,,
2026-04-22T11:36:53.632000,SBX_ANAES_WAVE,flow,,,10,0.0,0.0,0.0
2026-04-22T11:36:53.632000,SBX_ANAES_WAVE,volume,,,10,0.0,0.0,0.0
2026-04-22T11:36:53.632000,SBX_ANAES_WAVE,pressure,,,10,-0.18,-0.17,-0.177
2026-04-22T11:36:53.632000,SBX_ANAES_WAVE,inspExpMarker,,,0,,,
2026-04-22T11:36:54.031000,SBX_ANAES_WAVE,respGas,,,0,,,
2026-04-22T11:36:54.031000,SBX_ANAES_WAVE,respGas,,,0,,,
2026-04-22T11:36:54.031000,SBX_ANAES_WAVE,flow,,,10,0.0,0.0,0.0
2026-04-22T11:36:54.031000,SBX_ANAES_WAVE,volume,,,10,0.0,0.0,0.0
2026-04-22T11:36:54.031000,SBX_ANAES_WAVE,pressure,,,10,-0.18,-0.15,-0.172
2026-04-22T11:36:54.031000,SBX_ANAES_WAVE,inspExpMarker,,,0,,,
2026-04-22T11:36:54.431000,SBX_ANAES_WAVE,respGas,,,0,,,
2026-04-22T11:36:54.431000,SBX_ANAES_WAVE,respGas,,,0,,,
2026-04-22T11:36:54.431000,SBX_ANAES_WAVE,flow,,,10,0.0,0.0,0.0
2026-04-22T11:36:54.431000,SBX_ANAES_WAVE,volume,,,10,0.0,0.0,0.0
2026-04-22T11:36:54.431000,SBX_ANAES_WAVE,pressure,,,10,-0.18,-0.14,-0.174
2026-04-22T11:36:54.431000,SBX_ANAES_WAVE,inspExpMarker,,,0,,,
2026-04-22T11:36:54.834000,SBX_ANAES_WAVE,respGas,,,0,,,
2026-04-22T11:36:54.834000,SBX_ANAES_WAVE,respGas,,,0,,,
2026-04-22T11:36:54.834000,SBX_ANAES_WAVE,flow,,,10,0.0,0.0,0.0
2026-04-22T11:36:54.834000,SBX_ANAES_WAVE,volume,,,10,0.0,0.0,0.0
2026-04-22T11:36:54.834000,SBX_ANAES_WAVE,pressure,,,10,-0.18,-0.13,-0.151
2026-04-22T11:36:54.834000,SBX_ANAES_WAVE,inspExpMarker,,,0,,,
2026-04-22T11:36:55.282000,SBX_ANAES_WAVE,respGas,,,0,,,
2026-04-22T11:36:55.282000,SBX_ANAES_WAVE,respGas,,,0,,,
2026-04-22T11:36:55.282000,SBX_ANAES_WAVE,flow,,,10,0.0,0.0,0.0
2026-04-22T11:36:55.282000,SBX_ANAES_WAVE,volume,,,10,0.0,0.0,0.0
2026-04-22T11:36:55.282000,SBX_ANAES_WAVE,pressure,,,10,-0.18,-0.17,-0.178
2026-04-22T11:36:55.282000,SBX_ANAES_WAVE,inspExpMarker,,,0,,,
2026-04-22T11:36:55.644000,SBX_ANAES_WAVE,respGas,,,0,,,
2026-04-22T11:36:55.644000,SBX_ANAES_WAVE,respGas,,,0,,,
2026-04-22T11:36:55.644000,SBX_ANAES_WAVE,flow,,,10,0.0,0.0,0.0
2026-04-22T11:36:55.644000,SBX_ANAES_WAVE,volume,,,10,0.0,0.0,0.0
2026-04-22T11:36:55.644000,SBX_ANAES_WAVE,pressure,,,10,-0.18,-0.18,-0.18
2026-04-22T11:36:55.644000,SBX_ANAES_WAVE,inspExpMarker,,,0,,,
2026-04-22T11:36:56.031000,SBX_ANAES_WAVE,respGas,,,0,,,
2026-04-22T11:36:56.031000,SBX_ANAES_WAVE,respGas,,,0,,,
2026-04-22T11:36:56.031000,SBX_ANAES_WAVE,flow,,,10,0.0,0.0,0.0
2026-04-22T11:36:56.031000,SBX_ANAES_WAVE,volume,,,10,0.0,0.0,0.0
2026-04-22T11:36:56.031000,SBX_ANAES_WAVE,pressure,,,10,-0.18,-0.13,-0.164
2026-04-22T11:36:56.031000,SBX_ANAES_WAVE,inspExpMarker,,,0,,,
2026-04-22T11:36:56.431000,SBX_ANAES_WAVE,respGas,,,0,,,
2026-04-22T11:36:56.431000,SBX_ANAES_WAVE,respGas,,,0,,,
2026-04-22T11:36:56.431000,SBX_ANAES_WAVE,flow,,,10,0.0,0.0,0.0
2026-04-22T11:36:56.431000,SBX_ANAES_WAVE,volume,,,10,0.0,0.0,0.0
2026-04-22T11:36:56.431000,SBX_ANAES_WAVE,pressure,,,10,-0.18,-0.14,-0.166
2026-04-22T11:36:56.431000,SBX_ANAES_WAVE,inspExpMarker,,,0,,,
2026-04-22T11:36:56.830000,SBX_ANAES_WAVE,respGas,,,0,,,
2026-04-22T11:36:56.830000,SBX_ANAES_WAVE,respGas,,,0,,,
2026-04-22T11:36:56.830000,SBX_ANAES_WAVE,flow,,,10,0.0,0.0,0.0
2026-04-22T11:36:56.830000,SBX_ANAES_WAVE,volume,,,10,0.0,0.0,0.0
2026-04-22T11:36:56.830000,SBX_ANAES_WAVE,pressure,,,10,-0.18,-0.18,-0.18
2026-04-22T11:36:56.830000,SBX_ANAES_WAVE,inspExpMarker,,,0,,,
2026-04-22T11:36:57.284000,SBX_ANAES_WAVE,respGas,,,0,,,
2026-04-22T11:36:57.284000,SBX_ANAES_WAVE,respGas,,,0,,,
2026-04-22T11:36:57.284000,SBX_ANAES_WAVE,flow,,,10,0.0,0.0,0.0
2026-04-22T11:36:57.284000,SBX_ANAES_WAVE,volume,,,10,0.0,0.0,0.0
2026-04-22T11:36:57.284000,SBX_ANAES_WAVE,pressure,,,10,-0.18,-0.18,-0.18
2026-04-22T11:36:57.284000,SBX_ANAES_WAVE,inspExpMarker,,,0,,,
2026-04-22T11:36:57.630000,SBX_ANAES_WAVE,respGas,,,0,,,
2026-04-22T11:36:57.630000,SBX_ANAES_WAVE,respGas,,,0,,,
2026-04-22T11:36:57.630000,SBX_ANAES_WAVE,flow,,,10,0.0,0.0,0.0
2026-04-22T11:36:57.630000,SBX_ANAES_WAVE,volume,,,10,0.0,0.0,0.0
2026-04-22T11:36:57.630000,SBX_ANAES_WAVE,pressure,,,10,-0.18,-0.18,-0.18
2026-04-22T11:36:57.630000,SBX_ANAES_WAVE,inspExpMarker,,,0,,,
2026-04-22T11:36:58.032000,SBX_ANAES_WAVE,respGas,,,0,,,
2026-04-22T11:36:58.032000,SBX_ANAES_WAVE,respGas,,,0,,,
2026-04-22T11:36:58.032000,SBX_ANAES_WAVE,flow,,,10,0.0,0.0,0.0
2026-04-22T11:36:58.032000,SBX_ANAES_WAVE,volume,,,10,0.0,0.0,0.0
2026-04-22T11:36:58.032000,SBX_ANAES_WAVE,pressure,,,10,-0.18,-0.18,-0.18
2026-04-22T11:36:58.032000,SBX_ANAES_WAVE,inspExpMarker,,,0,,,
2026-04-22T11:36:58.430000,SBX_ANAES_WAVE,respGas,,,0,,,
2026-04-22T11:36:58.430000,SBX_ANAES_WAVE,respGas,,,0,,,
2026-04-22T11:36:58.430000,SBX_ANAES_WAVE,flow,,,10,0.0,0.0,0.0
2026-04-22T11:36:58.430000,SBX_ANAES_WAVE,volume,,,10,0.0,0.0,0.0
2026-04-22T11:36:58.430000,SBX_ANAES_WAVE,pressure,,,10,-0.18,-0.18,-0.18
2026-04-22T11:36:58.430000,SBX_ANAES_WAVE,inspExpMarker,,,0,,,
2026-04-22T11:36:58.829000,SBX_ANAES_WAVE,respGas,,,0,,,
2026-04-22T11:36:58.829000,SBX_ANAES_WAVE,respGas,,,0,,,
2026-04-22T11:36:58.829000,SBX_ANAES_WAVE,flow,,,10,0.0,0.0,0.0
2026-04-22T11:36:58.829000,SBX_ANAES_WAVE,volume,,,10,0.0,0.0,0.0
2026-04-22T11:36:58.829000,SBX_ANAES_WAVE,pressure,,,10,-0.18,-0.15,-0.176
2026-04-22T11:36:58.829000,SBX_ANAES_WAVE,inspExpMarker,,,0,,,
2026-04-22T11:36:59.291000,SBX_ANAES_WAVE,respGas,,,0,,,
2026-04-22T11:36:59.291000,SBX_ANAES_WAVE,respGas,,,0,,,
2026-04-22T11:36:59.291000,SBX_ANAES_WAVE,flow,,,10,0.0,0.0,0.0
2026-04-22T11:36:59.291000,SBX_ANAES_WAVE,volume,,,10,0.0,0.0,0.0
2026-04-22T11:36:59.291000,SBX_ANAES_WAVE,pressure,,,10,-0.14,-0.14,-0.14
2026-04-22T11:36:59.291000,SBX_ANAES_WAVE,inspExpMarker,,,0,,,
2026-04-22T11:36:59.632000,SBX_ANAES_WAVE,respGas,,,0,,,
2026-04-22T11:36:59.632000,SBX_ANAES_WAVE,respGas,,,0,,,
2026-04-22T11:36:59.632000,SBX_ANAES_WAVE,flow,,,10,0.0,0.0,0.0
2026-04-22T11:36:59.632000,SBX_ANAES_WAVE,volume,,,10,0.0,0.0,0.0
2026-04-22T11:36:59.632000,SBX_ANAES_WAVE,pressure,,,10,-0.18,-0.14,-0.166
2026-04-22T11:36:59.632000,SBX_ANAES_WAVE,inspExpMarker,,,0,,,
2026-04-22T11:37:00.033000,SBX_ANAES_WAVE,respGas,,,0,,,
2026-04-22T11:37:00.033000,SBX_ANAES_WAVE,respGas,,,0,,,
2026-04-22T11:37:00.033000,SBX_ANAES_WAVE,flow,,,10,0.0,0.0,0.0
2026-04-22T11:37:00.033000,SBX_ANAES_WAVE,volume,,,10,0.0,0.0,0.0
2026-04-22T11:37:00.033000,SBX_ANAES_WAVE,pressure,,,10,-0.14,-0.09,-0.12
2026-04-22T11:37:00.033000,SBX_ANAES_WAVE,inspExpMarker,,,0,,,
2026-04-22T11:37:00.429000,SBX_ANAES_WAVE,respGas,,,0,,,
2026-04-22T11:37:00.429000,SBX_ANAES_WAVE,respGas,,,0,,,
2026-04-22T11:37:00.429000,SBX_ANAES_WAVE,flow,,,10,0.0,0.0,0.0
2026-04-22T11:37:00.429000,SBX_ANAES_WAVE,volume,,,10,0.0,0.0,0.0
2026-04-22T11:37:00.429000,SBX_ANAES_WAVE,pressure,,,10,-0.18,-0.13,-0.151
2026-04-22T11:37:00.429000,SBX_ANAES_WAVE,inspExpMarker,,,0,,,
2026-04-22T11:37:00.830000,SBX_ANAES_WAVE,respGas,,,0,,,
2026-04-22T11:37:00.830000,SBX_ANAES_WAVE,respGas,,,0,,,
2026-04-22T11:37:00.830000,SBX_ANAES_WAVE,flow,,,10,0.0,0.0,0.0
2026-04-22T11:37:00.830000,SBX_ANAES_WAVE,volume,,,10,0.0,0.0,0.0
2026-04-22T11:37:00.830000,SBX_ANAES_WAVE,pressure,,,10,-0.18,-0.15,-0.176
2026-04-22T11:37:00.830000,SBX_ANAES_WAVE,inspExpMarker,,,0,,,
2026-04-22T11:37:01.279000,SBX_ANAES_WAVE,respGas,,,0,,,
2026-04-22T11:37:01.279000,SBX_ANAES_WAVE,respGas,,,0,,,
2026-04-22T11:37:01.279000,SBX_ANAES_WAVE,flow,,,10,0.0,0.0,0.0
2026-04-22T11:37:01.279000,SBX_ANAES_WAVE,volume,,,10,0.0,0.0,0.0
2026-04-22T11:37:01.279000,SBX_ANAES_WAVE,pressure,,,10,-0.18,-0.09,-0.145
2026-04-22T11:37:01.279000,SBX_ANAES_WAVE,inspExpMarker,,,0,,,
2026-04-22T11:37:01.640000,SBX_ANAES_WAVE,respGas,,,0,,,
2026-04-22T11:37:01.640000,SBX_ANAES_WAVE,respGas,,,0,,,
2026-04-22T11:37:01.640000,SBX_ANAES_WAVE,flow,,,10,0.0,0.0,0.0
2026-04-22T11:37:01.640000,SBX_ANAES_WAVE,volume,,,10,0.0,0.0,0.0
2026-04-22T11:37:01.640000,SBX_ANAES_WAVE,pressure,,,10,-0.18,-0.1,-0.148
2026-04-22T11:37:01.640000,SBX_ANAES_WAVE,inspExpMarker,,,0,,,
2026-04-22T11:37:02.031000,SBX_ANAES_WAVE,respGas,,,0,,,
2026-04-22T11:37:02.031000,SBX_ANAES_WAVE,respGas,,,0,,,
2026-04-22T11:37:02.031000,SBX_ANAES_WAVE,flow,,,10,0.0,0.002,0.0003
2026-04-22T11:37:02.031000,SBX_ANAES_WAVE,volume,,,10,0.0,0.0,0.0
2026-04-22T11:37:02.031000,SBX_ANAES_WAVE,pressure,,,10,-0.18,-0.14,-0.16
2026-04-22T11:37:02.031000,SBX_ANAES_WAVE,inspExpMarker,,,0,,,
2026-04-22T11:37:02.436000,SBX_ANAES_WAVE,respGas,,,0,,,
2026-04-22T11:37:02.436000,SBX_ANAES_WAVE,respGas,,,0,,,
2026-04-22T11:37:02.436000,SBX_ANAES_WAVE,flow,,,10,0.0,0.0,0.0
2026-04-22T11:37:02.436000,SBX_ANAES_WAVE,volume,,,10,0.0,0.0,0.0
2026-04-22T11:37:02.436000,SBX_ANAES_WAVE,pressure,,,10,-0.18,-0.18,-0.18
2026-04-22T11:37:02.436000,SBX_ANAES_WAVE,inspExpMarker,,,0,,,
2026-04-22T11:37:02.832000,SBX_ANAES_WAVE,respGas,,,0,,,
2026-04-22T11:37:02.832000,SBX_ANAES_WAVE,respGas,,,0,,,
2026-04-22T11:37:02.832000,SBX_ANAES_WAVE,flow,,,10,0.0,0.0,0.0
2026-04-22T11:37:02.832000,SBX_ANAES_WAVE,volume,,,10,0.0,0.0,0.0
2026-04-22T11:37:02.832000,SBX_ANAES_WAVE,pressure,,,10,-0.18,-0.17,-0.178
2026-04-22T11:37:02.832000,SBX_ANAES_WAVE,inspExpMarker,,,0,,,
2026-04-22T11:37:03.283000,SBX_ANAES_WAVE,respGas,,,0,,,
2026-04-22T11:37:03.283000,SBX_ANAES_WAVE,respGas,,,0,,,
2026-04-22T11:37:03.283000,SBX_ANAES_WAVE,flow,,,10,0.0,0.0,0.0
2026-04-22T11:37:03.283000,SBX_ANAES_WAVE,volume,,,10,0.0,0.0,0.0
2026-04-22T11:37:03.283000,SBX_ANAES_WAVE,pressure,,,10,-0.18,-0.18,-0.18
2026-04-22T11:37:03.283000,SBX_ANAES_WAVE,inspExpMarker,,,0,,,
2026-04-22T11:37:03.631000,SBX_ANAES_WAVE,respGas,,,0,,,
2026-04-22T11:37:03.631000,SBX_ANAES_WAVE,respGas,,,0,,,
2026-04-22T11:37:03.631000,SBX_ANAES_WAVE,flow,,,10,0.0,0.0,0.0
2026-04-22T11:37:03.631000,SBX_ANAES_WAVE,volume,,,10,0.0,0.0,0.0
2026-04-22T11:37:03.631000,SBX_ANAES_WAVE,pressure,,,10,-0.18,-0.18,-0.18
2026-04-22T11:37:03.631000,SBX_ANAES_WAVE,inspExpMarker,,,0,,,
2026-04-22T11:37:04.029000,SBX_ANAES_WAVE,respGas,,,0,,,
2026-04-22T11:37:04.029000,SBX_ANAES_WAVE,respGas,,,0,,,
2026-04-22T11:37:04.029000,SBX_ANAES_WAVE,flow,,,10,0.0,0.0,0.0
2026-04-22T11:37:04.029000,SBX_ANAES_WAVE,volume,,,10,0.0,0.0,0.0
2026-04-22T11:37:04.029000,SBX_ANAES_WAVE,pressure,,,10,-0.18,-0.14,-0.153
2026-04-22T11:37:04.029000,SBX_ANAES_WAVE,inspExpMarker,,,0,,,
2026-04-22T11:37:04.430000,SBX_ANAES_WAVE,respGas,,,0,,,
2026-04-22T11:37:04.430000,SBX_ANAES_WAVE,respGas,,,0,,,
2026-04-22T11:37:04.430000,SBX_ANAES_WAVE,flow,,,10,0.0,0.0,0.0
2026-04-22T11:37:04.430000,SBX_ANAES_WAVE,volume,,,10,0.0,0.0,0.0
2026-04-22T11:37:04.430000,SBX_ANAES_WAVE,pressure,,,10,-0.18,-0.17,-0.179
2026-04-22T11:37:04.430000,SBX_ANAES_WAVE,inspExpMarker,,,0,,,
2026-04-22T11:37:04.831000,SBX_ANAES_WAVE,respGas,,,0,,,
2026-04-22T11:37:04.831000,SBX_ANAES_WAVE,respGas,,,0,,,
2026-04-22T11:37:04.831000,SBX_ANAES_WAVE,flow,,,10,0.0,0.0,0.0
2026-04-22T11:37:04.831000,SBX_ANAES_WAVE,volume,,,10,0.0,0.0,0.0
2026-04-22T11:37:04.831000,SBX_ANAES_WAVE,pressure,,,10,-0.18,-0.17,-0.178
2026-04-22T11:37:04.831000,SBX_ANAES_WAVE,inspExpMarker,,,0,,,
2026-04-22T11:37:05.296000,SBX_ANAES_WAVE,respGas,,,0,,,
2026-04-22T11:37:05.296000,SBX_ANAES_WAVE,respGas,,,0,,,
2026-04-22T11:37:05.296000,SBX_ANAES_WAVE,flow,,,10,0.0,0.0,0.0
2026-04-22T11:37:05.296000,SBX_ANAES_WAVE,volume,,,10,0.0,0.0,0.0
2026-04-22T11:37:05.296000,SBX_ANAES_WAVE,pressure,,,10,-0.18,-0.15,-0.17
2026-04-22T11:37:05.296000,SBX_ANAES_WAVE,inspExpMarker,,,0,,,
2026-04-22T11:37:05.631000,SBX_ANAES_WAVE,respGas,,,0,,,
2026-04-22T11:37:05.631000,SBX_ANAES_WAVE,respGas,,,0,,,
2026-04-22T11:37:05.631000,SBX_ANAES_WAVE,flow,,,10,0.0,0.0,0.0
2026-04-22T11:37:05.631000,SBX_ANAES_WAVE,volume,,,10,0.0,0.0,0.0
2026-04-22T11:37:05.631000,SBX_ANAES_WAVE,pressure,,,10,-0.18,-0.18,-0.18
2026-04-22T11:37:05.631000,SBX_ANAES_WAVE,inspExpMarker,,,0,,,
2026-04-22T11:37:06.039000,SBX_ANAES_WAVE,respGas,,,0,,,
2026-04-22T11:37:06.039000,SBX_ANAES_WAVE,respGas,,,0,,,
2026-04-22T11:37:06.039000,SBX_ANAES_WAVE,flow,,,10,0.0,0.0,0.0
2026-04-22T11:37:06.039000,SBX_ANAES_WAVE,volume,,,10,0.0,0.0,0.0
2026-04-22T11:37:06.039000,SBX_ANAES_WAVE,pressure,,,10,-0.18,-0.16,-0.178
2026-04-22T11:37:06.039000,SBX_ANAES_WAVE,inspExpMarker,,,0,,,
2026-04-22T11:37:06.429000,SBX_ANAES_WAVE,respGas,,,0,,,
2026-04-22T11:37:06.429000,SBX_ANAES_WAVE,respGas,,,0,,,
2026-04-22T11:37:06.429000,SBX_ANAES_WAVE,flow,,,10,0.0,0.0,0.0
2026-04-22T11:37:06.429000,SBX_ANAES_WAVE,volume,,,10,0.0,0.0,0.0
2026-04-22T11:37:06.429000,SBX_ANAES_WAVE,pressure,,,10,-0.18,-0.17,-0.172
2026-04-22T11:37:06.429000,SBX_ANAES_WAVE,inspExpMarker,,,0,,,
2026-04-22T11:37:06.829000,SBX_ANAES_WAVE,respGas,,,0,,,
2026-04-22T11:37:06.829000,SBX_ANAES_WAVE,respGas,,,0,,,
2026-04-22T11:37:06.829000,SBX_ANAES_WAVE,flow,,,10,0.0,0.0,0.0
2026-04-22T11:37:06.829000,SBX_ANAES_WAVE,volume,,,10,0.0,0.0,0.0
2026-04-22T11:37:06.829000,SBX_ANAES_WAVE,pressure,,,10,-0.18,-0.16,-0.167
2026-04-22T11:37:06.829000,SBX_ANAES_WAVE,inspExpMarker,,,0,,,
2026-04-22T11:37:07.365000,SBX_ANAES_WAVE,respGas,,,0,,,
2026-04-22T11:37:07.365000,SBX_ANAES_WAVE,respGas,,,0,,,
2026-04-22T11:37:07.365000,SBX_ANAES_WAVE,flow,,,10,0.0,0.0,0.0
2026-04-22T11:37:07.365000,SBX_ANAES_WAVE,volume,,,10,0.0,0.0,0.0
2026-04-22T11:37:07.365000,SBX_ANAES_WAVE,pressure,,,10,-0.18,-0.16,-0.175
2026-04-22T11:37:07.365000,SBX_ANAES_WAVE,inspExpMarker,,,0,,,
2026-04-22T11:37:07.629000,SBX_ANAES_WAVE,respGas,,,0,,,
2026-04-22T11:37:07.629000,SBX_ANAES_WAVE,respGas,,,0,,,
2026-04-22T11:37:07.629000,SBX_ANAES_WAVE,flow,,,10,0.0,0.0,0.0
2026-04-22T11:37:07.629000,SBX_ANAES_WAVE,volume,,,10,0.0,0.0,0.0
2026-04-22T11:37:07.629000,SBX_ANAES_WAVE,pressure,,,10,-0.18,-0.18,-0.18
2026-04-22T11:37:07.629000,SBX_ANAES_WAVE,inspExpMarker,,,0,,,
2026-04-22T11:37:08.030000,SBX_ANAES_WAVE,respGas,,,0,,,
2026-04-22T11:37:08.030000,SBX_ANAES_WAVE,respGas,,,0,,,
2026-04-22T11:37:08.030000,SBX_ANAES_WAVE,flow,,,10,0.0,0.0,0.0
2026-04-22T11:37:08.030000,SBX_ANAES_WAVE,volume,,,10,0.0,0.0,0.0
2026-04-22T11:37:08.030000,SBX_ANAES_WAVE,pressure,,,10,-0.18,-0.18,-0.18
2026-04-22T11:37:08.030000,SBX_ANAES_WAVE,inspExpMarker,,,0,,,
2026-04-22T11:37:08.431000,SBX_ANAES_WAVE,respGas,,,0,,,
2026-04-22T11:37:08.431000,SBX_ANAES_WAVE,respGas,,,0,,,
2026-04-22T11:37:08.431000,SBX_ANAES_WAVE,flow,,,10,0.0,0.0,0.0
2026-04-22T11:37:08.431000,SBX_ANAES_WAVE,volume,,,10,0.0,0.0,0.0
2026-04-22T11:37:08.431000,SBX_ANAES_WAVE,pressure,,,10,-0.18,-0.14,-0.155
2026-04-22T11:37:08.431000,SBX_ANAES_WAVE,inspExpMarker,,,0,,,
2026-04-22T11:37:08.832000,SBX_ANAES_WAVE,respGas,,,0,,,
2026-04-22T11:37:08.832000,SBX_ANAES_WAVE,respGas,,,0,,,
2026-04-22T11:37:08.832000,SBX_ANAES_WAVE,flow,,,10,0.0,0.0,0.0
2026-04-22T11:37:08.832000,SBX_ANAES_WAVE,volume,,,10,0.0,0.0,0.0
2026-04-22T11:37:08.832000,SBX_ANAES_WAVE,pressure,,,10,-0.18,-0.13,-0.144
2026-04-22T11:37:08.832000,SBX_ANAES_WAVE,inspExpMarker,,,0,,,
2026-04-22T11:37:09.307000,SBX_ANAES_WAVE,respGas,,,0,,,
2026-04-22T11:37:09.307000,SBX_ANAES_WAVE,respGas,,,0,,,
2026-04-22T11:37:09.307000,SBX_ANAES_WAVE,flow,,,10,0.0,0.001,0.0001
2026-04-22T11:37:09.307000,SBX_ANAES_WAVE,volume,,,10,0.0,0.0,0.0
2026-04-22T11:37:09.307000,SBX_ANAES_WAVE,pressure,,,10,-0.18,-0.18,-0.18
2026-04-22T11:37:09.307000,SBX_ANAES_WAVE,inspExpMarker,,,0,,,
2026-04-22T11:37:09.639000,SBX_ANAES_WAVE,respGas,,,0,,,
2026-04-22T11:37:09.639000,SBX_ANAES_WAVE,respGas,,,0,,,
2026-04-22T11:37:09.639000,SBX_ANAES_WAVE,flow,,,10,0.0,0.0,0.0
2026-04-22T11:37:09.639000,SBX_ANAES_WAVE,volume,,,10,0.0,0.0,0.0
2026-04-22T11:37:09.639000,SBX_ANAES_WAVE,pressure,,,10,-0.18,-0.17,-0.179
2026-04-22T11:37:09.639000,SBX_ANAES_WAVE,inspExpMarker,,,0,,,
2026-04-22T11:37:10.030000,SBX_ANAES_WAVE,respGas,,,0,,,
2026-04-22T11:37:10.030000,SBX_ANAES_WAVE,respGas,,,0,,,
2026-04-22T11:37:10.030000,SBX_ANAES_WAVE,flow,,,10,0.0,0.0,0.0
2026-04-22T11:37:10.030000,SBX_ANAES_WAVE,volume,,,10,0.0,0.0,0.0
2026-04-22T11:37:10.030000,SBX_ANAES_WAVE,pressure,,,10,-0.18,-0.17,-0.177
2026-04-22T11:37:10.030000,SBX_ANAES_WAVE,inspExpMarker,,,0,,,
2026-04-22T11:37:10.430000,SBX_ANAES_WAVE,respGas,,,0,,,
2026-04-22T11:37:10.430000,SBX_ANAES_WAVE,respGas,,,0,,,
2026-04-22T11:37:10.430000,SBX_ANAES_WAVE,flow,,,10,0.0,0.0,0.0
2026-04-22T11:37:10.430000,SBX_ANAES_WAVE,volume,,,10,0.0,0.0,0.0
2026-04-22T11:37:10.430000,SBX_ANAES_WAVE,pressure,,,10,-0.18,-0.18,-0.18
2026-04-22T11:37:10.430000,SBX_ANAES_WAVE,inspExpMarker,,,0,,,
2026-04-22T11:37:10.895000,SBX_ANAES_WAVE,respGas,,,0,,,
2026-04-22T11:37:10.895000,SBX_ANAES_WAVE,respGas,,,0,,,
2026-04-22T11:37:10.895000,SBX_ANAES_WAVE,flow,,,10,0.0,0.0,0.0
2026-04-22T11:37:10.895000,SBX_ANAES_WAVE,volume,,,10,0.0,0.0,0.0
2026-04-22T11:37:10.895000,SBX_ANAES_WAVE,pressure,,,10,-0.18,-0.14,-0.164
2026-04-22T11:37:10.895000,SBX_ANAES_WAVE,inspExpMarker,,,0,,,
2026-04-22T11:37:11.340000,SBX_ANAES_WAVE,respGas,,,0,,,
2026-04-22T11:37:11.340000,SBX_ANAES_WAVE,respGas,,,0,,,
2026-04-22T11:37:11.340000,SBX_ANAES_WAVE,flow,,,10,0.0,0.0,0.0
2026-04-22T11:37:11.340000,SBX_ANAES_WAVE,volume,,,10,0.0,0.0,0.0
2026-04-22T11:37:11.340000,SBX_ANAES_WAVE,pressure,,,10,-0.15,-0.14,-0.141
2026-04-22T11:37:11.340000,SBX_ANAES_WAVE,inspExpMarker,,,0,,,
2026-04-22T11:37:11.642000,SBX_ANAES_WAVE,respGas,,,0,,,
2026-04-22T11:37:11.642000,SBX_ANAES_WAVE,respGas,,,0,,,
2026-04-22T11:37:11.642000,SBX_ANAES_WAVE,flow,,,10,0.0,0.0,0.0
2026-04-22T11:37:11.642000,SBX_ANAES_WAVE,volume,,,10,0.0,0.0,0.0
2026-04-22T11:37:11.642000,SBX_ANAES_WAVE,pressure,,,10,-0.18,-0.18,-0.18
2026-04-22T11:37:11.642000,SBX_ANAES_WAVE,inspExpMarker,,,0,,,
2026-04-22T11:37:12.029000,SBX_ANAES_WAVE,respGas,,,0,,,
2026-04-22T11:37:12.029000,SBX_ANAES_WAVE,respGas,,,0,,,
2026-04-22T11:37:12.029000,SBX_ANAES_WAVE,flow,,,10,0.0,0.0,0.0
2026-04-22T11:37:12.029000,SBX_ANAES_WAVE,volume,,,10,0.0,0.0,0.0
2026-04-22T11:37:12.029000,SBX_ANAES_WAVE,pressure,,,10,-0.18,-0.14,-0.168
2026-04-22T11:37:12.029000,SBX_ANAES_WAVE,inspExpMarker,,,0,,,
2026-04-22T11:37:12.432000,SBX_ANAES_WAVE,respGas,,,0,,,
2026-04-22T11:37:12.432000,SBX_ANAES_WAVE,respGas,,,0,,,
2026-04-22T11:37:12.432000,SBX_ANAES_WAVE,flow,,,10,0.0,0.0,0.0
2026-04-22T11:37:12.432000,SBX_ANAES_WAVE,volume,,,10,0.0,0.0,0.0
2026-04-22T11:37:12.432000,SBX_ANAES_WAVE,pressure,,,10,-0.18,-0.14,-0.154
2026-04-22T11:37:12.432000,SBX_ANAES_WAVE,inspExpMarker,,,0,,,
2026-04-22T11:37:12.837000,SBX_ANAES_WAVE,respGas,,,0,,,
2026-04-22T11:37:12.837000,SBX_ANAES_WAVE,respGas,,,0,,,
2026-04-22T11:37:12.837000,SBX_ANAES_WAVE,flow,,,10,0.0,0.0,0.0
2026-04-22T11:37:12.837000,SBX_ANAES_WAVE,volume,,,10,0.0,0.0,0.0
2026-04-22T11:37:12.837000,SBX_ANAES_WAVE,pressure,,,10,-0.18,-0.14,-0.162
2026-04-22T11:37:12.837000,SBX_ANAES_WAVE,inspExpMarker,,,0,,,
2026-04-22T11:37:13.279000,SBX_ANAES_WAVE,respGas,,,0,,,
2026-04-22T11:37:13.279000,SBX_ANAES_WAVE,respGas,,,0,,,
2026-04-22T11:37:13.279000,SBX_ANAES_WAVE,flow,,,10,0.0,0.0,0.0
2026-04-22T11:37:13.279000,SBX_ANAES_WAVE,volume,,,10,0.0,0.0,0.0
2026-04-22T11:37:13.279000,SBX_ANAES_WAVE,pressure,,,10,-0.18,-0.17,-0.178
2026-04-22T11:37:13.279000,SBX_ANAES_WAVE,inspExpMarker,,,0,,,
2026-04-22T11:37:13.631000,SBX_ANAES_WAVE,respGas,,,0,,,
2026-04-22T11:37:13.631000,SBX_ANAES_WAVE,respGas,,,0,,,
2026-04-22T11:37:13.631000,SBX_ANAES_WAVE,flow,,,10,0.0,0.0,0.0
2026-04-22T11:37:13.631000,SBX_ANAES_WAVE,volume,,,10,0.0,0.0,0.0
2026-04-22T11:37:13.631000,SBX_ANAES_WAVE,pressure,,,10,-0.18,-0.16,-0.172
2026-04-22T11:37:13.631000,SBX_ANAES_WAVE,inspExpMarker,,,0,,,
2026-04-22T11:37:14.030000,SBX_ANAES_WAVE,respGas,,,0,,,
2026-04-22T11:37:14.030000,SBX_ANAES_WAVE,respGas,,,0,,,
2026-04-22T11:37:14.030000,SBX_ANAES_WAVE,flow,,,10,0.0,0.0,0.0
2026-04-22T11:37:14.030000,SBX_ANAES_WAVE,volume,,,10,0.0,0.0,0.0
2026-04-22T11:37:14.030000,SBX_ANAES_WAVE,pressure,,,10,-0.18,-0.14,-0.174
2026-04-22T11:37:14.030000,SBX_ANAES_WAVE,inspExpMarker,,,0,,,
2026-04-22T11:37:14.439000,SBX_ANAES_WAVE,respGas,,,0,,,
2026-04-22T11:37:14.439000,SBX_ANAES_WAVE,respGas,,,0,,,
2026-04-22T11:37:14.439000,SBX_ANAES_WAVE,flow,,,10,0.0,0.0,0.0
2026-04-22T11:37:14.439000,SBX_ANAES_WAVE,volume,,,10,0.0,0.0,0.0
2026-04-22T11:37:14.439000,SBX_ANAES_WAVE,pressure,,,10,-0.14,-0.13,-0.139
2026-04-22T11:37:14.439000,SBX_ANAES_WAVE,inspExpMarker,,,0,,,
2026-04-22T11:37:14.829000,SBX_ANAES_WAVE,respGas,,,0,,,
2026-04-22T11:37:14.829000,SBX_ANAES_WAVE,respGas,,,0,,,
2026-04-22T11:37:14.829000,SBX_ANAES_WAVE,flow,,,10,0.0,0.0,0.0
2026-04-22T11:37:14.829000,SBX_ANAES_WAVE,volume,,,10,0.0,0.0,0.0
2026-04-22T11:37:14.829000,SBX_ANAES_WAVE,pressure,,,10,-0.16,-0.14,-0.142
2026-04-22T11:37:14.829000,SBX_ANAES_WAVE,inspExpMarker,,,0,,,
2026-04-22T11:37:15.348000,SBX_ANAES_WAVE,respGas,,,0,,,
2026-04-22T11:37:15.348000,SBX_ANAES_WAVE,respGas,,,0,,,
2026-04-22T11:37:15.348000,SBX_ANAES_WAVE,flow,,,10,0.0,0.0,0.0
2026-04-22T11:37:15.348000,SBX_ANAES_WAVE,volume,,,10,0.0,0.0,0.0
2026-04-22T11:37:15.348000,SBX_ANAES_WAVE,pressure,,,10,-0.18,-0.16,-0.174
2026-04-22T11:37:15.348000,SBX_ANAES_WAVE,inspExpMarker,,,0,,,
2026-04-22T11:37:15.668000,SBX_ANAES_WAVE,respGas,,,0,,,
2026-04-22T11:37:15.668000,SBX_ANAES_WAVE,respGas,,,0,,,
2026-04-22T11:37:15.668000,SBX_ANAES_WAVE,flow,,,10,0.0,0.0,0.0
2026-04-22T11:37:15.668000,SBX_ANAES_WAVE,volume,,,10,0.0,0.0,0.0
2026-04-22T11:37:15.668000,SBX_ANAES_WAVE,pressure,,,10,-0.18,-0.18,-0.18
2026-04-22T11:37:15.668000,SBX_ANAES_WAVE,inspExpMarker,,,0,,,
2026-04-22T11:37:16.030000,SBX_ANAES_WAVE,respGas,,,0,,,
2026-04-22T11:37:16.030000,SBX_ANAES_WAVE,respGas,,,0,,,
2026-04-22T11:37:16.030000,SBX_ANAES_WAVE,flow,,,10,0.0,0.0,0.0
2026-04-22T11:37:16.030000,SBX_ANAES_WAVE,volume,,,10,0.0,0.0,0.0
2026-04-22T11:37:16.030000,SBX_ANAES_WAVE,pressure,,,10,-0.18,-0.14,-0.168
2026-04-22T11:37:16.030000,SBX_ANAES_WAVE,inspExpMarker,,,0,,,
2026-04-22T11:37:16.429000,SBX_ANAES_WAVE,respGas,,,0,,,
2026-04-22T11:37:16.429000,SBX_ANAES_WAVE,respGas,,,0,,,
2026-04-22T11:37:16.429000,SBX_ANAES_WAVE,flow,,,10,0.0,0.001,0.0002
2026-04-22T11:37:16.429000,SBX_ANAES_WAVE,volume,,,10,0.0,0.0,0.0
2026-04-22T11:37:16.429000,SBX_ANAES_WAVE,pressure,,,10,-0.14,-0.13,-0.139
2026-04-22T11:37:16.429000,SBX_ANAES_WAVE,inspExpMarker,,,0,,,
2026-04-22T11:37:16.832000,SBX_ANAES_WAVE,respGas,,,0,,,
2026-04-22T11:37:16.832000,SBX_ANAES_WAVE,respGas,,,0,,,
2026-04-22T11:37:16.832000,SBX_ANAES_WAVE,flow,,,10,0.0,0.0,0.0
2026-04-22T11:37:16.832000,SBX_ANAES_WAVE,volume,,,10,0.0,0.0,0.0
2026-04-22T11:37:16.832000,SBX_ANAES_WAVE,pressure,,,10,-0.18,-0.14,-0.163
2026-04-22T11:37:16.832000,SBX_ANAES_WAVE,inspExpMarker,,,0,,,
2026-04-22T11:37:17.490000,SBX_ANAES_WAVE,respGas,,,0,,,
2026-04-22T11:37:17.490000,SBX_ANAES_WAVE,respGas,,,0,,,
2026-04-22T11:37:17.490000,SBX_ANAES_WAVE,flow,,,10,0.0,0.001,0.0002
2026-04-22T11:37:17.490000,SBX_ANAES_WAVE,volume,,,10,0.0,0.0,0.0
2026-04-22T11:37:17.490000,SBX_ANAES_WAVE,pressure,,,10,-0.17,-0.13,-0.154
2026-04-22T11:37:17.490000,SBX_ANAES_WAVE,inspExpMarker,,,0,,,
2026-04-22T11:37:17.629000,SBX_ANAES_WAVE,respGas,,,0,,,
2026-04-22T11:37:17.629000,SBX_ANAES_WAVE,respGas,,,0,,,
2026-04-22T11:37:17.629000,SBX_ANAES_WAVE,flow,,,10,0.0,0.0,0.0
2026-04-22T11:37:17.629000,SBX_ANAES_WAVE,volume,,,10,0.0,0.0,0.0
2026-04-22T11:37:17.629000,SBX_ANAES_WAVE,pressure,,,10,-0.18,-0.14,-0.174
2026-04-22T11:37:17.629000,SBX_ANAES_WAVE,inspExpMarker,,,0,,,
2026-04-22T11:37:18.070000,SBX_ANAES_WAVE,respGas,,,0,,,
2026-04-22T11:37:18.070000,SBX_ANAES_WAVE,respGas,,,0,,,
2026-04-22T11:37:18.070000,SBX_ANAES_WAVE,flow,,,10,0.0,0.0,0.0
2026-04-22T11:37:18.070000,SBX_ANAES_WAVE,volume,,,10,0.0,0.0,0.0
2026-04-22T11:37:18.070000,SBX_ANAES_WAVE,pressure,,,10,-0.18,-0.14,-0.158
2026-04-22T11:37:18.070000,SBX_ANAES_WAVE,inspExpMarker,,,0,,,
2026-04-22T11:37:18.432000,SBX_ANAES_WAVE,respGas,,,0,,,
2026-04-22T11:37:18.432000,SBX_ANAES_WAVE,respGas,,,0,,,
2026-04-22T11:37:18.432000,SBX_ANAES_WAVE,flow,,,10,0.0,0.0,0.0
2026-04-22T11:37:18.432000,SBX_ANAES_WAVE,volume,,,10,0.0,0.0,0.0
2026-04-22T11:37:18.432000,SBX_ANAES_WAVE,pressure,,,10,-0.18,-0.18,-0.18
2026-04-22T11:37:18.432000,SBX_ANAES_WAVE,inspExpMarker,,,0,,,
2026-04-22T11:37:18.829000,SBX_ANAES_WAVE,respGas,,,0,,,
2026-04-22T11:37:18.829000,SBX_ANAES_WAVE,respGas,,,0,,,
2026-04-22T11:37:18.829000,SBX_ANAES_WAVE,flow,,,10,0.0,0.0,0.0
2026-04-22T11:37:18.829000,SBX_ANAES_WAVE,volume,,,10,0.0,0.0,0.0
2026-04-22T11:37:18.829000,SBX_ANAES_WAVE,pressure,,,10,-0.18,-0.18,-0.18
2026-04-22T11:37:18.829000,SBX_ANAES_WAVE,inspExpMarker,,,0,,,
2026-04-22T11:37:19.354000,SBX_ANAES_WAVE,respGas,,,0,,,
2026-04-22T11:37:19.354000,SBX_ANAES_WAVE,respGas,,,0,,,
2026-04-22T11:37:19.354000,SBX_ANAES_WAVE,flow,,,10,0.0,0.001,0.0001
2026-04-22T11:37:19.354000,SBX_ANAES_WAVE,volume,,,10,0.0,0.0,0.0
2026-04-22T11:37:19.354000,SBX_ANAES_WAVE,pressure,,,10,-0.18,-0.18,-0.18
2026-04-22T11:37:19.354000,SBX_ANAES_WAVE,inspExpMarker,,,0,,,
2026-04-22T11:37:19.629000,SBX_ANAES_WAVE,respGas,,,0,,,
2026-04-22T11:37:19.629000,SBX_ANAES_WAVE,respGas,,,0,,,
2026-04-22T11:37:19.629000,SBX_ANAES_WAVE,flow,,,10,0.0,0.0,0.0
2026-04-22T11:37:19.629000,SBX_ANAES_WAVE,volume,,,10,0.0,0.0,0.0
2026-04-22T11:37:19.629000,SBX_ANAES_WAVE,pressure,,,10,-0.18,-0.14,-0.168
2026-04-22T11:37:19.629000,SBX_ANAES_WAVE,inspExpMarker,,,0,,,
2026-04-22T11:37:20.109000,SBX_ANAES_WAVE,respGas,,,0,,,
2026-04-22T11:37:20.109000,SBX_ANAES_WAVE,respGas,,,0,,,
2026-04-22T11:37:20.109000,SBX_ANAES_WAVE,flow,,,10,0.0,0.0,0.0
2026-04-22T11:37:20.109000,SBX_ANAES_WAVE,volume,,,10,0.0,0.0,0.0
2026-04-22T11:37:20.109000,SBX_ANAES_WAVE,pressure,,,10,-0.14,-0.14,-0.14
2026-04-22T11:37:20.109000,SBX_ANAES_WAVE,inspExpMarker,,,0,,,
2026-04-22T11:37:20.433000,SBX_ANAES_WAVE,respGas,,,0,,,
2026-04-22T11:37:20.433000,SBX_ANAES_WAVE,respGas,,,0,,,
2026-04-22T11:37:20.433000,SBX_ANAES_WAVE,flow,,,10,0.0,0.0,0.0
2026-04-22T11:37:20.433000,SBX_ANAES_WAVE,volume,,,10,0.0,0.0,0.0
2026-04-22T11:37:20.433000,SBX_ANAES_WAVE,pressure,,,10,-0.18,-0.15,-0.177
2026-04-22T11:37:20.433000,SBX_ANAES_WAVE,inspExpMarker,,,0,,,
2026-04-22T11:37:20.829000,SBX_ANAES_WAVE,respGas,,,0,,,
2026-04-22T11:37:20.829000,SBX_ANAES_WAVE,respGas,,,0,,,
2026-04-22T11:37:20.829000,SBX_ANAES_WAVE,flow,,,10,0.0,0.0,0.0
2026-04-22T11:37:20.829000,SBX_ANAES_WAVE,volume,,,10,0.0,0.0,0.0
2026-04-22T11:37:20.829000,SBX_ANAES_WAVE,pressure,,,10,-0.18,-0.18,-0.18
2026-04-22T11:37:20.829000,SBX_ANAES_WAVE,inspExpMarker,,,0,,,
2026-04-22T11:37:21.230000,SBX_ANAES_WAVE,respGas,,,0,,,
2026-04-22T11:37:21.230000,SBX_ANAES_WAVE,respGas,,,0,,,
2026-04-22T11:37:21.230000,SBX_ANAES_WAVE,flow,,,10,0.0,0.0,0.0
2026-04-22T11:37:21.230000,SBX_ANAES_WAVE,volume,,,10,0.0,0.0,0.0
2026-04-22T11:37:21.230000,SBX_ANAES_WAVE,pressure,,,10,-0.18,-0.12,-0.143
2026-04-22T11:37:21.230000,SBX_ANAES_WAVE,inspExpMarker,,,0,,,
2026-04-22T11:37:21.630000,SBX_ANAES_WAVE,respGas,,,0,,,
2026-04-22T11:37:21.630000,SBX_ANAES_WAVE,respGas,,,0,,,
2026-04-22T11:37:21.630000,SBX_ANAES_WAVE,flow,,,10,0.0,0.0,0.0
2026-04-22T11:37:21.630000,SBX_ANAES_WAVE,volume,,,10,0.0,0.0,0.0
2026-04-22T11:37:21.630000,SBX_ANAES_WAVE,pressure,,,10,-0.18,-0.12,-0.146
2026-04-22T11:37:21.630000,SBX_ANAES_WAVE,inspExpMarker,,,0,,,
2026-04-22T11:37:22.030000,SBX_ANAES_WAVE,respGas,,,0,,,
2026-04-22T11:37:22.030000,SBX_ANAES_WAVE,respGas,,,0,,,
2026-04-22T11:37:22.030000,SBX_ANAES_WAVE,flow,,,10,0.0,0.0,0.0
2026-04-22T11:37:22.030000,SBX_ANAES_WAVE,volume,,,10,0.0,0.0,0.0
2026-04-22T11:37:22.030000,SBX_ANAES_WAVE,pressure,,,10,-0.18,-0.14,-0.148
2026-04-22T11:37:22.030000,SBX_ANAES_WAVE,inspExpMarker,,,0,,,
2026-04-22T11:37:22.429000,SBX_ANAES_WAVE,respGas,,,0,,,
2026-04-22T11:37:22.429000,SBX_ANAES_WAVE,respGas,,,0,,,
2026-04-22T11:37:22.429000,SBX_ANAES_WAVE,flow,,,10,0.0,0.0,0.0
2026-04-22T11:37:22.429000,SBX_ANAES_WAVE,volume,,,10,0.0,0.0,0.0
2026-04-22T11:37:22.429000,SBX_ANAES_WAVE,pressure,,,10,-0.18,-0.14,-0.156
2026-04-22T11:37:22.429000,SBX_ANAES_WAVE,inspExpMarker,,,0,,,
2026-04-22T11:37:22.828000,SBX_ANAES_WAVE,respGas,,,0,,,
2026-04-22T11:37:22.828000,SBX_ANAES_WAVE,respGas,,,0,,,
2026-04-22T11:37:22.828000,SBX_ANAES_WAVE,flow,,,10,0.0,0.0,0.0
2026-04-22T11:37:22.828000,SBX_ANAES_WAVE,volume,,,10,0.0,0.0,0.0
2026-04-22T11:37:22.828000,SBX_ANAES_WAVE,pressure,,,10,-0.18,-0.14,-0.152
2026-04-22T11:37:22.828000,SBX_ANAES_WAVE,inspExpMarker,,,0,,,
2026-04-22T11:37:23.310000,SBX_ANAES_WAVE,respGas,,,0,,,
2026-04-22T11:37:23.310000,SBX_ANAES_WAVE,respGas,,,0,,,
2026-04-22T11:37:23.310000,SBX_ANAES_WAVE,flow,,,10,0.0,0.0,0.0
2026-04-22T11:37:23.310000,SBX_ANAES_WAVE,volume,,,10,0.0,0.0,0.0
2026-04-22T11:37:23.310000,SBX_ANAES_WAVE,pressure,,,10,-0.18,-0.14,-0.165
2026-04-22T11:37:23.310000,SBX_ANAES_WAVE,inspExpMarker,,,0,,,
2026-04-22T11:37:23.635000,SBX_ANAES_WAVE,respGas,,,0,,,
2026-04-22T11:37:23.635000,SBX_ANAES_WAVE,respGas,,,0,,,
2026-04-22T11:37:23.635000,SBX_ANAES_WAVE,flow,,,10,0.0,0.0,0.0
2026-04-22T11:37:23.635000,SBX_ANAES_WAVE,volume,,,10,0.0,0.0,0.0
2026-04-22T11:37:23.635000,SBX_ANAES_WAVE,pressure,,,10,-0.18,-0.13,-0.163
2026-04-22T11:37:23.635000,SBX_ANAES_WAVE,inspExpMarker,,,0,,,
2026-04-22T11:37:24.029000,SBX_ANAES_WAVE,respGas,,,0,,,
2026-04-22T11:37:24.029000,SBX_ANAES_WAVE,respGas,,,0,,,
2026-04-22T11:37:24.029000,SBX_ANAES_WAVE,flow,,,10,0.0,0.0,0.0
2026-04-22T11:37:24.029000,SBX_ANAES_WAVE,volume,,,10,0.0,0.0,0.0
2026-04-22T11:37:24.029000,SBX_ANAES_WAVE,pressure,,,10,-0.18,-0.17,-0.178
2026-04-22T11:37:24.029000,SBX_ANAES_WAVE,inspExpMarker,,,0,,,
2026-04-22T11:37:24.429000,SBX_ANAES_WAVE,respGas,,,0,,,
2026-04-22T11:37:24.429000,SBX_ANAES_WAVE,respGas,,,0,,,
2026-04-22T11:37:24.429000,SBX_ANAES_WAVE,flow,,,10,0.0,0.0,0.0
2026-04-22T11:37:24.429000,SBX_ANAES_WAVE,volume,,,10,0.0,0.0,0.0
2026-04-22T11:37:24.429000,SBX_ANAES_WAVE,pressure,,,10,-0.18,-0.18,-0.18
2026-04-22T11:37:24.429000,SBX_ANAES_WAVE,inspExpMarker,,,0,,,
2026-04-22T11:37:24.828000,SBX_ANAES_WAVE,respGas,,,0,,,
2026-04-22T11:37:24.828000,SBX_ANAES_WAVE,respGas,,,0,,,
2026-04-22T11:37:24.828000,SBX_ANAES_WAVE,flow,,,10,0.0,0.0,0.0
2026-04-22T11:37:24.828000,SBX_ANAES_WAVE,volume,,,10,0.0,0.0,0.0
2026-04-22T11:37:24.828000,SBX_ANAES_WAVE,pressure,,,10,-0.18,-0.18,-0.18
2026-04-22T11:37:24.828000,SBX_ANAES_WAVE,inspExpMarker,,,0,,,
2026-04-22T11:37:25.282000,SBX_ANAES_WAVE,respGas,,,0,,,
2026-04-22T11:37:25.282000,SBX_ANAES_WAVE,respGas,,,0,,,
2026-04-22T11:37:25.282000,SBX_ANAES_WAVE,flow,,,10,0.0,0.0,0.0
2026-04-22T11:37:25.282000,SBX_ANAES_WAVE,volume,,,10,0.0,0.0,0.0
2026-04-22T11:37:25.282000,SBX_ANAES_WAVE,pressure,,,10,-0.18,-0.14,-0.16
2026-04-22T11:37:25.282000,SBX_ANAES_WAVE,inspExpMarker,,,0,,,
2026-04-22T11:37:25.629000,SBX_ANAES_WAVE,respGas,,,0,,,
2026-04-22T11:37:25.629000,SBX_ANAES_WAVE,respGas,,,0,,,
2026-04-22T11:37:25.629000,SBX_ANAES_WAVE,flow,,,10,0.0,0.0,0.0
2026-04-22T11:37:25.629000,SBX_ANAES_WAVE,volume,,,10,0.0,0.0,0.0
2026-04-22T11:37:25.629000,SBX_ANAES_WAVE,pressure,,,10,-0.18,-0.14,-0.172
2026-04-22T11:37:25.629000,SBX_ANAES_WAVE,inspExpMarker,,,0,,,
2026-04-22T11:37:26.034000,SBX_ANAES_WAVE,respGas,,,0,,,
2026-04-22T11:37:26.034000,SBX_ANAES_WAVE,respGas,,,0,,,
2026-04-22T11:37:26.034000,SBX_ANAES_WAVE,flow,,,10,0.0,0.002,0.0003
2026-04-22T11:37:26.034000,SBX_ANAES_WAVE,volume,,,10,0.0,0.0,0.0
2026-04-22T11:37:26.034000,SBX_ANAES_WAVE,pressure,,,10,-0.18,-0.18,-0.18
2026-04-22T11:37:26.034000,SBX_ANAES_WAVE,inspExpMarker,,,0,,,
2026-04-22T11:37:26.435000,SBX_ANAES_WAVE,respGas,,,0,,,
2026-04-22T11:37:26.435000,SBX_ANAES_WAVE,respGas,,,0,,,
2026-04-22T11:37:26.435000,SBX_ANAES_WAVE,flow,,,10,0.0,0.0,0.0
2026-04-22T11:37:26.435000,SBX_ANAES_WAVE,volume,,,10,0.0,0.0,0.0
2026-04-22T11:37:26.435000,SBX_ANAES_WAVE,pressure,,,10,-0.18,-0.17,-0.178
2026-04-22T11:37:26.435000,SBX_ANAES_WAVE,inspExpMarker,,,0,,,
2026-04-22T11:37:26.828000,SBX_ANAES_WAVE,respGas,,,0,,,
2026-04-22T11:37:26.828000,SBX_ANAES_WAVE,respGas,,,0,,,
2026-04-22T11:37:26.828000,SBX_ANAES_WAVE,flow,,,10,0.0,0.0,0.0
2026-04-22T11:37:26.828000,SBX_ANAES_WAVE,volume,,,10,0.0,0.0,0.0
2026-04-22T11:37:26.828000,SBX_ANAES_WAVE,pressure,,,10,-0.18,-0.17,-0.178
2026-04-22T11:37:26.828000,SBX_ANAES_WAVE,inspExpMarker,,,0,,,
2026-04-22T11:37:27.288000,SBX_ANAES_WAVE,respGas,,,0,,,
2026-04-22T11:37:27.288000,SBX_ANAES_WAVE,respGas,,,0,,,
2026-04-22T11:37:27.288000,SBX_ANAES_WAVE,flow,,,10,0.0,0.0,0.0
2026-04-22T11:37:27.288000,SBX_ANAES_WAVE,volume,,,10,0.0,0.0,0.0
2026-04-22T11:37:27.288000,SBX_ANAES_WAVE,pressure,,,10,-0.18,-0.17,-0.179
2026-04-22T11:37:27.288000,SBX_ANAES_WAVE,inspExpMarker,,,0,,,
2026-04-22T11:37:27.629000,SBX_ANAES_WAVE,respGas,,,0,,,
2026-04-22T11:37:27.629000,SBX_ANAES_WAVE,respGas,,,0,,,
2026-04-22T11:37:27.629000,SBX_ANAES_WAVE,flow,,,10,0.0,0.0,0.0
2026-04-22T11:37:27.629000,SBX_ANAES_WAVE,volume,,,10,0.0,0.0,0.0
2026-04-22T11:37:27.629000,SBX_ANAES_WAVE,pressure,,,10,-0.18,-0.18,-0.18
2026-04-22T11:37:27.629000,SBX_ANAES_WAVE,inspExpMarker,,,0,,,
2026-04-22T11:37:28.031000,SBX_ANAES_WAVE,respGas,,,0,,,
2026-04-22T11:37:28.031000,SBX_ANAES_WAVE,respGas,,,0,,,
2026-04-22T11:37:28.031000,SBX_ANAES_WAVE,flow,,,10,0.0,0.0,0.0
2026-04-22T11:37:28.031000,SBX_ANAES_WAVE,volume,,,10,0.0,0.0,0.0
2026-04-22T11:37:28.031000,SBX_ANAES_WAVE,pressure,,,10,-0.18,-0.18,-0.18
2026-04-22T11:37:28.031000,SBX_ANAES_WAVE,inspExpMarker,,,0,,,
2026-04-22T11:37:28.429000,SBX_ANAES_WAVE,respGas,,,0,,,
2026-04-22T11:37:28.429000,SBX_ANAES_WAVE,respGas,,,0,,,
2026-04-22T11:37:28.429000,SBX_ANAES_WAVE,flow,,,10,0.0,0.0,0.0
2026-04-22T11:37:28.429000,SBX_ANAES_WAVE,volume,,,10,0.0,0.0,0.0
2026-04-22T11:37:28.429000,SBX_ANAES_WAVE,pressure,,,10,-0.18,-0.18,-0.18
2026-04-22T11:37:28.429000,SBX_ANAES_WAVE,inspExpMarker,,,0,,,
2026-04-22T11:37:28.895000,SBX_ANAES_WAVE,respGas,,,0,,,
2026-04-22T11:37:28.895000,SBX_ANAES_WAVE,respGas,,,0,,,
2026-04-22T11:37:28.895000,SBX_ANAES_WAVE,flow,,,10,0.0,0.0,0.0
2026-04-22T11:37:28.895000,SBX_ANAES_WAVE,volume,,,10,0.0,0.0,0.0
2026-04-22T11:37:28.895000,SBX_ANAES_WAVE,pressure,,,10,-0.18,-0.18,-0.18
2026-04-22T11:37:28.895000,SBX_ANAES_WAVE,inspExpMarker,,,0,,,
2026-04-22T11:37:29.390000,SBX_ANAES_WAVE,respGas,,,0,,,
2026-04-22T11:37:29.390000,SBX_ANAES_WAVE,respGas,,,0,,,
2026-04-22T11:37:29.390000,SBX_ANAES_WAVE,flow,,,10,0.0,0.0,0.0
2026-04-22T11:37:29.390000,SBX_ANAES_WAVE,volume,,,10,0.0,0.0,0.0
2026-04-22T11:37:29.390000,SBX_ANAES_WAVE,pressure,,,10,-0.18,-0.14,-0.152
2026-04-22T11:37:29.390000,SBX_ANAES_WAVE,inspExpMarker,,,0,,,
2026-04-22T11:37:29.629000,SBX_ANAES_WAVE,respGas,,,0,,,
2026-04-22T11:37:29.629000,SBX_ANAES_WAVE,respGas,,,0,,,
2026-04-22T11:37:29.629000,SBX_ANAES_WAVE,flow,,,10,0.0,0.0,0.0
2026-04-22T11:37:29.629000,SBX_ANAES_WAVE,volume,,,10,0.0,0.0,0.0
2026-04-22T11:37:29.629000,SBX_ANAES_WAVE,pressure,,,10,-0.18,-0.14,-0.162
2026-04-22T11:37:29.629000,SBX_ANAES_WAVE,inspExpMarker,,,0,,,
2026-04-22T11:37:30.030000,SBX_ANAES_WAVE,respGas,,,0,,,
2026-04-22T11:37:30.030000,SBX_ANAES_WAVE,respGas,,,0,,,
2026-04-22T11:37:30.030000,SBX_ANAES_WAVE,flow,,,10,0.0,0.0,0.0
2026-04-22T11:37:30.030000,SBX_ANAES_WAVE,volume,,,10,0.0,0.0,0.0
2026-04-22T11:37:30.030000,SBX_ANAES_WAVE,pressure,,,10,-0.18,-0.14,-0.166
2026-04-22T11:37:30.030000,SBX_ANAES_WAVE,inspExpMarker,,,0,,,
2026-04-22T11:37:30.437000,SBX_ANAES_WAVE,respGas,,,0,,,
2026-04-22T11:37:30.437000,SBX_ANAES_WAVE,respGas,,,0,,,
2026-04-22T11:37:30.437000,SBX_ANAES_WAVE,flow,,,10,0.0,0.0,0.0
2026-04-22T11:37:30.437000,SBX_ANAES_WAVE,volume,,,10,0.0,0.0,0.0
2026-04-22T11:37:30.437000,SBX_ANAES_WAVE,pressure,,,10,-0.14,-0.14,-0.14
2026-04-22T11:37:30.437000,SBX_ANAES_WAVE,inspExpMarker,,,0,,,
2026-04-22T11:37:30.829000,SBX_ANAES_WAVE,respGas,,,0,,,
2026-04-22T11:37:30.829000,SBX_ANAES_WAVE,respGas,,,0,,,
2026-04-22T11:37:30.829000,SBX_ANAES_WAVE,flow,,,10,0.0,0.0,0.0
2026-04-22T11:37:30.829000,SBX_ANAES_WAVE,volume,,,10,0.0,0.0,0.0
2026-04-22T11:37:30.829000,SBX_ANAES_WAVE,pressure,,,10,-0.15,-0.14,-0.141
2026-04-22T11:37:30.829000,SBX_ANAES_WAVE,inspExpMarker,,,0,,,
2026-04-22T11:37:31.277000,SBX_ANAES_WAVE,respGas,,,0,,,
2026-04-22T11:37:31.277000,SBX_ANAES_WAVE,respGas,,,0,,,
2026-04-22T11:37:31.277000,SBX_ANAES_WAVE,flow,,,10,0.0,0.0,0.0
2026-04-22T11:37:31.277000,SBX_ANAES_WAVE,volume,,,10,0.0,0.0,0.0
2026-04-22T11:37:31.277000,SBX_ANAES_WAVE,pressure,,,10,-0.18,-0.14,-0.167
2026-04-22T11:37:31.277000,SBX_ANAES_WAVE,inspExpMarker,,,0,,,
2026-04-22T11:37:31.628000,SBX_ANAES_WAVE,respGas,,,0,,,
2026-04-22T11:37:31.628000,SBX_ANAES_WAVE,respGas,,,0,,,
2026-04-22T11:37:31.628000,SBX_ANAES_WAVE,flow,,,10,0.0,0.001,0.0002
2026-04-22T11:37:31.628000,SBX_ANAES_WAVE,volume,,,10,0.0,0.0,0.0
2026-04-22T11:37:31.628000,SBX_ANAES_WAVE,pressure,,,10,-0.18,-0.14,-0.165
2026-04-22T11:37:31.628000,SBX_ANAES_WAVE,inspExpMarker,,,0,,,
2026-04-22T11:37:32.031000,SBX_ANAES_WAVE,respGas,,,0,,,
2026-04-22T11:37:32.031000,SBX_ANAES_WAVE,respGas,,,0,,,
2026-04-22T11:37:32.031000,SBX_ANAES_WAVE,flow,,,10,0.0,0.0,0.0
2026-04-22T11:37:32.031000,SBX_ANAES_WAVE,volume,,,10,0.0,0.0,0.0
2026-04-22T11:37:32.031000,SBX_ANAES_WAVE,pressure,,,10,-0.18,-0.16,-0.173
2026-04-22T11:37:32.031000,SBX_ANAES_WAVE,inspExpMarker,,,0,,,
2026-04-22T11:37:32.431000,SBX_ANAES_WAVE,respGas,,,0,,,
2026-04-22T11:37:32.431000,SBX_ANAES_WAVE,respGas,,,0,,,
2026-04-22T11:37:32.431000,SBX_ANAES_WAVE,flow,,,10,0.0,0.0,0.0
2026-04-22T11:37:32.431000,SBX_ANAES_WAVE,volume,,,10,0.0,0.0,0.0
2026-04-22T11:37:32.431000,SBX_ANAES_WAVE,pressure,,,10,-0.18,-0.16,-0.172
2026-04-22T11:37:32.431000,SBX_ANAES_WAVE,inspExpMarker,,,0,,,
2026-04-22T11:37:32.834000,SBX_ANAES_WAVE,respGas,,,0,,,
2026-04-22T11:37:32.834000,SBX_ANAES_WAVE,respGas,,,0,,,
2026-04-22T11:37:32.834000,SBX_ANAES_WAVE,flow,,,10,0.0,0.0,0.0
2026-04-22T11:37:32.834000,SBX_ANAES_WAVE,volume,,,10,0.0,0.0,0.0
2026-04-22T11:37:32.834000,SBX_ANAES_WAVE,pressure,,,10,-0.18,-0.14,-0.17
2026-04-22T11:37:32.834000,SBX_ANAES_WAVE,inspExpMarker,,,0,,,
2026-04-22T11:37:33.281000,SBX_ANAES_WAVE,respGas,,,0,,,
2026-04-22T11:37:33.281000,SBX_ANAES_WAVE,respGas,,,0,,,
2026-04-22T11:37:33.281000,SBX_ANAES_WAVE,flow,,,10,0.0,0.0,0.0
2026-04-22T11:37:33.281000,SBX_ANAES_WAVE,volume,,,10,0.0,0.0,0.0
2026-04-22T11:37:33.281000,SBX_ANAES_WAVE,pressure,,,10,-0.18,-0.14,-0.16
2026-04-22T11:37:33.281000,SBX_ANAES_WAVE,inspExpMarker,,,0,,,
2026-04-22T11:37:33.631000,SBX_ANAES_WAVE,respGas,,,0,,,
2026-04-22T11:37:33.631000,SBX_ANAES_WAVE,respGas,,,0,,,
2026-04-22T11:37:33.631000,SBX_ANAES_WAVE,flow,,,10,0.0,0.0,0.0
2026-04-22T11:37:33.631000,SBX_ANAES_WAVE,volume,,,10,0.0,0.0,0.0
2026-04-22T11:37:33.631000,SBX_ANAES_WAVE,pressure,,,10,-0.18,-0.13,-0.147
2026-04-22T11:37:33.631000,SBX_ANAES_WAVE,inspExpMarker,,,0,,,
2026-04-22T11:37:34.039000,SBX_ANAES_WAVE,respGas,,,0,,,
2026-04-22T11:37:34.039000,SBX_ANAES_WAVE,respGas,,,0,,,
2026-04-22T11:37:34.039000,SBX_ANAES_WAVE,flow,,,10,0.0,0.001,0.0002
2026-04-22T11:37:34.039000,SBX_ANAES_WAVE,volume,,,10,0.0,0.0,0.0
2026-04-22T11:37:34.039000,SBX_ANAES_WAVE,pressure,,,10,-0.18,-0.13,-0.155
2026-04-22T11:37:34.039000,SBX_ANAES_WAVE,inspExpMarker,,,0,,,
2026-04-22T11:37:34.430000,SBX_ANAES_WAVE,respGas,,,0,,,
2026-04-22T11:37:34.430000,SBX_ANAES_WAVE,respGas,,,0,,,
2026-04-22T11:37:34.430000,SBX_ANAES_WAVE,flow,,,10,0.0,0.0,0.0
2026-04-22T11:37:34.430000,SBX_ANAES_WAVE,volume,,,10,0.0,0.0,0.0
2026-04-22T11:37:34.430000,SBX_ANAES_WAVE,pressure,,,10,-0.18,-0.16,-0.174
2026-04-22T11:37:34.430000,SBX_ANAES_WAVE,inspExpMarker,,,0,,,
2026-04-22T11:37:34.828000,SBX_ANAES_WAVE,respGas,,,0,,,
2026-04-22T11:37:34.828000,SBX_ANAES_WAVE,respGas,,,0,,,
2026-04-22T11:37:34.828000,SBX_ANAES_WAVE,flow,,,10,0.0,0.0,0.0
2026-04-22T11:37:34.828000,SBX_ANAES_WAVE,volume,,,10,0.0,0.0,0.0
2026-04-22T11:37:34.828000,SBX_ANAES_WAVE,pressure,,,10,-0.18,-0.15,-0.17
2026-04-22T11:37:34.828000,SBX_ANAES_WAVE,inspExpMarker,,,0,,,
2026-04-22T11:37:35.279000,SBX_ANAES_WAVE,respGas,,,0,,,
2026-04-22T11:37:35.279000,SBX_ANAES_WAVE,respGas,,,0,,,
2026-04-22T11:37:35.279000,SBX_ANAES_WAVE,flow,,,10,0.0,0.0,0.0
2026-04-22T11:37:35.279000,SBX_ANAES_WAVE,volume,,,10,0.0,0.0,0.0
2026-04-22T11:37:35.279000,SBX_ANAES_WAVE,pressure,,,10,-0.18,-0.18,-0.18
2026-04-22T11:37:35.279000,SBX_ANAES_WAVE,inspExpMarker,,,0,,,
2026-04-22T11:37:35.637000,SBX_ANAES_WAVE,respGas,,,0,,,
2026-04-22T11:37:35.637000,SBX_ANAES_WAVE,respGas,,,0,,,
2026-04-22T11:37:35.637000,SBX_ANAES_WAVE,flow,,,10,0.0,0.0,0.0
2026-04-22T11:37:35.637000,SBX_ANAES_WAVE,volume,,,10,0.0,0.0,0.0
2026-04-22T11:37:35.637000,SBX_ANAES_WAVE,pressure,,,10,-0.18,-0.16,-0.174
2026-04-22T11:37:35.637000,SBX_ANAES_WAVE,inspExpMarker,,,0,,,
2026-04-22T11:37:36.043000,SBX_ANAES_WAVE,respGas,,,0,,,
2026-04-22T11:37:36.043000,SBX_ANAES_WAVE,respGas,,,0,,,
2026-04-22T11:37:36.043000,SBX_ANAES_WAVE,flow,,,10,0.0,0.0,0.0
2026-04-22T11:37:36.043000,SBX_ANAES_WAVE,volume,,,10,0.0,0.0,0.0
2026-04-22T11:37:36.043000,SBX_ANAES_WAVE,pressure,,,10,-0.18,-0.16,-0.174
2026-04-22T11:37:36.043000,SBX_ANAES_WAVE,inspExpMarker,,,0,,,
2026-04-22T11:37:36.428000,SBX_ANAES_WAVE,respGas,,,0,,,
2026-04-22T11:37:36.428000,SBX_ANAES_WAVE,respGas,,,0,,,
2026-04-22T11:37:36.428000,SBX_ANAES_WAVE,flow,,,10,0.0,0.0,0.0
2026-04-22T11:37:36.428000,SBX_ANAES_WAVE,volume,,,10,0.0,0.0,0.0
2026-04-22T11:37:36.428000,SBX_ANAES_WAVE,pressure,,,10,-0.18,-0.17,-0.178
2026-04-22T11:37:36.428000,SBX_ANAES_WAVE,inspExpMarker,,,0,,,
2026-04-22T11:37:36.829000,SBX_ANAES_WAVE,respGas,,,0,,,
2026-04-22T11:37:36.829000,SBX_ANAES_WAVE,respGas,,,0,,,
2026-04-22T11:37:36.829000,SBX_ANAES_WAVE,flow,,,10,0.0,0.0,0.0
2026-04-22T11:37:36.829000,SBX_ANAES_WAVE,volume,,,10,0.0,0.0,0.0
2026-04-22T11:37:36.829000,SBX_ANAES_WAVE,pressure,,,10,-0.18,-0.18,-0.18
2026-04-22T11:37:36.829000,SBX_ANAES_WAVE,inspExpMarker,,,0,,,
2026-04-22T11:37:37.369000,SBX_ANAES_WAVE,respGas,,,0,,,
2026-04-22T11:37:37.369000,SBX_ANAES_WAVE,respGas,,,0,,,
2026-04-22T11:37:37.369000,SBX_ANAES_WAVE,flow,,,10,0.0,0.0,0.0
2026-04-22T11:37:37.369000,SBX_ANAES_WAVE,volume,,,10,0.0,0.0,0.0
2026-04-22T11:37:37.369000,SBX_ANAES_WAVE,pressure,,,10,-0.18,-0.18,-0.18
2026-04-22T11:37:37.369000,SBX_ANAES_WAVE,inspExpMarker,,,0,,,
2026-04-22T11:37:37.629000,SBX_ANAES_WAVE,respGas,,,0,,,
2026-04-22T11:37:37.629000,SBX_ANAES_WAVE,respGas,,,0,,,
2026-04-22T11:37:37.629000,SBX_ANAES_WAVE,flow,,,10,0.0,0.0,0.0
2026-04-22T11:37:37.629000,SBX_ANAES_WAVE,volume,,,10,0.0,0.0,0.0
2026-04-22T11:37:37.629000,SBX_ANAES_WAVE,pressure,,,10,-0.18,-0.18,-0.18
2026-04-22T11:37:37.629000,SBX_ANAES_WAVE,inspExpMarker,,,0,,,
2026-04-22T11:37:38.028000,SBX_ANAES_WAVE,respGas,,,0,,,
2026-04-22T11:37:38.028000,SBX_ANAES_WAVE,respGas,,,0,,,
2026-04-22T11:37:38.028000,SBX_ANAES_WAVE,flow,,,10,0.0,0.0,0.0
2026-04-22T11:37:38.028000,SBX_ANAES_WAVE,volume,,,10,0.0,0.0,0.0
2026-04-22T11:37:38.028000,SBX_ANAES_WAVE,pressure,,,10,-0.18,-0.16,-0.169
2026-04-22T11:37:38.028000,SBX_ANAES_WAVE,inspExpMarker,,,0,,,
2026-04-22T11:37:38.428000,SBX_ANAES_WAVE,respGas,,,0,,,
2026-04-22T11:37:38.428000,SBX_ANAES_WAVE,respGas,,,0,,,
2026-04-22T11:37:38.428000,SBX_ANAES_WAVE,flow,,,10,0.0,0.0,0.0
2026-04-22T11:37:38.428000,SBX_ANAES_WAVE,volume,,,10,0.0,0.0,0.0
2026-04-22T11:37:38.428000,SBX_ANAES_WAVE,pressure,,,10,-0.18,-0.17,-0.174
2026-04-22T11:37:38.428000,SBX_ANAES_WAVE,inspExpMarker,,,0,,,
2026-04-22T11:37:38.855000,SBX_ANAES_WAVE,respGas,,,0,,,
2026-04-22T11:37:38.855000,SBX_ANAES_WAVE,respGas,,,0,,,
2026-04-22T11:37:38.855000,SBX_ANAES_WAVE,flow,,,10,0.0,0.002,0.0003
2026-04-22T11:37:38.855000,SBX_ANAES_WAVE,volume,,,10,0.0,0.0,0.0
2026-04-22T11:37:38.855000,SBX_ANAES_WAVE,pressure,,,10,-0.18,-0.17,-0.174
2026-04-22T11:37:38.855000,SBX_ANAES_WAVE,inspExpMarker,,,0,,,
2026-04-22T11:37:39.291000,SBX_ANAES_WAVE,respGas,,,0,,,
2026-04-22T11:37:39.291000,SBX_ANAES_WAVE,respGas,,,0,,,
2026-04-22T11:37:39.291000,SBX_ANAES_WAVE,flow,,,10,0.0,0.0,0.0
2026-04-22T11:37:39.291000,SBX_ANAES_WAVE,volume,,,10,0.0,0.0,0.0
2026-04-22T11:37:39.291000,SBX_ANAES_WAVE,pressure,,,10,-0.18,-0.18,-0.18
2026-04-22T11:37:39.291000,SBX_ANAES_WAVE,inspExpMarker,,,0,,,
2026-04-22T11:37:39.628000,SBX_ANAES_WAVE,respGas,,,0,,,
2026-04-22T11:37:39.628000,SBX_ANAES_WAVE,respGas,,,0,,,
2026-04-22T11:37:39.628000,SBX_ANAES_WAVE,flow,,,10,0.0,0.0,0.0
2026-04-22T11:37:39.628000,SBX_ANAES_WAVE,volume,,,10,0.0,0.0,0.0
2026-04-22T11:37:39.628000,SBX_ANAES_WAVE,pressure,,,10,-0.18,-0.18,-0.18
2026-04-22T11:37:39.628000,SBX_ANAES_WAVE,inspExpMarker,,,0,,,
2026-04-22T11:37:40.034000,SBX_ANAES_WAVE,respGas,,,0,,,
2026-04-22T11:37:40.034000,SBX_ANAES_WAVE,respGas,,,0,,,
2026-04-22T11:37:40.034000,SBX_ANAES_WAVE,flow,,,10,0.0,0.0,0.0
2026-04-22T11:37:40.034000,SBX_ANAES_WAVE,volume,,,10,0.0,0.0,0.0
2026-04-22T11:37:40.034000,SBX_ANAES_WAVE,pressure,,,10,-0.18,-0.14,-0.171
2026-04-22T11:37:40.034000,SBX_ANAES_WAVE,inspExpMarker,,,0,,,
2026-04-22T11:37:40.427000,SBX_ANAES_WAVE,respGas,,,0,,,
2026-04-22T11:37:40.427000,SBX_ANAES_WAVE,respGas,,,0,,,
2026-04-22T11:37:40.427000,SBX_ANAES_WAVE,flow,,,10,0.0,0.0,0.0
2026-04-22T11:37:40.427000,SBX_ANAES_WAVE,volume,,,10,0.0,0.0,0.0
2026-04-22T11:37:40.427000,SBX_ANAES_WAVE,pressure,,,10,-0.18,-0.14,-0.158
2026-04-22T11:37:40.427000,SBX_ANAES_WAVE,inspExpMarker,,,0,,,
2026-04-22T11:37:40.829000,SBX_ANAES_WAVE,respGas,,,0,,,
2026-04-22T11:37:40.829000,SBX_ANAES_WAVE,respGas,,,0,,,
2026-04-22T11:37:40.829000,SBX_ANAES_WAVE,flow,,,10,0.0,0.0,0.0
2026-04-22T11:37:40.829000,SBX_ANAES_WAVE,volume,,,10,0.0,0.0,0.0
2026-04-22T11:37:40.829000,SBX_ANAES_WAVE,pressure,,,10,-0.18,-0.17,-0.179
2026-04-22T11:37:40.829000,SBX_ANAES_WAVE,inspExpMarker,,,0,,,
2026-04-22T11:37:41.287000,SBX_ANAES_WAVE,respGas,,,0,,,
2026-04-22T11:37:41.287000,SBX_ANAES_WAVE,respGas,,,0,,,
2026-04-22T11:37:41.287000,SBX_ANAES_WAVE,flow,,,10,0.0,0.0,0.0
2026-04-22T11:37:41.287000,SBX_ANAES_WAVE,volume,,,10,0.0,0.0,0.0
2026-04-22T11:37:41.287000,SBX_ANAES_WAVE,pressure,,,10,-0.18,-0.18,-0.18
2026-04-22T11:37:41.287000,SBX_ANAES_WAVE,inspExpMarker,,,0,,,
2026-04-22T11:37:41.647000,SBX_ANAES_WAVE,respGas,,,0,,,
2026-04-22T11:37:41.647000,SBX_ANAES_WAVE,respGas,,,0,,,
2026-04-22T11:37:41.647000,SBX_ANAES_WAVE,flow,,,10,0.0,0.003,0.0006
2026-04-22T11:37:41.647000,SBX_ANAES_WAVE,volume,,,10,0.0,0.0,0.0
2026-04-22T11:37:41.647000,SBX_ANAES_WAVE,pressure,,,10,-0.18,-0.12,-0.138
2026-04-22T11:37:41.647000,SBX_ANAES_WAVE,inspExpMarker,,,0,,,
2026-04-22T11:37:42.034000,SBX_ANAES_WAVE,respGas,,,0,,,
2026-04-22T11:37:42.034000,SBX_ANAES_WAVE,respGas,,,0,,,
2026-04-22T11:37:42.034000,SBX_ANAES_WAVE,flow,,,10,0.0,0.0,0.0
2026-04-22T11:37:42.034000,SBX_ANAES_WAVE,volume,,,10,0.0,0.0,0.0
2026-04-22T11:37:42.034000,SBX_ANAES_WAVE,pressure,,,10,-0.18,-0.17,-0.177
2026-04-22T11:37:42.034000,SBX_ANAES_WAVE,inspExpMarker,,,0,,,
2026-04-22T11:37:42.427000,SBX_ANAES_WAVE,respGas,,,0,,,
2026-04-22T11:37:42.427000,SBX_ANAES_WAVE,respGas,,,0,,,
2026-04-22T11:37:42.427000,SBX_ANAES_WAVE,flow,,,10,0.0,0.0,0.0
2026-04-22T11:37:42.427000,SBX_ANAES_WAVE,volume,,,10,0.0,0.0,0.0
2026-04-22T11:37:42.427000,SBX_ANAES_WAVE,pressure,,,10,-0.18,-0.17,-0.178
2026-04-22T11:37:42.427000,SBX_ANAES_WAVE,inspExpMarker,,,0,,,
2026-04-22T11:37:42.839000,SBX_ANAES_WAVE,respGas,,,0,,,
2026-04-22T11:37:42.839000,SBX_ANAES_WAVE,respGas,,,0,,,
2026-04-22T11:37:42.839000,SBX_ANAES_WAVE,flow,,,10,0.0,0.0,0.0
2026-04-22T11:37:42.839000,SBX_ANAES_WAVE,volume,,,10,0.0,0.0,0.0
2026-04-22T11:37:42.839000,SBX_ANAES_WAVE,pressure,,,10,-0.18,-0.17,-0.178
2026-04-22T11:37:42.839000,SBX_ANAES_WAVE,inspExpMarker,,,0,,,
2026-04-22T11:37:43.282000,SBX_ANAES_WAVE,respGas,,,0,,,
2026-04-22T11:37:43.282000,SBX_ANAES_WAVE,respGas,,,0,,,
2026-04-22T11:37:43.282000,SBX_ANAES_WAVE,flow,,,10,0.0,0.0,0.0
2026-04-22T11:37:43.282000,SBX_ANAES_WAVE,volume,,,10,0.0,0.0,0.0
2026-04-22T11:37:43.282000,SBX_ANAES_WAVE,pressure,,,10,-0.18,-0.17,-0.175
2026-04-22T11:37:43.282000,SBX_ANAES_WAVE,inspExpMarker,,,0,,,
2026-04-22T11:37:43.634000,SBX_ANAES_WAVE,respGas,,,0,,,
2026-04-22T11:37:43.634000,SBX_ANAES_WAVE,respGas,,,0,,,
2026-04-22T11:37:43.634000,SBX_ANAES_WAVE,flow,,,10,0.0,0.0,0.0
2026-04-22T11:37:43.634000,SBX_ANAES_WAVE,volume,,,10,0.0,0.0,0.0
2026-04-22T11:37:43.634000,SBX_ANAES_WAVE,pressure,,,10,-0.18,-0.17,-0.177
2026-04-22T11:37:43.634000,SBX_ANAES_WAVE,inspExpMarker,,,0,,,
2026-04-22T11:37:44.071000,SBX_ANAES_WAVE,respGas,,,0,,,
2026-04-22T11:37:44.071000,SBX_ANAES_WAVE,respGas,,,0,,,
2026-04-22T11:37:44.071000,SBX_ANAES_WAVE,flow,,,10,0.0,0.0,0.0
2026-04-22T11:37:44.071000,SBX_ANAES_WAVE,volume,,,10,0.0,0.0,0.0
2026-04-22T11:37:44.071000,SBX_ANAES_WAVE,pressure,,,10,-0.18,-0.14,-0.156
2026-04-22T11:37:44.071000,SBX_ANAES_WAVE,inspExpMarker,,,0,,,
2026-04-22T11:37:44.428000,SBX_ANAES_WAVE,respGas,,,0,,,
2026-04-22T11:37:44.428000,SBX_ANAES_WAVE,respGas,,,0,,,
2026-04-22T11:37:44.428000,SBX_ANAES_WAVE,flow,,,10,0.0,0.0,0.0
2026-04-22T11:37:44.428000,SBX_ANAES_WAVE,volume,,,10,0.0,0.0,0.0
2026-04-22T11:37:44.428000,SBX_ANAES_WAVE,pressure,,,10,-0.18,-0.14,-0.147
2026-04-22T11:37:44.428000,SBX_ANAES_WAVE,inspExpMarker,,,0,,,
2026-04-22T11:37:44.831000,SBX_ANAES_WAVE,respGas,,,0,,,
2026-04-22T11:37:44.831000,SBX_ANAES_WAVE,respGas,,,0,,,
2026-04-22T11:37:44.831000,SBX_ANAES_WAVE,flow,,,10,0.0,0.004,0.0007
2026-04-22T11:37:44.831000,SBX_ANAES_WAVE,volume,,,10,0.0,0.0,0.0
2026-04-22T11:37:44.831000,SBX_ANAES_WAVE,pressure,,,10,-0.18,-0.17,-0.178
2026-04-22T11:37:44.831000,SBX_ANAES_WAVE,inspExpMarker,,,0,,,
2026-04-22T11:37:45.293000,SBX_ANAES_WAVE,respGas,,,0,,,
2026-04-22T11:37:45.293000,SBX_ANAES_WAVE,respGas,,,0,,,
2026-04-22T11:37:45.293000,SBX_ANAES_WAVE,flow,,,10,0.0,0.002,0.0004
2026-04-22T11:37:45.293000,SBX_ANAES_WAVE,volume,,,10,0.0,0.0,0.0
2026-04-22T11:37:45.293000,SBX_ANAES_WAVE,pressure,,,10,-0.17,-0.16,-0.164
2026-04-22T11:37:45.293000,SBX_ANAES_WAVE,inspExpMarker,,,0,,,
2026-04-22T11:37:45.629000,SBX_ANAES_WAVE,respGas,,,0,,,
2026-04-22T11:37:45.629000,SBX_ANAES_WAVE,respGas,,,0,,,
2026-04-22T11:37:45.629000,SBX_ANAES_WAVE,flow,,,10,0.0,0.003,0.0007
2026-04-22T11:37:45.629000,SBX_ANAES_WAVE,volume,,,10,0.0,0.0,0.0
2026-04-22T11:37:45.629000,SBX_ANAES_WAVE,pressure,,,10,-0.17,-0.16,-0.166
2026-04-22T11:37:45.629000,SBX_ANAES_WAVE,inspExpMarker,,,0,,,
2026-04-22T11:37:46.029000,SBX_ANAES_WAVE,respGas,,,0,,,
2026-04-22T11:37:46.029000,SBX_ANAES_WAVE,respGas,,,0,,,
2026-04-22T11:37:46.029000,SBX_ANAES_WAVE,flow,,,10,0.0,0.0,0.0
2026-04-22T11:37:46.029000,SBX_ANAES_WAVE,volume,,,10,0.0,0.0,0.0
2026-04-22T11:37:46.029000,SBX_ANAES_WAVE,pressure,,,10,-0.18,-0.18,-0.18
2026-04-22T11:37:46.029000,SBX_ANAES_WAVE,inspExpMarker,,,0,,,
2026-04-22T11:37:46.430000,SBX_ANAES_WAVE,respGas,,,0,,,
2026-04-22T11:37:46.430000,SBX_ANAES_WAVE,respGas,,,0,,,
2026-04-22T11:37:46.430000,SBX_ANAES_WAVE,flow,,,10,0.0,0.0,0.0
2026-04-22T11:37:46.430000,SBX_ANAES_WAVE,volume,,,10,0.0,0.0,0.0
2026-04-22T11:37:46.430000,SBX_ANAES_WAVE,pressure,,,10,-0.18,-0.18,-0.18
2026-04-22T11:37:46.430000,SBX_ANAES_WAVE,inspExpMarker,,,0,,,
2026-04-22T11:37:46.827000,SBX_ANAES_WAVE,respGas,,,0,,,
2026-04-22T11:37:46.827000,SBX_ANAES_WAVE,respGas,,,0,,,
2026-04-22T11:37:46.827000,SBX_ANAES_WAVE,flow,,,10,0.0,0.0,0.0
2026-04-22T11:37:46.827000,SBX_ANAES_WAVE,volume,,,10,0.0,0.0,0.0
2026-04-22T11:37:46.827000,SBX_ANAES_WAVE,pressure,,,10,-0.18,-0.11,-0.148
2026-04-22T11:37:46.827000,SBX_ANAES_WAVE,inspExpMarker,,,0,,,
2026-04-22T11:37:47.276000,SBX_ANAES_WAVE,respGas,,,0,,,
2026-04-22T11:37:47.276000,SBX_ANAES_WAVE,respGas,,,0,,,
2026-04-22T11:37:47.276000,SBX_ANAES_WAVE,flow,,,10,0.0,0.0,0.0
2026-04-22T11:37:47.276000,SBX_ANAES_WAVE,volume,,,10,0.0,0.0,0.0
2026-04-22T11:37:47.276000,SBX_ANAES_WAVE,pressure,,,10,-0.18,-0.15,-0.177
2026-04-22T11:37:47.276000,SBX_ANAES_WAVE,inspExpMarker,,,0,,,
2026-04-22T11:37:47.629000,SBX_ANAES_WAVE,respGas,,,0,,,
2026-04-22T11:37:47.629000,SBX_ANAES_WAVE,respGas,,,0,,,
2026-04-22T11:37:47.629000,SBX_ANAES_WAVE,flow,,,10,0.0,0.0,0.0
2026-04-22T11:37:47.629000,SBX_ANAES_WAVE,volume,,,10,0.0,0.0,0.0
2026-04-22T11:37:47.629000,SBX_ANAES_WAVE,pressure,,,10,-0.18,-0.17,-0.174
2026-04-22T11:37:47.629000,SBX_ANAES_WAVE,inspExpMarker,,,0,,,
2026-04-22T11:37:48.058000,SBX_ANAES_WAVE,respGas,,,0,,,
2026-04-22T11:37:48.058000,SBX_ANAES_WAVE,respGas,,,0,,,
2026-04-22T11:37:48.058000,SBX_ANAES_WAVE,flow,,,10,0.0,0.0,0.0
2026-04-22T11:37:48.058000,SBX_ANAES_WAVE,volume,,,10,0.0,0.0,0.0
2026-04-22T11:37:48.058000,SBX_ANAES_WAVE,pressure,,,10,-0.18,-0.15,-0.172
2026-04-22T11:37:48.058000,SBX_ANAES_WAVE,inspExpMarker,,,0,,,
2026-04-22T11:37:48.428000,SBX_ANAES_WAVE,respGas,,,0,,,
2026-04-22T11:37:48.428000,SBX_ANAES_WAVE,respGas,,,0,,,
2026-04-22T11:37:48.428000,SBX_ANAES_WAVE,flow,,,10,0.0,0.0,0.0
2026-04-22T11:37:48.428000,SBX_ANAES_WAVE,volume,,,10,0.0,0.0,0.0
2026-04-22T11:37:48.428000,SBX_ANAES_WAVE,pressure,,,10,-0.18,-0.17,-0.178
2026-04-22T11:37:48.428000,SBX_ANAES_WAVE,inspExpMarker,,,0,,,
2026-04-22T11:37:48.826000,SBX_ANAES_WAVE,respGas,,,0,,,
2026-04-22T11:37:48.826000,SBX_ANAES_WAVE,respGas,,,0,,,
2026-04-22T11:37:48.826000,SBX_ANAES_WAVE,flow,,,10,0.0,0.0,0.0
2026-04-22T11:37:48.826000,SBX_ANAES_WAVE,volume,,,10,0.0,0.0,0.0
2026-04-22T11:37:48.826000,SBX_ANAES_WAVE,pressure,,,10,-0.18,-0.13,-0.15
2026-04-22T11:37:48.826000,SBX_ANAES_WAVE,inspExpMarker,,,0,,,
2026-04-22T11:37:49.288000,SBX_ANAES_WAVE,respGas,,,0,,,
2026-04-22T11:37:49.288000,SBX_ANAES_WAVE,respGas,,,0,,,
2026-04-22T11:37:49.288000,SBX_ANAES_WAVE,flow,,,10,0.0,0.0,0.0
2026-04-22T11:37:49.288000,SBX_ANAES_WAVE,volume,,,10,0.0,0.0,0.0
2026-04-22T11:37:49.288000,SBX_ANAES_WAVE,pressure,,,10,-0.18,-0.16,-0.174
2026-04-22T11:37:49.288000,SBX_ANAES_WAVE,inspExpMarker,,,0,,,
2026-04-22T11:37:49.627000,SBX_ANAES_WAVE,respGas,,,0,,,
2026-04-22T11:37:49.627000,SBX_ANAES_WAVE,respGas,,,0,,,
2026-04-22T11:37:49.627000,SBX_ANAES_WAVE,flow,,,10,0.0,0.0,0.0
2026-04-22T11:37:49.627000,SBX_ANAES_WAVE,volume,,,10,0.0,0.0,0.0
2026-04-22T11:37:49.627000,SBX_ANAES_WAVE,pressure,,,10,-0.17,-0.14,-0.154
2026-04-22T11:37:49.627000,SBX_ANAES_WAVE,inspExpMarker,,,0,,,
2026-04-22T11:37:50.028000,SBX_ANAES_WAVE,respGas,,,0,,,
2026-04-22T11:37:50.028000,SBX_ANAES_WAVE,respGas,,,0,,,
2026-04-22T11:37:50.028000,SBX_ANAES_WAVE,flow,,,10,0.0,0.0,0.0
2026-04-22T11:37:50.028000,SBX_ANAES_WAVE,volume,,,10,0.0,0.0,0.0
2026-04-22T11:37:50.028000,SBX_ANAES_WAVE,pressure,,,10,-0.18,-0.15,-0.162
2026-04-22T11:37:50.028000,SBX_ANAES_WAVE,inspExpMarker,,,0,,,
2026-04-22T11:37:50.427000,SBX_ANAES_WAVE,respGas,,,0,,,
2026-04-22T11:37:50.427000,SBX_ANAES_WAVE,respGas,,,0,,,
2026-04-22T11:37:50.427000,SBX_ANAES_WAVE,flow,,,10,0.0,0.0,0.0
2026-04-22T11:37:50.427000,SBX_ANAES_WAVE,volume,,,10,0.0,0.0,0.0
2026-04-22T11:37:50.427000,SBX_ANAES_WAVE,pressure,,,10,-0.18,-0.16,-0.176
2026-04-22T11:37:50.427000,SBX_ANAES_WAVE,inspExpMarker,,,0,,,
2026-04-22T11:37:50.827000,SBX_ANAES_WAVE,respGas,,,0,,,
2026-04-22T11:37:50.827000,SBX_ANAES_WAVE,respGas,,,0,,,
2026-04-22T11:37:50.827000,SBX_ANAES_WAVE,flow,,,10,0.0,0.001,0.0001
2026-04-22T11:37:50.827000,SBX_ANAES_WAVE,volume,,,10,0.0,0.0,0.0
2026-04-22T11:37:50.827000,SBX_ANAES_WAVE,pressure,,,10,-0.18,-0.16,-0.169
2026-04-22T11:37:50.827000,SBX_ANAES_WAVE,inspExpMarker,,,0,,,
2026-04-22T11:37:51.318000,SBX_ANAES_WAVE,respGas,,,0,,,
2026-04-22T11:37:51.318000,SBX_ANAES_WAVE,respGas,,,0,,,
2026-04-22T11:37:51.318000,SBX_ANAES_WAVE,flow,,,10,0.0,0.0,0.0
2026-04-22T11:37:51.318000,SBX_ANAES_WAVE,volume,,,10,0.0,0.0,0.0
2026-04-22T11:37:51.318000,SBX_ANAES_WAVE,pressure,,,10,-0.17,-0.16,-0.168
2026-04-22T11:37:51.318000,SBX_ANAES_WAVE,inspExpMarker,,,0,,,
2026-04-22T11:37:51.627000,SBX_ANAES_WAVE,respGas,,,0,,,
2026-04-22T11:37:51.627000,SBX_ANAES_WAVE,respGas,,,0,,,
2026-04-22T11:37:51.627000,SBX_ANAES_WAVE,flow,,,10,0.0,0.001,0.0002
2026-04-22T11:37:51.627000,SBX_ANAES_WAVE,volume,,,10,0.0,0.0,0.0
2026-04-22T11:37:51.627000,SBX_ANAES_WAVE,pressure,,,10,-0.18,-0.15,-0.169
2026-04-22T11:37:51.627000,SBX_ANAES_WAVE,inspExpMarker,,,0,,,
2026-04-22T11:37:52.028000,SBX_ANAES_WAVE,respGas,,,0,,,
2026-04-22T11:37:52.028000,SBX_ANAES_WAVE,respGas,,,0,,,
2026-04-22T11:37:52.028000,SBX_ANAES_WAVE,flow,,,10,0.0,0.0,0.0
2026-04-22T11:37:52.028000,SBX_ANAES_WAVE,volume,,,10,0.0,0.0,0.0
2026-04-22T11:37:52.028000,SBX_ANAES_WAVE,pressure,,,10,-0.17,-0.14,-0.154
2026-04-22T11:37:52.028000,SBX_ANAES_WAVE,inspExpMarker,,,0,,,
2026-04-22T11:37:52.427000,SBX_ANAES_WAVE,respGas,,,0,,,
2026-04-22T11:37:52.427000,SBX_ANAES_WAVE,respGas,,,0,,,
2026-04-22T11:37:52.427000,SBX_ANAES_WAVE,flow,,,10,0.0,0.0,0.0
2026-04-22T11:37:52.427000,SBX_ANAES_WAVE,volume,,,10,0.0,0.0,0.0
2026-04-22T11:37:52.427000,SBX_ANAES_WAVE,pressure,,,10,-0.18,-0.14,-0.159
2026-04-22T11:37:52.427000,SBX_ANAES_WAVE,inspExpMarker,,,0,,,
2026-04-22T11:37:52.828000,SBX_ANAES_WAVE,respGas,,,0,,,
2026-04-22T11:37:52.828000,SBX_ANAES_WAVE,respGas,,,0,,,
2026-04-22T11:37:52.828000,SBX_ANAES_WAVE,flow,,,10,0.0,0.001,0.0002
2026-04-22T11:37:52.828000,SBX_ANAES_WAVE,volume,,,10,0.0,0.0,0.0
2026-04-22T11:37:52.828000,SBX_ANAES_WAVE,pressure,,,10,-0.18,-0.16,-0.174
2026-04-22T11:37:52.828000,SBX_ANAES_WAVE,inspExpMarker,,,0,,,
2026-04-22T11:37:53.286000,SBX_ANAES_WAVE,respGas,,,0,,,
2026-04-22T11:37:53.286000,SBX_ANAES_WAVE,respGas,,,0,,,
2026-04-22T11:37:53.286000,SBX_ANAES_WAVE,flow,,,10,0.0,0.0,0.0
2026-04-22T11:37:53.286000,SBX_ANAES_WAVE,volume,,,10,0.0,0.0,0.0
2026-04-22T11:37:53.286000,SBX_ANAES_WAVE,pressure,,,10,-0.18,-0.18,-0.18
2026-04-22T11:37:53.286000,SBX_ANAES_WAVE,inspExpMarker,,,0,,,
2026-04-22T11:37:53.627000,SBX_ANAES_WAVE,respGas,,,0,,,
2026-04-22T11:37:53.627000,SBX_ANAES_WAVE,respGas,,,0,,,
2026-04-22T11:37:53.627000,SBX_ANAES_WAVE,flow,,,10,0.0,0.0,0.0
2026-04-22T11:37:53.627000,SBX_ANAES_WAVE,volume,,,10,0.0,0.0,0.0
2026-04-22T11:37:53.627000,SBX_ANAES_WAVE,pressure,,,10,-0.18,-0.14,-0.159
2026-04-22T11:37:53.627000,SBX_ANAES_WAVE,inspExpMarker,,,0,,,
2026-04-22T11:37:54.034000,SBX_ANAES_WAVE,respGas,,,0,,,
2026-04-22T11:37:54.034000,SBX_ANAES_WAVE,respGas,,,0,,,
2026-04-22T11:37:54.034000,SBX_ANAES_WAVE,flow,,,10,0.0,0.0,0.0
2026-04-22T11:37:54.034000,SBX_ANAES_WAVE,volume,,,10,0.0,0.0,0.0
2026-04-22T11:37:54.034000,SBX_ANAES_WAVE,pressure,,,10,-0.18,-0.13,-0.163
2026-04-22T11:37:54.034000,SBX_ANAES_WAVE,inspExpMarker,,,0,,,
2026-04-22T11:37:54.449000,SBX_ANAES_WAVE,respGas,,,0,,,
2026-04-22T11:37:54.449000,SBX_ANAES_WAVE,respGas,,,0,,,
2026-04-22T11:37:54.449000,SBX_ANAES_WAVE,flow,,,10,0.0,0.0,0.0
2026-04-22T11:37:54.449000,SBX_ANAES_WAVE,volume,,,10,0.0,0.0,0.0
2026-04-22T11:37:54.449000,SBX_ANAES_WAVE,pressure,,,10,-0.18,-0.18,-0.18
2026-04-22T11:37:54.449000,SBX_ANAES_WAVE,inspExpMarker,,,0,,,
2026-04-22T11:37:54.828000,SBX_ANAES_WAVE,respGas,,,0,,,
2026-04-22T11:37:54.828000,SBX_ANAES_WAVE,respGas,,,0,,,
2026-04-22T11:37:54.828000,SBX_ANAES_WAVE,flow,,,10,0.0,0.0,0.0
2026-04-22T11:37:54.828000,SBX_ANAES_WAVE,volume,,,10,0.0,0.0,0.0
2026-04-22T11:37:54.828000,SBX_ANAES_WAVE,pressure,,,10,-0.18,-0.18,-0.18
2026-04-22T11:37:54.828000,SBX_ANAES_WAVE,inspExpMarker,,,0,,,
2026-04-22T11:37:55.281000,SBX_ANAES_WAVE,respGas,,,0,,,
2026-04-22T11:37:55.281000,SBX_ANAES_WAVE,respGas,,,0,,,
2026-04-22T11:37:55.281000,SBX_ANAES_WAVE,flow,,,10,0.0,0.0,0.0
2026-04-22T11:37:55.281000,SBX_ANAES_WAVE,volume,,,10,0.0,0.0,0.0
2026-04-22T11:37:55.281000,SBX_ANAES_WAVE,pressure,,,10,-0.18,-0.18,-0.18
2026-04-22T11:37:55.281000,SBX_ANAES_WAVE,inspExpMarker,,,0,,,
2026-04-22T11:37:55.626000,SBX_ANAES_WAVE,respGas,,,0,,,
2026-04-22T11:37:55.626000,SBX_ANAES_WAVE,respGas,,,0,,,
2026-04-22T11:37:55.626000,SBX_ANAES_WAVE,flow,,,10,0.0,0.0,0.0
2026-04-22T11:37:55.626000,SBX_ANAES_WAVE,volume,,,10,0.0,0.0,0.0
2026-04-22T11:37:55.626000,SBX_ANAES_WAVE,pressure,,,10,-0.18,-0.18,-0.18
2026-04-22T11:37:55.626000,SBX_ANAES_WAVE,inspExpMarker,,,0,,,
2026-04-22T11:37:56.028000,SBX_ANAES_WAVE,respGas,,,0,,,
2026-04-22T11:37:56.028000,SBX_ANAES_WAVE,respGas,,,0,,,
2026-04-22T11:37:56.028000,SBX_ANAES_WAVE,flow,,,10,0.0,0.0,0.0
2026-04-22T11:37:56.028000,SBX_ANAES_WAVE,volume,,,10,0.0,0.0,0.0
2026-04-22T11:37:56.028000,SBX_ANAES_WAVE,pressure,,,10,-0.18,-0.18,-0.18
2026-04-22T11:37:56.028000,SBX_ANAES_WAVE,inspExpMarker,,,0,,,
2026-04-22T11:37:56.427000,SBX_ANAES_WAVE,respGas,,,0,,,
2026-04-22T11:37:56.427000,SBX_ANAES_WAVE,respGas,,,0,,,
2026-04-22T11:37:56.427000,SBX_ANAES_WAVE,flow,,,10,0.0,0.0,0.0
2026-04-22T11:37:56.427000,SBX_ANAES_WAVE,volume,,,10,0.0,0.0,0.0
2026-04-22T11:37:56.427000,SBX_ANAES_WAVE,pressure,,,10,-0.18,-0.18,-0.18
2026-04-22T11:37:56.427000,SBX_ANAES_WAVE,inspExpMarker,,,0,,,
2026-04-22T11:37:56.828000,SBX_ANAES_WAVE,respGas,,,0,,,
2026-04-22T11:37:56.828000,SBX_ANAES_WAVE,respGas,,,0,,,
2026-04-22T11:37:56.828000,SBX_ANAES_WAVE,flow,,,10,0.0,0.0,0.0
2026-04-22T11:37:56.828000,SBX_ANAES_WAVE,volume,,,10,0.0,0.0,0.0
2026-04-22T11:37:56.828000,SBX_ANAES_WAVE,pressure,,,10,-0.18,-0.15,-0.176
2026-04-22T11:37:56.828000,SBX_ANAES_WAVE,inspExpMarker,,,0,,,
2026-04-22T11:37:57.295000,SBX_ANAES_WAVE,respGas,,,0,,,
2026-04-22T11:37:57.295000,SBX_ANAES_WAVE,respGas,,,0,,,
2026-04-22T11:37:57.295000,SBX_ANAES_WAVE,flow,,,10,0.0,0.0,0.0
2026-04-22T11:37:57.295000,SBX_ANAES_WAVE,volume,,,10,0.0,0.0,0.0
2026-04-22T11:37:57.295000,SBX_ANAES_WAVE,pressure,,,10,-0.18,-0.14,-0.156
2026-04-22T11:37:57.295000,SBX_ANAES_WAVE,inspExpMarker,,,0,,,
2026-04-22T11:37:57.626000,SBX_ANAES_WAVE,respGas,,,0,,,
2026-04-22T11:37:57.626000,SBX_ANAES_WAVE,respGas,,,0,,,
2026-04-22T11:37:57.626000,SBX_ANAES_WAVE,flow,,,10,0.0,0.0,0.0
2026-04-22T11:37:57.626000,SBX_ANAES_WAVE,volume,,,10,0.0,0.0,0.0
2026-04-22T11:37:57.626000,SBX_ANAES_WAVE,pressure,,,10,-0.18,-0.14,-0.152
2026-04-22T11:37:57.626000,SBX_ANAES_WAVE,inspExpMarker,,,0,,,
2026-04-22T11:37:58.028000,SBX_ANAES_WAVE,respGas,,,0,,,
2026-04-22T11:37:58.028000,SBX_ANAES_WAVE,respGas,,,0,,,
2026-04-22T11:37:58.028000,SBX_ANAES_WAVE,flow,,,10,0.0,0.0,0.0
2026-04-22T11:37:58.028000,SBX_ANAES_WAVE,volume,,,10,0.0,0.0,0.0
2026-04-22T11:37:58.028000,SBX_ANAES_WAVE,pressure,,,10,-0.18,-0.17,-0.179
2026-04-22T11:37:58.028000,SBX_ANAES_WAVE,inspExpMarker,,,0,,,
2026-04-22T11:37:58.427000,SBX_ANAES_WAVE,respGas,,,0,,,
2026-04-22T11:37:58.427000,SBX_ANAES_WAVE,respGas,,,0,,,
2026-04-22T11:37:58.427000,SBX_ANAES_WAVE,flow,,,10,0.0,0.0,0.0
2026-04-22T11:37:58.427000,SBX_ANAES_WAVE,volume,,,10,0.0,0.0,0.0
2026-04-22T11:37:58.427000,SBX_ANAES_WAVE,pressure,,,10,-0.18,-0.17,-0.176
2026-04-22T11:37:58.427000,SBX_ANAES_WAVE,inspExpMarker,,,0,,,
2026-04-22T11:37:58.826000,SBX_ANAES_WAVE,respGas,,,0,,,
2026-04-22T11:37:58.826000,SBX_ANAES_WAVE,respGas,,,0,,,
2026-04-22T11:37:58.826000,SBX_ANAES_WAVE,flow,,,10,0.0,0.0,0.0
2026-04-22T11:37:58.826000,SBX_ANAES_WAVE,volume,,,10,0.0,0.0,0.0
2026-04-22T11:37:58.826000,SBX_ANAES_WAVE,pressure,,,10,-0.18,-0.18,-0.18
2026-04-22T11:37:58.826000,SBX_ANAES_WAVE,inspExpMarker,,,0,,,
2026-04-22T11:37:59.273000,SBX_ANAES_WAVE,respGas,,,0,,,
2026-04-22T11:37:59.273000,SBX_ANAES_WAVE,respGas,,,0,,,
2026-04-22T11:37:59.273000,SBX_ANAES_WAVE,flow,,,10,0.0,0.0,0.0
2026-04-22T11:37:59.273000,SBX_ANAES_WAVE,volume,,,10,0.0,0.0,0.0
2026-04-22T11:37:59.273000,SBX_ANAES_WAVE,pressure,,,10,-0.18,-0.18,-0.18
2026-04-22T11:37:59.273000,SBX_ANAES_WAVE,inspExpMarker,,,0,,,
2026-04-22T11:37:59.628000,SBX_ANAES_WAVE,respGas,,,0,,,
2026-04-22T11:37:59.628000,SBX_ANAES_WAVE,respGas,,,0,,,
2026-04-22T11:37:59.628000,SBX_ANAES_WAVE,flow,,,10,0.0,0.0,0.0
2026-04-22T11:37:59.628000,SBX_ANAES_WAVE,volume,,,10,0.0,0.0,0.0
2026-04-22T11:37:59.628000,SBX_ANAES_WAVE,pressure,,,10,-0.18,-0.14,-0.152
2026-04-22T11:37:59.628000,SBX_ANAES_WAVE,inspExpMarker,,,0,,,
2026-04-22T11:38:00.029000,SBX_ANAES_WAVE,respGas,,,0,,,
2026-04-22T11:38:00.029000,SBX_ANAES_WAVE,respGas,,,0,,,
2026-04-22T11:38:00.029000,SBX_ANAES_WAVE,flow,,,10,0.0,0.0,0.0
2026-04-22T11:38:00.029000,SBX_ANAES_WAVE,volume,,,10,0.0,0.0,0.0
2026-04-22T11:38:00.029000,SBX_ANAES_WAVE,pressure,,,10,-0.18,-0.18,-0.18
2026-04-22T11:38:00.029000,SBX_ANAES_WAVE,inspExpMarker,,,0,,,
2026-04-22T11:38:00.427000,SBX_ANAES_WAVE,respGas,,,0,,,
2026-04-22T11:38:00.427000,SBX_ANAES_WAVE,respGas,,,0,,,
2026-04-22T11:38:00.427000,SBX_ANAES_WAVE,flow,,,10,0.0,0.0,0.0
2026-04-22T11:38:00.427000,SBX_ANAES_WAVE,volume,,,10,0.0,0.0,0.0
2026-04-22T11:38:00.427000,SBX_ANAES_WAVE,pressure,,,10,-0.18,-0.16,-0.175
2026-04-22T11:38:00.427000,SBX_ANAES_WAVE,inspExpMarker,,,0,,,
2026-04-22T11:38:00.826000,SBX_ANAES_WAVE,respGas,,,0,,,
2026-04-22T11:38:00.826000,SBX_ANAES_WAVE,respGas,,,0,,,
2026-04-22T11:38:00.826000,SBX_ANAES_WAVE,flow,,,10,0.0,0.0,0.0
2026-04-22T11:38:00.826000,SBX_ANAES_WAVE,volume,,,10,0.0,0.0,0.0
2026-04-22T11:38:00.826000,SBX_ANAES_WAVE,pressure,,,10,-0.18,-0.18,-0.18
2026-04-22T11:38:00.826000,SBX_ANAES_WAVE,inspExpMarker,,,0,,,
2026-04-22T11:38:01.273000,SBX_ANAES_WAVE,respGas,,,0,,,
2026-04-22T11:38:01.273000,SBX_ANAES_WAVE,respGas,,,0,,,
2026-04-22T11:38:01.273000,SBX_ANAES_WAVE,flow,,,10,0.0,0.0,0.0
2026-04-22T11:38:01.273000,SBX_ANAES_WAVE,volume,,,10,0.0,0.0,0.0
2026-04-22T11:38:01.273000,SBX_ANAES_WAVE,pressure,,,10,-0.18,-0.16,-0.176
2026-04-22T11:38:01.273000,SBX_ANAES_WAVE,inspExpMarker,,,0,,,
2026-04-22T11:38:01.627000,SBX_ANAES_WAVE,respGas,,,0,,,
2026-04-22T11:38:01.627000,SBX_ANAES_WAVE,respGas,,,0,,,
2026-04-22T11:38:01.627000,SBX_ANAES_WAVE,flow,,,10,0.0,0.0,0.0
2026-04-22T11:38:01.627000,SBX_ANAES_WAVE,volume,,,10,0.0,0.0,0.0
2026-04-22T11:38:01.627000,SBX_ANAES_WAVE,pressure,,,10,-0.18,-0.13,-0.162
2026-04-22T11:38:01.627000,SBX_ANAES_WAVE,inspExpMarker,,,0,,,
2026-04-22T11:38:02.027000,SBX_ANAES_WAVE,respGas,,,0,,,
2026-04-22T11:38:02.027000,SBX_ANAES_WAVE,respGas,,,0,,,
2026-04-22T11:38:02.027000,SBX_ANAES_WAVE,flow,,,10,0.0,0.0,0.0
2026-04-22T11:38:02.027000,SBX_ANAES_WAVE,volume,,,10,0.0,0.0,0.0
2026-04-22T11:38:02.027000,SBX_ANAES_WAVE,pressure,,,10,-0.18,-0.14,-0.161
2026-04-22T11:38:02.027000,SBX_ANAES_WAVE,inspExpMarker,,,0,,,
2026-04-22T11:38:02.428000,SBX_ANAES_WAVE,respGas,,,0,,,
2026-04-22T11:38:02.428000,SBX_ANAES_WAVE,respGas,,,0,,,
2026-04-22T11:38:02.428000,SBX_ANAES_WAVE,flow,,,10,0.0,0.0,0.0
2026-04-22T11:38:02.428000,SBX_ANAES_WAVE,volume,,,10,0.0,0.0,0.0
2026-04-22T11:38:02.428000,SBX_ANAES_WAVE,pressure,,,10,-0.18,-0.18,-0.18
2026-04-22T11:38:02.428000,SBX_ANAES_WAVE,inspExpMarker,,,0,,,
2026-04-22T11:38:02.828000,SBX_ANAES_WAVE,respGas,,,0,,,
2026-04-22T11:38:02.828000,SBX_ANAES_WAVE,respGas,,,0,,,
2026-04-22T11:38:02.828000,SBX_ANAES_WAVE,flow,,,10,0.0,0.0,0.0
2026-04-22T11:38:02.828000,SBX_ANAES_WAVE,volume,,,10,0.0,0.0,0.0
2026-04-22T11:38:02.828000,SBX_ANAES_WAVE,pressure,,,10,-0.18,-0.17,-0.178
2026-04-22T11:38:02.828000,SBX_ANAES_WAVE,inspExpMarker,,,0,,,
2026-04-22T11:38:03.295000,SBX_ANAES_WAVE,respGas,,,0,,,
2026-04-22T11:38:03.295000,SBX_ANAES_WAVE,respGas,,,0,,,
2026-04-22T11:38:03.295000,SBX_ANAES_WAVE,flow,,,10,0.0,0.0,0.0
2026-04-22T11:38:03.295000,SBX_ANAES_WAVE,volume,,,10,0.0,0.0,0.0
2026-04-22T11:38:03.295000,SBX_ANAES_WAVE,pressure,,,10,-0.18,-0.18,-0.18
2026-04-22T11:38:03.295000,SBX_ANAES_WAVE,inspExpMarker,,,0,,,
2026-04-22T11:38:03.626000,SBX_ANAES_WAVE,respGas,,,0,,,
2026-04-22T11:38:03.626000,SBX_ANAES_WAVE,respGas,,,0,,,
2026-04-22T11:38:03.626000,SBX_ANAES_WAVE,flow,,,10,0.0,0.0,0.0
2026-04-22T11:38:03.626000,SBX_ANAES_WAVE,volume,,,10,0.0,0.0,0.0
2026-04-22T11:38:03.626000,SBX_ANAES_WAVE,pressure,,,10,-0.18,-0.18,-0.18
2026-04-22T11:38:03.626000,SBX_ANAES_WAVE,inspExpMarker,,,0,,,
2026-04-22T11:38:04.027000,SBX_ANAES_WAVE,respGas,,,0,,,
2026-04-22T11:38:04.027000,SBX_ANAES_WAVE,respGas,,,0,,,
2026-04-22T11:38:04.027000,SBX_ANAES_WAVE,flow,,,10,0.0,0.0,0.0
2026-04-22T11:38:04.027000,SBX_ANAES_WAVE,volume,,,10,0.0,0.0,0.0
2026-04-22T11:38:04.027000,SBX_ANAES_WAVE,pressure,,,10,-0.18,-0.14,-0.152
2026-04-22T11:38:04.027000,SBX_ANAES_WAVE,inspExpMarker,,,0,,,
2026-04-22T11:38:04.426000,SBX_ANAES_WAVE,respGas,,,0,,,
2026-04-22T11:38:04.426000,SBX_ANAES_WAVE,respGas,,,0,,,
2026-04-22T11:38:04.426000,SBX_ANAES_WAVE,flow,,,10,0.0,0.0,0.0
2026-04-22T11:38:04.426000,SBX_ANAES_WAVE,volume,,,10,0.0,0.0,0.0
2026-04-22T11:38:04.426000,SBX_ANAES_WAVE,pressure,,,10,-0.18,-0.14,-0.159
2026-04-22T11:38:04.426000,SBX_ANAES_WAVE,inspExpMarker,,,0,,,
2026-04-22T11:38:04.826000,SBX_ANAES_WAVE,respGas,,,0,,,
2026-04-22T11:38:04.826000,SBX_ANAES_WAVE,respGas,,,0,,,
2026-04-22T11:38:04.826000,SBX_ANAES_WAVE,flow,,,10,0.0,0.0,0.0
2026-04-22T11:38:04.826000,SBX_ANAES_WAVE,volume,,,10,0.0,0.0,0.0
2026-04-22T11:38:04.826000,SBX_ANAES_WAVE,pressure,,,10,-0.18,-0.14,-0.17
2026-04-22T11:38:04.826000,SBX_ANAES_WAVE,inspExpMarker,,,0,,,
2026-04-22T11:38:05.274000,SBX_ANAES_WAVE,respGas,,,0,,,
2026-04-22T11:38:05.274000,SBX_ANAES_WAVE,respGas,,,0,,,
2026-04-22T11:38:05.274000,SBX_ANAES_WAVE,flow,,,10,0.0,0.0,0.0
2026-04-22T11:38:05.274000,SBX_ANAES_WAVE,volume,,,10,0.0,0.0,0.0
2026-04-22T11:38:05.274000,SBX_ANAES_WAVE,pressure,,,10,-0.18,-0.18,-0.18
2026-04-22T11:38:05.274000,SBX_ANAES_WAVE,inspExpMarker,,,0,,,
2026-04-22T11:38:05.626000,SBX_ANAES_WAVE,respGas,,,0,,,
2026-04-22T11:38:05.626000,SBX_ANAES_WAVE,respGas,,,0,,,
2026-04-22T11:38:05.626000,SBX_ANAES_WAVE,flow,,,10,0.0,0.0,0.0
2026-04-22T11:38:05.626000,SBX_ANAES_WAVE,volume,,,10,0.0,0.0,0.0
2026-04-22T11:38:05.626000,SBX_ANAES_WAVE,pressure,,,10,-0.18,-0.18,-0.18
2026-04-22T11:38:05.626000,SBX_ANAES_WAVE,inspExpMarker,,,0,,,
2026-04-22T11:38:06.027000,SBX_ANAES_WAVE,respGas,,,0,,,
2026-04-22T11:38:06.027000,SBX_ANAES_WAVE,respGas,,,0,,,
2026-04-22T11:38:06.027000,SBX_ANAES_WAVE,flow,,,10,0.0,0.0,0.0
2026-04-22T11:38:06.027000,SBX_ANAES_WAVE,volume,,,10,0.0,0.0,0.0
2026-04-22T11:38:06.027000,SBX_ANAES_WAVE,pressure,,,10,-0.18,-0.14,-0.166
2026-04-22T11:38:06.027000,SBX_ANAES_WAVE,inspExpMarker,,,0,,,
2026-04-22T11:38:06.427000,SBX_ANAES_WAVE,respGas,,,0,,,
2026-04-22T11:38:06.427000,SBX_ANAES_WAVE,respGas,,,0,,,
2026-04-22T11:38:06.427000,SBX_ANAES_WAVE,flow,,,10,0.0,0.0,0.0
2026-04-22T11:38:06.427000,SBX_ANAES_WAVE,volume,,,10,0.0,0.0,0.0
2026-04-22T11:38:06.427000,SBX_ANAES_WAVE,pressure,,,10,-0.18,-0.14,-0.166
2026-04-22T11:38:06.427000,SBX_ANAES_WAVE,inspExpMarker,,,0,,,
2026-04-22T11:38:06.826000,SBX_ANAES_WAVE,respGas,,,0,,,
2026-04-22T11:38:06.826000,SBX_ANAES_WAVE,respGas,,,0,,,
2026-04-22T11:38:06.826000,SBX_ANAES_WAVE,flow,,,10,0.0,0.0,0.0
2026-04-22T11:38:06.826000,SBX_ANAES_WAVE,volume,,,10,0.0,0.0,0.0
2026-04-22T11:38:06.826000,SBX_ANAES_WAVE,pressure,,,10,-0.18,-0.18,-0.18
2026-04-22T11:38:06.826000,SBX_ANAES_WAVE,inspExpMarker,,,0,,,
2026-04-22T11:38:07.273000,SBX_ANAES_WAVE,respGas,,,0,,,
2026-04-22T11:38:07.273000,SBX_ANAES_WAVE,respGas,,,0,,,
2026-04-22T11:38:07.273000,SBX_ANAES_WAVE,flow,,,10,0.0,0.0,0.0
2026-04-22T11:38:07.273000,SBX_ANAES_WAVE,volume,,,10,0.0,0.0,0.0
2026-04-22T11:38:07.273000,SBX_ANAES_WAVE,pressure,,,10,-0.18,-0.14,-0.158
2026-04-22T11:38:07.273000,SBX_ANAES_WAVE,inspExpMarker,,,0,,,
2026-04-22T11:38:07.626000,SBX_ANAES_WAVE,respGas,,,0,,,
2026-04-22T11:38:07.626000,SBX_ANAES_WAVE,respGas,,,0,,,
2026-04-22T11:38:07.626000,SBX_ANAES_WAVE,flow,,,10,0.0,0.0,0.0
2026-04-22T11:38:07.626000,SBX_ANAES_WAVE,volume,,,10,0.0,0.0,0.0
2026-04-22T11:38:07.626000,SBX_ANAES_WAVE,pressure,,,10,-0.18,-0.13,-0.17
2026-04-22T11:38:07.626000,SBX_ANAES_WAVE,inspExpMarker,,,0,,,
2026-04-22T11:38:08.028000,SBX_ANAES_WAVE,respGas,,,0,,,
2026-04-22T11:38:08.028000,SBX_ANAES_WAVE,respGas,,,0,,,
2026-04-22T11:38:08.028000,SBX_ANAES_WAVE,flow,,,10,0.0,0.0,0.0
2026-04-22T11:38:08.028000,SBX_ANAES_WAVE,volume,,,10,0.0,0.0,0.0
2026-04-22T11:38:08.028000,SBX_ANAES_WAVE,pressure,,,10,-0.18,-0.14,-0.16
2026-04-22T11:38:08.028000,SBX_ANAES_WAVE,inspExpMarker,,,0,,,
2026-04-22T11:38:08.427000,SBX_ANAES_WAVE,respGas,,,0,,,
2026-04-22T11:38:08.427000,SBX_ANAES_WAVE,respGas,,,0,,,
2026-04-22T11:38:08.427000,SBX_ANAES_WAVE,flow,,,10,0.0,0.0,0.0
2026-04-22T11:38:08.427000,SBX_ANAES_WAVE,volume,,,10,0.0,0.0,0.0
2026-04-22T11:38:08.427000,SBX_ANAES_WAVE,pressure,,,10,-0.18,-0.14,-0.172
2026-04-22T11:38:08.427000,SBX_ANAES_WAVE,inspExpMarker,,,0,,,
2026-04-22T11:38:08.827000,SBX_ANAES_WAVE,respGas,,,0,,,
2026-04-22T11:38:08.827000,SBX_ANAES_WAVE,respGas,,,0,,,
2026-04-22T11:38:08.827000,SBX_ANAES_WAVE,flow,,,10,0.0,0.0,0.0
2026-04-22T11:38:08.827000,SBX_ANAES_WAVE,volume,,,10,0.0,0.0,0.0
2026-04-22T11:38:08.827000,SBX_ANAES_WAVE,pressure,,,10,-0.18,-0.18,-0.18
2026-04-22T11:38:08.827000,SBX_ANAES_WAVE,inspExpMarker,,,0,,,
2026-04-22T11:38:09.300000,SBX_ANAES_WAVE,respGas,,,0,,,
2026-04-22T11:38:09.300000,SBX_ANAES_WAVE,respGas,,,0,,,
2026-04-22T11:38:09.300000,SBX_ANAES_WAVE,flow,,,10,0.0,0.0,0.0
2026-04-22T11:38:09.300000,SBX_ANAES_WAVE,volume,,,10,0.0,0.0,0.0
2026-04-22T11:38:09.300000,SBX_ANAES_WAVE,pressure,,,10,-0.18,-0.17,-0.178
2026-04-22T11:38:09.300000,SBX_ANAES_WAVE,inspExpMarker,,,0,,,
2026-04-22T11:38:09.626000,SBX_ANAES_WAVE,respGas,,,0,,,
2026-04-22T11:38:09.626000,SBX_ANAES_WAVE,respGas,,,0,,,
2026-04-22T11:38:09.626000,SBX_ANAES_WAVE,flow,,,10,0.0,0.0,0.0
2026-04-22T11:38:09.626000,SBX_ANAES_WAVE,volume,,,10,0.0,0.0,0.0
2026-04-22T11:38:09.626000,SBX_ANAES_WAVE,pressure,,,10,-0.18,-0.18,-0.18
2026-04-22T11:38:09.626000,SBX_ANAES_WAVE,inspExpMarker,,,0,,,
2026-04-22T11:38:10.026000,SBX_ANAES_WAVE,respGas,,,0,,,
2026-04-22T11:38:10.026000,SBX_ANAES_WAVE,respGas,,,0,,,
2026-04-22T11:38:10.026000,SBX_ANAES_WAVE,flow,,,10,0.0,0.003,0.0004
2026-04-22T11:38:10.026000,SBX_ANAES_WAVE,volume,,,10,0.0,0.0,0.0
2026-04-22T11:38:10.026000,SBX_ANAES_WAVE,pressure,,,10,-0.18,-0.16,-0.174
2026-04-22T11:38:10.026000,SBX_ANAES_WAVE,inspExpMarker,,,0,,,
2026-04-22T11:38:10.429000,SBX_ANAES_WAVE,respGas,,,0,,,
2026-04-22T11:38:10.429000,SBX_ANAES_WAVE,respGas,,,0,,,
2026-04-22T11:38:10.429000,SBX_ANAES_WAVE,flow,,,10,0.0,0.0,0.0
2026-04-22T11:38:10.429000,SBX_ANAES_WAVE,volume,,,10,0.0,0.0,0.0
2026-04-22T11:38:10.429000,SBX_ANAES_WAVE,pressure,,,10,-0.18,-0.11,-0.162
2026-04-22T11:38:10.429000,SBX_ANAES_WAVE,inspExpMarker,,,0,,,
2026-04-22T11:38:10.826000,SBX_ANAES_WAVE,respGas,,,0,,,
2026-04-22T11:38:10.826000,SBX_ANAES_WAVE,respGas,,,0,,,
2026-04-22T11:38:10.826000,SBX_ANAES_WAVE,flow,,,10,0.0,0.0,0.0
2026-04-22T11:38:10.826000,SBX_ANAES_WAVE,volume,,,10,0.0,0.0,0.0
2026-04-22T11:38:10.826000,SBX_ANAES_WAVE,pressure,,,10,-0.18,-0.12,-0.161
2026-04-22T11:38:10.826000,SBX_ANAES_WAVE,inspExpMarker,,,0,,,
2026-04-22T11:38:11.273000,SBX_ANAES_WAVE,respGas,,,0,,,
2026-04-22T11:38:11.273000,SBX_ANAES_WAVE,respGas,,,0,,,
2026-04-22T11:38:11.273000,SBX_ANAES_WAVE,flow,,,10,0.0,0.0,0.0
2026-04-22T11:38:11.273000,SBX_ANAES_WAVE,volume,,,10,0.0,0.0,0.0
2026-04-22T11:38:11.273000,SBX_ANAES_WAVE,pressure,,,10,-0.18,-0.17,-0.179
2026-04-22T11:38:11.273000,SBX_ANAES_WAVE,inspExpMarker,,,0,,,
2026-04-22T11:38:11.638000,SBX_ANAES_WAVE,respGas,,,0,,,
2026-04-22T11:38:11.638000,SBX_ANAES_WAVE,respGas,,,0,,,
2026-04-22T11:38:11.638000,SBX_ANAES_WAVE,flow,,,10,0.0,0.0,0.0
2026-04-22T11:38:11.638000,SBX_ANAES_WAVE,volume,,,10,0.0,0.0,0.0
2026-04-22T11:38:11.638000,SBX_ANAES_WAVE,pressure,,,10,-0.18,-0.18,-0.18
2026-04-22T11:38:11.638000,SBX_ANAES_WAVE,inspExpMarker,,,0,,,
2026-04-22T11:38:12.026000,SBX_ANAES_WAVE,respGas,,,0,,,
2026-04-22T11:38:12.026000,SBX_ANAES_WAVE,respGas,,,0,,,
2026-04-22T11:38:12.026000,SBX_ANAES_WAVE,flow,,,10,0.0,0.0,0.0
2026-04-22T11:38:12.026000,SBX_ANAES_WAVE,volume,,,10,0.0,0.0,0.0
2026-04-22T11:38:12.026000,SBX_ANAES_WAVE,pressure,,,10,-0.18,-0.18,-0.18
2026-04-22T11:38:12.026000,SBX_ANAES_WAVE,inspExpMarker,,,0,,,
2026-04-22T11:38:12.437000,SBX_ANAES_WAVE,respGas,,,0,,,
2026-04-22T11:38:12.437000,SBX_ANAES_WAVE,respGas,,,0,,,
2026-04-22T11:38:12.437000,SBX_ANAES_WAVE,flow,,,10,0.0,0.0,0.0
2026-04-22T11:38:12.437000,SBX_ANAES_WAVE,volume,,,10,0.0,0.0,0.0
2026-04-22T11:38:12.437000,SBX_ANAES_WAVE,pressure,,,10,-0.18,-0.18,-0.18
2026-04-22T11:38:12.437000,SBX_ANAES_WAVE,inspExpMarker,,,0,,,
2026-04-22T11:38:12.826000,SBX_ANAES_WAVE,respGas,,,0,,,
2026-04-22T11:38:12.826000,SBX_ANAES_WAVE,respGas,,,0,,,
2026-04-22T11:38:12.826000,SBX_ANAES_WAVE,flow,,,10,0.0,0.0,0.0
2026-04-22T11:38:12.826000,SBX_ANAES_WAVE,volume,,,10,0.0,0.0,0.0
2026-04-22T11:38:12.826000,SBX_ANAES_WAVE,pressure,,,10,-0.18,-0.16,-0.178
2026-04-22T11:38:12.826000,SBX_ANAES_WAVE,inspExpMarker,,,0,,,
2026-04-22T11:38:13.281000,SBX_ANAES_WAVE,respGas,,,0,,,
2026-04-22T11:38:13.281000,SBX_ANAES_WAVE,respGas,,,0,,,
2026-04-22T11:38:13.281000,SBX_ANAES_WAVE,flow,,,10,0.0,0.0,0.0
2026-04-22T11:38:13.281000,SBX_ANAES_WAVE,volume,,,10,0.0,0.0,0.0
2026-04-22T11:38:13.281000,SBX_ANAES_WAVE,pressure,,,10,-0.14,-0.14,-0.14
2026-04-22T11:38:13.281000,SBX_ANAES_WAVE,inspExpMarker,,,0,,,
2026-04-22T11:38:13.627000,SBX_ANAES_WAVE,respGas,,,0,,,
2026-04-22T11:38:13.627000,SBX_ANAES_WAVE,respGas,,,0,,,
2026-04-22T11:38:13.627000,SBX_ANAES_WAVE,flow,,,10,0.0,0.0,0.0
2026-04-22T11:38:13.627000,SBX_ANAES_WAVE,volume,,,10,0.0,0.0,0.0
2026-04-22T11:38:13.627000,SBX_ANAES_WAVE,pressure,,,10,-0.14,-0.13,-0.139
2026-04-22T11:38:13.627000,SBX_ANAES_WAVE,inspExpMarker,,,0,,,
2026-04-22T11:38:14.026000,SBX_ANAES_WAVE,respGas,,,0,,,
2026-04-22T11:38:14.026000,SBX_ANAES_WAVE,respGas,,,0,,,
2026-04-22T11:38:14.026000,SBX_ANAES_WAVE,flow,,,10,0.0,0.0,0.0
2026-04-22T11:38:14.026000,SBX_ANAES_WAVE,volume,,,10,0.0,0.0,0.0
2026-04-22T11:38:14.026000,SBX_ANAES_WAVE,pressure,,,10,-0.18,-0.16,-0.174
2026-04-22T11:38:14.026000,SBX_ANAES_WAVE,inspExpMarker,,,0,,,
2026-04-22T11:38:14.426000,SBX_ANAES_WAVE,respGas,,,0,,,
2026-04-22T11:38:14.426000,SBX_ANAES_WAVE,respGas,,,0,,,
2026-04-22T11:38:14.426000,SBX_ANAES_WAVE,flow,,,10,0.0,0.0,0.0
2026-04-22T11:38:14.426000,SBX_ANAES_WAVE,volume,,,10,0.0,0.0,0.0
2026-04-22T11:38:14.426000,SBX_ANAES_WAVE,pressure,,,10,-0.18,-0.13,-0.155
2026-04-22T11:38:14.426000,SBX_ANAES_WAVE,inspExpMarker,,,0,,,
2026-04-22T11:38:14.826000,SBX_ANAES_WAVE,respGas,,,0,,,
2026-04-22T11:38:14.826000,SBX_ANAES_WAVE,respGas,,,0,,,
2026-04-22T11:38:14.826000,SBX_ANAES_WAVE,flow,,,10,0.0,0.0,0.0
2026-04-22T11:38:14.826000,SBX_ANAES_WAVE,volume,,,10,0.0,0.0,0.0
2026-04-22T11:38:14.826000,SBX_ANAES_WAVE,pressure,,,10,-0.18,-0.15,-0.176
2026-04-22T11:38:14.826000,SBX_ANAES_WAVE,inspExpMarker,,,0,,,
2026-04-22T11:38:15.287000,SBX_ANAES_WAVE,respGas,,,0,,,
2026-04-22T11:38:15.287000,SBX_ANAES_WAVE,respGas,,,0,,,
2026-04-22T11:38:15.287000,SBX_ANAES_WAVE,flow,,,10,0.0,0.0,0.0
2026-04-22T11:38:15.287000,SBX_ANAES_WAVE,volume,,,10,0.0,0.0,0.0
2026-04-22T11:38:15.287000,SBX_ANAES_WAVE,pressure,,,10,-0.18,-0.16,-0.174
2026-04-22T11:38:15.287000,SBX_ANAES_WAVE,inspExpMarker,,,0,,,
2026-04-22T11:38:15.626000,SBX_ANAES_WAVE,respGas,,,0,,,
2026-04-22T11:38:15.626000,SBX_ANAES_WAVE,respGas,,,0,,,
2026-04-22T11:38:15.626000,SBX_ANAES_WAVE,flow,,,10,0.0,0.0,0.0
2026-04-22T11:38:15.626000,SBX_ANAES_WAVE,volume,,,10,0.0,0.0,0.0
2026-04-22T11:38:15.626000,SBX_ANAES_WAVE,pressure,,,10,-0.18,-0.16,-0.168
2026-04-22T11:38:15.626000,SBX_ANAES_WAVE,inspExpMarker,,,0,,,
2026-04-22T11:38:16.026000,SBX_ANAES_WAVE,respGas,,,0,,,
2026-04-22T11:38:16.026000,SBX_ANAES_WAVE,respGas,,,0,,,
2026-04-22T11:38:16.026000,SBX_ANAES_WAVE,flow,,,10,0.0,0.0,0.0
2026-04-22T11:38:16.026000,SBX_ANAES_WAVE,volume,,,10,0.0,0.0,0.0
2026-04-22T11:38:16.026000,SBX_ANAES_WAVE,pressure,,,10,-0.18,-0.15,-0.167
2026-04-22T11:38:16.026000,SBX_ANAES_WAVE,inspExpMarker,,,0,,,
2026-04-22T11:38:16.426000,SBX_ANAES_WAVE,respGas,,,0,,,
2026-04-22T11:38:16.426000,SBX_ANAES_WAVE,respGas,,,0,,,
2026-04-22T11:38:16.426000,SBX_ANAES_WAVE,flow,,,10,0.0,0.0,0.0
2026-04-22T11:38:16.426000,SBX_ANAES_WAVE,volume,,,10,0.0,0.0,0.0
2026-04-22T11:38:16.426000,SBX_ANAES_WAVE,pressure,,,10,-0.18,-0.15,-0.172
2026-04-22T11:38:16.426000,SBX_ANAES_WAVE,inspExpMarker,,,0,,,
2026-04-22T11:38:16.826000,SBX_ANAES_WAVE,respGas,,,0,,,
2026-04-22T11:38:16.826000,SBX_ANAES_WAVE,respGas,,,0,,,
2026-04-22T11:38:16.826000,SBX_ANAES_WAVE,flow,,,10,0.0,0.0,0.0
2026-04-22T11:38:16.826000,SBX_ANAES_WAVE,volume,,,10,0.0,0.0,0.0
2026-04-22T11:38:16.826000,SBX_ANAES_WAVE,pressure,,,10,-0.14,-0.14,-0.14
2026-04-22T11:38:16.826000,SBX_ANAES_WAVE,inspExpMarker,,,0,,,
2026-04-22T11:38:17.275000,SBX_ANAES_WAVE,respGas,,,0,,,
2026-04-22T11:38:17.275000,SBX_ANAES_WAVE,respGas,,,0,,,
2026-04-22T11:38:17.275000,SBX_ANAES_WAVE,flow,,,10,0.0,0.0,0.0
2026-04-22T11:38:17.275000,SBX_ANAES_WAVE,volume,,,10,0.0,0.0,0.0
2026-04-22T11:38:17.275000,SBX_ANAES_WAVE,pressure,,,10,-0.18,-0.13,-0.167
2026-04-22T11:38:17.275000,SBX_ANAES_WAVE,inspExpMarker,,,0,,,
2026-04-22T11:38:17.625000,SBX_ANAES_WAVE,respGas,,,0,,,
2026-04-22T11:38:17.625000,SBX_ANAES_WAVE,respGas,,,0,,,
2026-04-22T11:38:17.625000,SBX_ANAES_WAVE,flow,,,10,0.0,0.0,0.0
2026-04-22T11:38:17.625000,SBX_ANAES_WAVE,volume,,,10,0.0,0.0,0.0
2026-04-22T11:38:17.625000,SBX_ANAES_WAVE,pressure,,,10,-0.18,-0.14,-0.166
2026-04-22T11:38:17.625000,SBX_ANAES_WAVE,inspExpMarker,,,0,,,
2026-04-22T11:38:18.026000,SBX_ANAES_WAVE,respGas,,,0,,,
2026-04-22T11:38:18.026000,SBX_ANAES_WAVE,respGas,,,0,,,
2026-04-22T11:38:18.026000,SBX_ANAES_WAVE,flow,,,10,0.0,0.0,0.0
2026-04-22T11:38:18.026000,SBX_ANAES_WAVE,volume,,,10,0.0,0.0,0.0
2026-04-22T11:38:18.026000,SBX_ANAES_WAVE,pressure,,,10,-0.18,-0.14,-0.166
2026-04-22T11:38:18.026000,SBX_ANAES_WAVE,inspExpMarker,,,0,,,
2026-04-22T11:38:18.428000,SBX_ANAES_WAVE,respGas,,,0,,,
2026-04-22T11:38:18.428000,SBX_ANAES_WAVE,respGas,,,0,,,
2026-04-22T11:38:18.428000,SBX_ANAES_WAVE,flow,,,10,0.0,0.0,0.0
2026-04-22T11:38:18.428000,SBX_ANAES_WAVE,volume,,,10,0.0,0.0,0.0
2026-04-22T11:38:18.428000,SBX_ANAES_WAVE,pressure,,,10,-0.18,-0.18,-0.18
2026-04-22T11:38:18.428000,SBX_ANAES_WAVE,inspExpMarker,,,0,,,
2026-04-22T11:38:18.826000,SBX_ANAES_WAVE,respGas,,,0,,,
2026-04-22T11:38:18.826000,SBX_ANAES_WAVE,respGas,,,0,,,
2026-04-22T11:38:18.826000,SBX_ANAES_WAVE,flow,,,10,0.0,0.002,0.0002
2026-04-22T11:38:18.826000,SBX_ANAES_WAVE,volume,,,10,0.0,0.0,0.0
2026-04-22T11:38:18.826000,SBX_ANAES_WAVE,pressure,,,10,-0.18,-0.17,-0.178
2026-04-22T11:38:18.826000,SBX_ANAES_WAVE,inspExpMarker,,,0,,,
2026-04-22T11:38:19.287000,SBX_ANAES_WAVE,respGas,,,0,,,
2026-04-22T11:38:19.287000,SBX_ANAES_WAVE,respGas,,,0,,,
2026-04-22T11:38:19.287000,SBX_ANAES_WAVE,flow,,,10,0.0,0.002,0.0002
2026-04-22T11:38:19.287000,SBX_ANAES_WAVE,volume,,,10,0.0,0.0,0.0
2026-04-22T11:38:19.287000,SBX_ANAES_WAVE,pressure,,,10,-0.18,-0.14,-0.152
2026-04-22T11:38:19.287000,SBX_ANAES_WAVE,inspExpMarker,,,0,,,
2026-04-22T11:38:19.626000,SBX_ANAES_WAVE,respGas,,,0,,,
2026-04-22T11:38:19.626000,SBX_ANAES_WAVE,respGas,,,0,,,
2026-04-22T11:38:19.626000,SBX_ANAES_WAVE,flow,,,10,0.0,0.001,0.0002
2026-04-22T11:38:19.626000,SBX_ANAES_WAVE,volume,,,10,0.0,0.0,0.0
2026-04-22T11:38:19.626000,SBX_ANAES_WAVE,pressure,,,10,-0.18,-0.18,-0.18
2026-04-22T11:38:19.626000,SBX_ANAES_WAVE,inspExpMarker,,,0,,,
2026-04-22T11:38:20.027000,SBX_ANAES_WAVE,respGas,,,0,,,
2026-04-22T11:38:20.027000,SBX_ANAES_WAVE,respGas,,,0,,,
2026-04-22T11:38:20.027000,SBX_ANAES_WAVE,flow,,,10,0.0,0.0,0.0
2026-04-22T11:38:20.027000,SBX_ANAES_WAVE,volume,,,10,0.0,0.0,0.0
2026-04-22T11:38:20.027000,SBX_ANAES_WAVE,pressure,,,10,-0.18,-0.17,-0.176
2026-04-22T11:38:20.027000,SBX_ANAES_WAVE,inspExpMarker,,,0,,,
2026-04-22T11:38:20.427000,SBX_ANAES_WAVE,respGas,,,0,,,
2026-04-22T11:38:20.427000,SBX_ANAES_WAVE,respGas,,,0,,,
2026-04-22T11:38:20.427000,SBX_ANAES_WAVE,flow,,,10,0.0,0.0,0.0
2026-04-22T11:38:20.427000,SBX_ANAES_WAVE,volume,,,10,0.0,0.0,0.0
2026-04-22T11:38:20.427000,SBX_ANAES_WAVE,pressure,,,10,-0.18,-0.15,-0.165
2026-04-22T11:38:20.427000,SBX_ANAES_WAVE,inspExpMarker,,,0,,,
2026-04-22T11:38:20.826000,SBX_ANAES_WAVE,respGas,,,0,,,
2026-04-22T11:38:20.826000,SBX_ANAES_WAVE,respGas,,,0,,,
2026-04-22T11:38:20.826000,SBX_ANAES_WAVE,flow,,,10,0.0,0.0,0.0
2026-04-22T11:38:20.826000,SBX_ANAES_WAVE,volume,,,10,0.0,0.0,0.0
2026-04-22T11:38:20.826000,SBX_ANAES_WAVE,pressure,,,10,-0.17,-0.15,-0.163
2026-04-22T11:38:20.826000,SBX_ANAES_WAVE,inspExpMarker,,,0,,,
2026-04-22T11:38:21.452000,SBX_ANAES_WAVE,respGas,,,0,,,
2026-04-22T11:38:21.452000,SBX_ANAES_WAVE,respGas,,,0,,,
2026-04-22T11:38:21.452000,SBX_ANAES_WAVE,flow,,,10,0.0,0.0,0.0
2026-04-22T11:38:21.452000,SBX_ANAES_WAVE,volume,,,10,0.0,0.0,0.0
2026-04-22T11:38:21.452000,SBX_ANAES_WAVE,pressure,,,10,-0.18,-0.16,-0.17
2026-04-22T11:38:21.452000,SBX_ANAES_WAVE,inspExpMarker,,,0,,,
2026-04-22T11:38:21.632000,SBX_ANAES_WAVE,respGas,,,0,,,
2026-04-22T11:38:21.632000,SBX_ANAES_WAVE,respGas,,,0,,,
2026-04-22T11:38:21.632000,SBX_ANAES_WAVE,flow,,,10,0.0,0.0,0.0
2026-04-22T11:38:21.632000,SBX_ANAES_WAVE,volume,,,10,0.0,0.0,0.0
2026-04-22T11:38:21.632000,SBX_ANAES_WAVE,pressure,,,10,-0.18,-0.17,-0.177
2026-04-22T11:38:21.632000,SBX_ANAES_WAVE,inspExpMarker,,,0,,,
2026-04-22T11:38:22.025000,SBX_ANAES_WAVE,respGas,,,0,,,
2026-04-22T11:38:22.025000,SBX_ANAES_WAVE,respGas,,,0,,,
2026-04-22T11:38:22.025000,SBX_ANAES_WAVE,flow,,,10,0.0,0.0,0.0
2026-04-22T11:38:22.025000,SBX_ANAES_WAVE,volume,,,10,0.0,0.0,0.0
2026-04-22T11:38:22.025000,SBX_ANAES_WAVE,pressure,,,10,-0.18,-0.15,-0.173
2026-04-22T11:38:22.025000,SBX_ANAES_WAVE,inspExpMarker,,,0,,,
2026-04-22T11:38:22.425000,SBX_ANAES_WAVE,respGas,,,0,,,
2026-04-22T11:38:22.425000,SBX_ANAES_WAVE,respGas,,,0,,,
2026-04-22T11:38:22.425000,SBX_ANAES_WAVE,flow,,,10,0.0,0.0,0.0
2026-04-22T11:38:22.425000,SBX_ANAES_WAVE,volume,,,10,0.0,0.0,0.0
2026-04-22T11:38:22.425000,SBX_ANAES_WAVE,pressure,,,10,-0.18,-0.18,-0.18
2026-04-22T11:38:22.425000,SBX_ANAES_WAVE,inspExpMarker,,,0,,,
2026-04-22T11:38:22.825000,SBX_ANAES_WAVE,respGas,,,0,,,
2026-04-22T11:38:22.825000,SBX_ANAES_WAVE,respGas,,,0,,,
2026-04-22T11:38:22.825000,SBX_ANAES_WAVE,flow,,,10,0.0,0.0,0.0
2026-04-22T11:38:22.825000,SBX_ANAES_WAVE,volume,,,10,0.0,0.0,0.0
2026-04-22T11:38:22.825000,SBX_ANAES_WAVE,pressure,,,10,-0.18,-0.18,-0.18
2026-04-22T11:38:22.825000,SBX_ANAES_WAVE,inspExpMarker,,,0,,,
2026-04-22T11:38:23.276000,SBX_ANAES_WAVE,respGas,,,0,,,
2026-04-22T11:38:23.276000,SBX_ANAES_WAVE,respGas,,,0,,,
2026-04-22T11:38:23.276000,SBX_ANAES_WAVE,flow,,,10,0.0,0.0,0.0
2026-04-22T11:38:23.276000,SBX_ANAES_WAVE,volume,,,10,0.0,0.0,0.0
2026-04-22T11:38:23.276000,SBX_ANAES_WAVE,pressure,,,10,-0.18,-0.14,-0.158
2026-04-22T11:38:23.276000,SBX_ANAES_WAVE,inspExpMarker,,,0,,,
2026-04-22T11:38:23.625000,SBX_ANAES_WAVE,respGas,,,0,,,
2026-04-22T11:38:23.625000,SBX_ANAES_WAVE,respGas,,,0,,,
2026-04-22T11:38:23.625000,SBX_ANAES_WAVE,flow,,,10,0.0,0.0,0.0
2026-04-22T11:38:23.625000,SBX_ANAES_WAVE,volume,,,10,0.0,0.0,0.0
2026-04-22T11:38:23.625000,SBX_ANAES_WAVE,pressure,,,10,-0.18,-0.14,-0.168
2026-04-22T11:38:23.625000,SBX_ANAES_WAVE,inspExpMarker,,,0,,,
2026-04-22T11:38:24.026000,SBX_ANAES_WAVE,respGas,,,0,,,
2026-04-22T11:38:24.026000,SBX_ANAES_WAVE,respGas,,,0,,,
2026-04-22T11:38:24.026000,SBX_ANAES_WAVE,flow,,,10,0.0,0.0,0.0
2026-04-22T11:38:24.026000,SBX_ANAES_WAVE,volume,,,10,0.0,0.0,0.0
2026-04-22T11:38:24.026000,SBX_ANAES_WAVE,pressure,,,10,-0.18,-0.15,-0.167
2026-04-22T11:38:24.026000,SBX_ANAES_WAVE,inspExpMarker,,,0,,,
2026-04-22T11:38:24.426000,SBX_ANAES_WAVE,respGas,,,0,,,
2026-04-22T11:38:24.426000,SBX_ANAES_WAVE,respGas,,,0,,,
2026-04-22T11:38:24.426000,SBX_ANAES_WAVE,flow,,,10,0.0,0.0,0.0
2026-04-22T11:38:24.426000,SBX_ANAES_WAVE,volume,,,10,0.0,0.0,0.0
2026-04-22T11:38:24.426000,SBX_ANAES_WAVE,pressure,,,10,-0.18,-0.18,-0.18
2026-04-22T11:38:24.426000,SBX_ANAES_WAVE,inspExpMarker,,,0,,,
2026-04-22T11:38:24.825000,SBX_ANAES_WAVE,respGas,,,0,,,
2026-04-22T11:38:24.825000,SBX_ANAES_WAVE,respGas,,,0,,,
2026-04-22T11:38:24.825000,SBX_ANAES_WAVE,flow,,,10,0.0,0.0,0.0
2026-04-22T11:38:24.825000,SBX_ANAES_WAVE,volume,,,10,0.0,0.0,0.0
2026-04-22T11:38:24.825000,SBX_ANAES_WAVE,pressure,,,10,-0.18,-0.15,-0.162
2026-04-22T11:38:24.825000,SBX_ANAES_WAVE,inspExpMarker,,,0,,,
2026-04-22T11:38:25.285000,SBX_ANAES_WAVE,respGas,,,0,,,
2026-04-22T11:38:25.285000,SBX_ANAES_WAVE,respGas,,,0,,,
2026-04-22T11:38:25.285000,SBX_ANAES_WAVE,flow,,,10,0.0,0.0,0.0
2026-04-22T11:38:25.285000,SBX_ANAES_WAVE,volume,,,10,0.0,0.0,0.0
2026-04-22T11:38:25.285000,SBX_ANAES_WAVE,pressure,,,10,-0.16,-0.14,-0.153
2026-04-22T11:38:25.285000,SBX_ANAES_WAVE,inspExpMarker,,,0,,,
2026-04-22T11:38:25.625000,SBX_ANAES_WAVE,respGas,,,0,,,
2026-04-22T11:38:25.625000,SBX_ANAES_WAVE,respGas,,,0,,,
2026-04-22T11:38:25.625000,SBX_ANAES_WAVE,flow,,,10,0.0,0.0,0.0
2026-04-22T11:38:25.625000,SBX_ANAES_WAVE,volume,,,10,0.0,0.0,0.0
2026-04-22T11:38:25.625000,SBX_ANAES_WAVE,pressure,,,10,-0.18,-0.15,-0.161
2026-04-22T11:38:25.625000,SBX_ANAES_WAVE,inspExpMarker,,,0,,,
2026-04-22T11:38:26.025000,SBX_ANAES_WAVE,respGas,,,0,,,
2026-04-22T11:38:26.025000,SBX_ANAES_WAVE,respGas,,,0,,,
2026-04-22T11:38:26.025000,SBX_ANAES_WAVE,flow,,,10,0.0,0.0,0.0
2026-04-22T11:38:26.025000,SBX_ANAES_WAVE,volume,,,10,0.0,0.0,0.0
2026-04-22T11:38:26.025000,SBX_ANAES_WAVE,pressure,,,10,-0.18,-0.15,-0.168
2026-04-22T11:38:26.025000,SBX_ANAES_WAVE,inspExpMarker,,,0,,,
2026-04-22T11:38:26.426000,SBX_ANAES_WAVE,respGas,,,0,,,
2026-04-22T11:38:26.426000,SBX_ANAES_WAVE,respGas,,,0,,,
2026-04-22T11:38:26.426000,SBX_ANAES_WAVE,flow,,,10,0.0,0.0,0.0
2026-04-22T11:38:26.426000,SBX_ANAES_WAVE,volume,,,10,0.0,0.0,0.0
2026-04-22T11:38:26.426000,SBX_ANAES_WAVE,pressure,,,10,-0.16,-0.14,-0.142
2026-04-22T11:38:26.426000,SBX_ANAES_WAVE,inspExpMarker,,,0,,,
2026-04-22T11:38:26.828000,SBX_ANAES_WAVE,respGas,,,0,,,
2026-04-22T11:38:26.828000,SBX_ANAES_WAVE,respGas,,,0,,,
2026-04-22T11:38:26.828000,SBX_ANAES_WAVE,flow,,,10,0.0,0.0,0.0
2026-04-22T11:38:26.828000,SBX_ANAES_WAVE,volume,,,10,0.0,0.0,0.0
2026-04-22T11:38:26.828000,SBX_ANAES_WAVE,pressure,,,10,-0.17,-0.13,-0.153
2026-04-22T11:38:26.828000,SBX_ANAES_WAVE,inspExpMarker,,,0,,,
2026-04-22T11:38:27.285000,SBX_ANAES_WAVE,respGas,,,0,,,
2026-04-22T11:38:27.285000,SBX_ANAES_WAVE,respGas,,,0,,,
2026-04-22T11:38:27.285000,SBX_ANAES_WAVE,flow,,,10,0.0,0.0,0.0
2026-04-22T11:38:27.285000,SBX_ANAES_WAVE,volume,,,10,0.0,0.0,0.0
2026-04-22T11:38:27.285000,SBX_ANAES_WAVE,pressure,,,10,-0.18,-0.17,-0.179
2026-04-22T11:38:27.285000,SBX_ANAES_WAVE,inspExpMarker,,,0,,,
2026-04-22T11:38:27.625000,SBX_ANAES_WAVE,respGas,,,0,,,
2026-04-22T11:38:27.625000,SBX_ANAES_WAVE,respGas,,,0,,,
2026-04-22T11:38:27.625000,SBX_ANAES_WAVE,flow,,,10,0.0,0.0,0.0
2026-04-22T11:38:27.625000,SBX_ANAES_WAVE,volume,,,10,0.0,0.0,0.0
2026-04-22T11:38:27.625000,SBX_ANAES_WAVE,pressure,,,10,-0.18,-0.18,-0.18
2026-04-22T11:38:27.625000,SBX_ANAES_WAVE,inspExpMarker,,,0,,,
2026-04-22T11:38:28.026000,SBX_ANAES_WAVE,respGas,,,0,,,
2026-04-22T11:38:28.026000,SBX_ANAES_WAVE,respGas,,,0,,,
2026-04-22T11:38:28.026000,SBX_ANAES_WAVE,flow,,,10,0.0,0.0,0.0
2026-04-22T11:38:28.026000,SBX_ANAES_WAVE,volume,,,10,0.0,0.0,0.0
2026-04-22T11:38:28.026000,SBX_ANAES_WAVE,pressure,,,10,-0.18,-0.17,-0.177
2026-04-22T11:38:28.026000,SBX_ANAES_WAVE,inspExpMarker,,,0,,,
2026-04-22T11:38:28.444000,SBX_ANAES_WAVE,respGas,,,0,,,
2026-04-22T11:38:28.444000,SBX_ANAES_WAVE,respGas,,,0,,,
2026-04-22T11:38:28.444000,SBX_ANAES_WAVE,flow,,,10,0.0,0.0,0.0
2026-04-22T11:38:28.444000,SBX_ANAES_WAVE,volume,,,10,0.0,0.0,0.0
2026-04-22T11:38:28.444000,SBX_ANAES_WAVE,pressure,,,10,-0.18,-0.18,-0.18
2026-04-22T11:38:28.444000,SBX_ANAES_WAVE,inspExpMarker,,,0,,,
2026-04-22T11:38:28.825000,SBX_ANAES_WAVE,respGas,,,0,,,
2026-04-22T11:38:28.825000,SBX_ANAES_WAVE,respGas,,,0,,,
2026-04-22T11:38:28.825000,SBX_ANAES_WAVE,flow,,,10,0.0,0.001,0.0001
2026-04-22T11:38:28.825000,SBX_ANAES_WAVE,volume,,,10,0.0,0.0,0.0
2026-04-22T11:38:28.825000,SBX_ANAES_WAVE,pressure,,,10,-0.18,-0.14,-0.152
2026-04-22T11:38:28.825000,SBX_ANAES_WAVE,inspExpMarker,,,0,,,
2026-04-22T11:38:29.285000,SBX_ANAES_WAVE,respGas,,,0,,,
2026-04-22T11:38:29.285000,SBX_ANAES_WAVE,respGas,,,0,,,
2026-04-22T11:38:29.285000,SBX_ANAES_WAVE,flow,,,10,0.0,0.0,0.0
2026-04-22T11:38:29.285000,SBX_ANAES_WAVE,volume,,,10,0.0,0.0,0.0
2026-04-22T11:38:29.285000,SBX_ANAES_WAVE,pressure,,,10,-0.18,-0.14,-0.153
2026-04-22T11:38:29.285000,SBX_ANAES_WAVE,inspExpMarker,,,0,,,
2026-04-22T11:38:29.625000,SBX_ANAES_WAVE,respGas,,,0,,,
2026-04-22T11:38:29.625000,SBX_ANAES_WAVE,respGas,,,0,,,
2026-04-22T11:38:29.625000,SBX_ANAES_WAVE,flow,,,10,0.0,0.0,0.0
2026-04-22T11:38:29.625000,SBX_ANAES_WAVE,volume,,,10,0.0,0.0,0.0
2026-04-22T11:38:29.625000,SBX_ANAES_WAVE,pressure,,,10,-0.18,-0.18,-0.18
2026-04-22T11:38:29.625000,SBX_ANAES_WAVE,inspExpMarker,,,0,,,
2026-04-22T11:38:30.026000,SBX_ANAES_WAVE,respGas,,,0,,,
2026-04-22T11:38:30.026000,SBX_ANAES_WAVE,respGas,,,0,,,
2026-04-22T11:38:30.026000,SBX_ANAES_WAVE,flow,,,10,0.0,0.0,0.0
2026-04-22T11:38:30.026000,SBX_ANAES_WAVE,volume,,,10,0.0,0.0,0.0
2026-04-22T11:38:30.026000,SBX_ANAES_WAVE,pressure,,,10,-0.18,-0.17,-0.174
2026-04-22T11:38:30.026000,SBX_ANAES_WAVE,inspExpMarker,,,0,,,
2026-04-22T11:38:30.425000,SBX_ANAES_WAVE,respGas,,,0,,,
2026-04-22T11:38:30.425000,SBX_ANAES_WAVE,respGas,,,0,,,
2026-04-22T11:38:30.425000,SBX_ANAES_WAVE,flow,,,10,0.0,0.0,0.0
2026-04-22T11:38:30.425000,SBX_ANAES_WAVE,volume,,,10,0.0,0.0,0.0
2026-04-22T11:38:30.425000,SBX_ANAES_WAVE,pressure,,,10,-0.18,-0.17,-0.172
2026-04-22T11:38:30.425000,SBX_ANAES_WAVE,inspExpMarker,,,0,,,
2026-04-22T11:38:30.825000,SBX_ANAES_WAVE,respGas,,,0,,,
2026-04-22T11:38:30.825000,SBX_ANAES_WAVE,respGas,,,0,,,
2026-04-22T11:38:30.825000,SBX_ANAES_WAVE,flow,,,10,0.0,0.0,0.0
2026-04-22T11:38:30.825000,SBX_ANAES_WAVE,volume,,,10,0.0,0.0,0.0
2026-04-22T11:38:30.825000,SBX_ANAES_WAVE,pressure,,,10,-0.18,-0.14,-0.172
2026-04-22T11:38:30.825000,SBX_ANAES_WAVE,inspExpMarker,,,0,,,
2026-04-22T11:38:31.277000,SBX_ANAES_WAVE,respGas,,,0,,,
2026-04-22T11:38:31.277000,SBX_ANAES_WAVE,respGas,,,0,,,
2026-04-22T11:38:31.277000,SBX_ANAES_WAVE,flow,,,10,0.0,0.0,0.0
2026-04-22T11:38:31.277000,SBX_ANAES_WAVE,volume,,,10,0.0,0.0,0.0
2026-04-22T11:38:31.277000,SBX_ANAES_WAVE,pressure,,,10,-0.18,-0.13,-0.158
2026-04-22T11:38:31.277000,SBX_ANAES_WAVE,inspExpMarker,,,0,,,
2026-04-22T11:38:31.626000,SBX_ANAES_WAVE,respGas,,,0,,,
2026-04-22T11:38:31.626000,SBX_ANAES_WAVE,respGas,,,0,,,
2026-04-22T11:38:31.626000,SBX_ANAES_WAVE,flow,,,10,0.0,0.0,0.0
2026-04-22T11:38:31.626000,SBX_ANAES_WAVE,volume,,,10,0.0,0.0,0.0
2026-04-22T11:38:31.626000,SBX_ANAES_WAVE,pressure,,,10,-0.18,-0.18,-0.18
2026-04-22T11:38:31.626000,SBX_ANAES_WAVE,inspExpMarker,,,0,,,
2026-04-22T11:38:32.025000,SBX_ANAES_WAVE,respGas,,,0,,,
2026-04-22T11:38:32.025000,SBX_ANAES_WAVE,respGas,,,0,,,
2026-04-22T11:38:32.025000,SBX_ANAES_WAVE,flow,,,10,0.0,0.0,0.0
2026-04-22T11:38:32.025000,SBX_ANAES_WAVE,volume,,,10,0.0,0.0,0.0
2026-04-22T11:38:32.025000,SBX_ANAES_WAVE,pressure,,,10,-0.18,-0.14,-0.162
2026-04-22T11:38:32.025000,SBX_ANAES_WAVE,inspExpMarker,,,0,,,
2026-04-22T11:38:32.425000,SBX_ANAES_WAVE,respGas,,,0,,,
2026-04-22T11:38:32.425000,SBX_ANAES_WAVE,respGas,,,0,,,
2026-04-22T11:38:32.425000,SBX_ANAES_WAVE,flow,,,10,0.0,0.0,0.0
2026-04-22T11:38:32.425000,SBX_ANAES_WAVE,volume,,,10,0.0,0.0,0.0
2026-04-22T11:38:32.425000,SBX_ANAES_WAVE,pressure,,,10,-0.16,-0.13,-0.141
2026-04-22T11:38:32.425000,SBX_ANAES_WAVE,inspExpMarker,,,0,,,
2026-04-22T11:38:32.825000,SBX_ANAES_WAVE,respGas,,,0,,,
2026-04-22T11:38:32.825000,SBX_ANAES_WAVE,respGas,,,0,,,
2026-04-22T11:38:32.825000,SBX_ANAES_WAVE,flow,,,10,0.0,0.0,0.0
2026-04-22T11:38:32.825000,SBX_ANAES_WAVE,volume,,,10,0.0,0.0,0.0
2026-04-22T11:38:32.825000,SBX_ANAES_WAVE,pressure,,,10,-0.18,-0.18,-0.18
2026-04-22T11:38:32.825000,SBX_ANAES_WAVE,inspExpMarker,,,0,,,
2026-04-22T11:38:33.284000,SBX_ANAES_WAVE,respGas,,,0,,,
2026-04-22T11:38:33.284000,SBX_ANAES_WAVE,respGas,,,0,,,
2026-04-22T11:38:33.284000,SBX_ANAES_WAVE,flow,,,10,0.0,0.0,0.0
2026-04-22T11:38:33.284000,SBX_ANAES_WAVE,volume,,,10,0.0,0.0,0.0
2026-04-22T11:38:33.284000,SBX_ANAES_WAVE,pressure,,,10,-0.18,-0.18,-0.18
2026-04-22T11:38:33.284000,SBX_ANAES_WAVE,inspExpMarker,,,0,,,
2026-04-22T11:38:33.643000,SBX_ANAES_WAVE,respGas,,,0,,,
2026-04-22T11:38:33.643000,SBX_ANAES_WAVE,respGas,,,0,,,
2026-04-22T11:38:33.643000,SBX_ANAES_WAVE,flow,,,10,0.0,0.0,0.0
2026-04-22T11:38:33.643000,SBX_ANAES_WAVE,volume,,,10,0.0,0.0,0.0
2026-04-22T11:38:33.643000,SBX_ANAES_WAVE,pressure,,,10,-0.18,-0.17,-0.177
2026-04-22T11:38:33.643000,SBX_ANAES_WAVE,inspExpMarker,,,0,,,
2026-04-22T11:38:34.029000,SBX_ANAES_WAVE,respGas,,,0,,,
2026-04-22T11:38:34.029000,SBX_ANAES_WAVE,respGas,,,0,,,
2026-04-22T11:38:34.029000,SBX_ANAES_WAVE,flow,,,10,0.0,0.0,0.0
2026-04-22T11:38:34.029000,SBX_ANAES_WAVE,volume,,,10,0.0,0.0,0.0
2026-04-22T11:38:34.029000,SBX_ANAES_WAVE,pressure,,,10,-0.18,-0.15,-0.163
2026-04-22T11:38:34.029000,SBX_ANAES_WAVE,inspExpMarker,,,0,,,
2026-04-22T11:38:34.426000,SBX_ANAES_WAVE,respGas,,,0,,,
2026-04-22T11:38:34.426000,SBX_ANAES_WAVE,respGas,,,0,,,
2026-04-22T11:38:34.426000,SBX_ANAES_WAVE,flow,,,10,0.0,0.0,0.0
2026-04-22T11:38:34.426000,SBX_ANAES_WAVE,volume,,,10,0.0,0.0,0.0
2026-04-22T11:38:34.426000,SBX_ANAES_WAVE,pressure,,,10,-0.18,-0.14,-0.168
2026-04-22T11:38:34.426000,SBX_ANAES_WAVE,inspExpMarker,,,0,,,
2026-04-22T11:38:34.825000,SBX_ANAES_WAVE,respGas,,,0,,,
2026-04-22T11:38:34.825000,SBX_ANAES_WAVE,respGas,,,0,,,
2026-04-22T11:38:34.825000,SBX_ANAES_WAVE,flow,,,10,0.0,0.0,0.0
2026-04-22T11:38:34.825000,SBX_ANAES_WAVE,volume,,,10,0.0,0.0,0.0
2026-04-22T11:38:34.825000,SBX_ANAES_WAVE,pressure,,,10,-0.18,-0.13,-0.156
2026-04-22T11:38:34.825000,SBX_ANAES_WAVE,inspExpMarker,,,0,,,
2026-04-22T11:38:35.279000,SBX_ANAES_WAVE,respGas,,,0,,,
2026-04-22T11:38:35.279000,SBX_ANAES_WAVE,respGas,,,0,,,
2026-04-22T11:38:35.279000,SBX_ANAES_WAVE,flow,,,10,0.0,0.0,0.0
2026-04-22T11:38:35.279000,SBX_ANAES_WAVE,volume,,,10,0.0,0.0,0.0
2026-04-22T11:38:35.279000,SBX_ANAES_WAVE,pressure,,,10,-0.18,-0.14,-0.174
2026-04-22T11:38:35.279000,SBX_ANAES_WAVE,inspExpMarker,,,0,,,
2026-04-22T11:38:35.625000,SBX_ANAES_WAVE,respGas,,,0,,,
2026-04-22T11:38:35.625000,SBX_ANAES_WAVE,respGas,,,0,,,
2026-04-22T11:38:35.625000,SBX_ANAES_WAVE,flow,,,10,0.0,0.0,0.0
2026-04-22T11:38:35.625000,SBX_ANAES_WAVE,volume,,,10,0.0,0.0,0.0
2026-04-22T11:38:35.625000,SBX_ANAES_WAVE,pressure,,,10,-0.18,-0.14,-0.155
2026-04-22T11:38:35.625000,SBX_ANAES_WAVE,inspExpMarker,,,0,,,
2026-04-22T11:38:36.025000,SBX_ANAES_WAVE,respGas,,,0,,,
2026-04-22T11:38:36.025000,SBX_ANAES_WAVE,respGas,,,0,,,
2026-04-22T11:38:36.025000,SBX_ANAES_WAVE,flow,,,10,0.0,0.0,0.0
2026-04-22T11:38:36.025000,SBX_ANAES_WAVE,volume,,,10,0.0,0.0,0.0
2026-04-22T11:38:36.025000,SBX_ANAES_WAVE,pressure,,,10,-0.18,-0.15,-0.177
2026-04-22T11:38:36.025000,SBX_ANAES_WAVE,inspExpMarker,,,0,,,
2026-04-22T11:38:36.439000,SBX_ANAES_WAVE,respGas,,,0,,,
2026-04-22T11:38:36.439000,SBX_ANAES_WAVE,respGas,,,0,,,
2026-04-22T11:38:36.439000,SBX_ANAES_WAVE,flow,,,10,0.0,0.0,0.0
2026-04-22T11:38:36.439000,SBX_ANAES_WAVE,volume,,,10,0.0,0.0,0.0
2026-04-22T11:38:36.439000,SBX_ANAES_WAVE,pressure,,,10,-0.18,-0.14,-0.155
2026-04-22T11:38:36.439000,SBX_ANAES_WAVE,inspExpMarker,,,0,,,
2026-04-22T11:38:36.825000,SBX_ANAES_WAVE,respGas,,,0,,,
2026-04-22T11:38:36.825000,SBX_ANAES_WAVE,respGas,,,0,,,
2026-04-22T11:38:36.825000,SBX_ANAES_WAVE,flow,,,10,0.0,0.0,0.0
2026-04-22T11:38:36.825000,SBX_ANAES_WAVE,volume,,,10,0.0,0.0,0.0
2026-04-22T11:38:36.825000,SBX_ANAES_WAVE,pressure,,,10,-0.18,-0.14,-0.152
2026-04-22T11:38:36.825000,SBX_ANAES_WAVE,inspExpMarker,,,0,,,
2026-04-22T11:38:37.272000,SBX_ANAES_WAVE,respGas,,,0,,,
2026-04-22T11:38:37.272000,SBX_ANAES_WAVE,respGas,,,0,,,
2026-04-22T11:38:37.272000,SBX_ANAES_WAVE,flow,,,10,0.0,0.0,0.0
2026-04-22T11:38:37.272000,SBX_ANAES_WAVE,volume,,,10,0.0,0.0,0.0
2026-04-22T11:38:37.272000,SBX_ANAES_WAVE,pressure,,,10,-0.18,-0.14,-0.152
2026-04-22T11:38:37.272000,SBX_ANAES_WAVE,inspExpMarker,,,0,,,
2026-04-22T11:38:37.626000,SBX_ANAES_WAVE,respGas,,,0,,,
2026-04-22T11:38:37.626000,SBX_ANAES_WAVE,respGas,,,0,,,
2026-04-22T11:38:37.626000,SBX_ANAES_WAVE,flow,,,10,0.0,0.001,0.0002
2026-04-22T11:38:37.626000,SBX_ANAES_WAVE,volume,,,10,0.0,0.0,0.0
2026-04-22T11:38:37.626000,SBX_ANAES_WAVE,pressure,,,10,-0.18,-0.17,-0.178
2026-04-22T11:38:37.626000,SBX_ANAES_WAVE,inspExpMarker,,,0,,,
2026-04-22T11:38:38.025000,SBX_ANAES_WAVE,respGas,,,0,,,
2026-04-22T11:38:38.025000,SBX_ANAES_WAVE,respGas,,,0,,,
2026-04-22T11:38:38.025000,SBX_ANAES_WAVE,flow,,,10,0.0,0.0,0.0
2026-04-22T11:38:38.025000,SBX_ANAES_WAVE,volume,,,10,0.0,0.0,0.0
2026-04-22T11:38:38.025000,SBX_ANAES_WAVE,pressure,,,10,-0.18,-0.18,-0.18
2026-04-22T11:38:38.025000,SBX_ANAES_WAVE,inspExpMarker,,,0,,,
2026-04-22T11:38:38.425000,SBX_ANAES_WAVE,respGas,,,0,,,
2026-04-22T11:38:38.425000,SBX_ANAES_WAVE,respGas,,,0,,,
2026-04-22T11:38:38.425000,SBX_ANAES_WAVE,flow,,,10,0.0,0.0,0.0
2026-04-22T11:38:38.425000,SBX_ANAES_WAVE,volume,,,10,0.0,0.0,0.0
2026-04-22T11:38:38.425000,SBX_ANAES_WAVE,pressure,,,10,-0.18,-0.16,-0.176
2026-04-22T11:38:38.425000,SBX_ANAES_WAVE,inspExpMarker,,,0,,,
2026-04-22T11:38:38.826000,SBX_ANAES_WAVE,respGas,,,0,,,
2026-04-22T11:38:38.826000,SBX_ANAES_WAVE,respGas,,,0,,,
2026-04-22T11:38:38.826000,SBX_ANAES_WAVE,flow,,,10,0.0,0.0,0.0
2026-04-22T11:38:38.826000,SBX_ANAES_WAVE,volume,,,10,0.0,0.0,0.0
2026-04-22T11:38:38.826000,SBX_ANAES_WAVE,pressure,,,10,-0.18,-0.13,-0.146
2026-04-22T11:38:38.826000,SBX_ANAES_WAVE,inspExpMarker,,,0,,,
2026-04-22T11:38:39.271000,SBX_ANAES_WAVE,respGas,,,0,,,
2026-04-22T11:38:39.271000,SBX_ANAES_WAVE,respGas,,,0,,,
2026-04-22T11:38:39.271000,SBX_ANAES_WAVE,flow,,,10,0.0,0.896,0.2934
2026-04-22T11:38:39.271000,SBX_ANAES_WAVE,volume,,,10,0.0,2.0,0.6
2026-04-22T11:38:39.271000,SBX_ANAES_WAVE,pressure,,,10,-0.18,-0.14,-0.164
2026-04-22T11:38:39.271000,SBX_ANAES_WAVE,inspExpMarker,,,0,,,
2026-04-22T11:38:39.625000,SBX_ANAES_WAVE,respGas,,,0,,,
2026-04-22T11:38:39.625000,SBX_ANAES_WAVE,respGas,,,0,,,
2026-04-22T11:38:39.625000,SBX_ANAES_WAVE,flow,,,10,0.298,0.394,0.3484
2026-04-22T11:38:39.625000,SBX_ANAES_WAVE,volume,,,10,2.0,4.0,3.2
2026-04-22T11:38:39.625000,SBX_ANAES_WAVE,pressure,,,10,-0.15,-0.14,-0.146
2026-04-22T11:38:39.625000,SBX_ANAES_WAVE,inspExpMarker,,,0,,,
2026-04-22T11:38:40.025000,SBX_ANAES_WAVE,respGas,,,0,,,
2026-04-22T11:38:40.025000,SBX_ANAES_WAVE,respGas,,,0,,,
2026-04-22T11:38:40.025000,SBX_ANAES_WAVE,flow,,,10,0.253,0.326,0.285
2026-04-22T11:38:40.025000,SBX_ANAES_WAVE,volume,,,10,4.0,6.0,5.3
2026-04-22T11:38:40.025000,SBX_ANAES_WAVE,pressure,,,10,-0.14,-0.13,-0.139
2026-04-22T11:38:40.025000,SBX_ANAES_WAVE,inspExpMarker,,,0,,,
2026-04-22T11:38:40.424000,SBX_ANAES_WAVE,respGas,,,0,,,
2026-04-22T11:38:40.424000,SBX_ANAES_WAVE,respGas,,,0,,,
2026-04-22T11:38:40.424000,SBX_ANAES_WAVE,flow,,,10,0.179,0.271,0.2275
2026-04-22T11:38:40.424000,SBX_ANAES_WAVE,volume,,,10,6.0,8.0,7.0
2026-04-22T11:38:40.424000,SBX_ANAES_WAVE,pressure,,,10,-0.14,-0.09,-0.111
2026-04-22T11:38:40.424000,SBX_ANAES_WAVE,inspExpMarker,,,0,,,
2026-04-22T11:38:40.825000,SBX_ANAES_WAVE,respGas,,,0,,,
2026-04-22T11:38:40.825000,SBX_ANAES_WAVE,respGas,,,0,,,
2026-04-22T11:38:40.825000,SBX_ANAES_WAVE,flow,,,10,0.157,0.214,0.1817
2026-04-22T11:38:40.825000,SBX_ANAES_WAVE,volume,,,10,8.0,9.0,8.4
2026-04-22T11:38:40.825000,SBX_ANAES_WAVE,pressure,,,10,-0.13,-0.09,-0.108
2026-04-22T11:38:40.825000,SBX_ANAES_WAVE,inspExpMarker,,,0,,,
2026-04-22T11:38:41.282000,SBX_ANAES_WAVE,respGas,,,0,,,
2026-04-22T11:38:41.282000,SBX_ANAES_WAVE,respGas,,,0,,,
2026-04-22T11:38:41.282000,SBX_ANAES_WAVE,flow,,,10,0.133,0.172,0.1563
2026-04-22T11:38:41.282000,SBX_ANAES_WAVE,volume,,,10,9.0,10.0,9.5
2026-04-22T11:38:41.282000,SBX_ANAES_WAVE,pressure,,,10,-0.11,-0.09,-0.094
2026-04-22T11:38:41.282000,SBX_ANAES_WAVE,inspExpMarker,,,0,,,
2026-04-22T11:38:41.625000,SBX_ANAES_WAVE,respGas,,,0,,,
2026-04-22T11:38:41.625000,SBX_ANAES_WAVE,respGas,,,0,,,
2026-04-22T11:38:41.625000,SBX_ANAES_WAVE,flow,,,10,0.123,0.158,0.1415
2026-04-22T11:38:41.625000,SBX_ANAES_WAVE,volume,,,10,10.0,11.0,10.4
2026-04-22T11:38:41.625000,SBX_ANAES_WAVE,pressure,,,10,-0.1,-0.09,-0.091
2026-04-22T11:38:41.625000,SBX_ANAES_WAVE,inspExpMarker,,,0,,,
2026-04-22T11:38:42.025000,SBX_ANAES_WAVE,respGas,,,0,,,
2026-04-22T11:38:42.025000,SBX_ANAES_WAVE,respGas,,,0,,,
2026-04-22T11:38:42.025000,SBX_ANAES_WAVE,flow,,,10,0.105,0.128,0.1158
2026-04-22T11:38:42.025000,SBX_ANAES_WAVE,volume,,,10,11.0,12.0,11.3
2026-04-22T11:38:42.025000,SBX_ANAES_WAVE,pressure,,,10,-0.09,-0.09,-0.09
2026-04-22T11:38:42.025000,SBX_ANAES_WAVE,inspExpMarker,,,0,,,
2026-04-22T11:38:42.425000,SBX_ANAES_WAVE,respGas,,,0,,,
2026-04-22T11:38:42.425000,SBX_ANAES_WAVE,respGas,,,0,,,
2026-04-22T11:38:42.425000,SBX_ANAES_WAVE,flow,,,10,0.086,0.139,0.1155
2026-04-22T11:38:42.425000,SBX_ANAES_WAVE,volume,,,10,12.0,12.0,12.0
2026-04-22T11:38:42.425000,SBX_ANAES_WAVE,pressure,,,10,-0.09,-0.09,-0.09
2026-04-22T11:38:42.425000,SBX_ANAES_WAVE,inspExpMarker,,,0,,,
2026-04-22T11:38:42.825000,SBX_ANAES_WAVE,respGas,,,0,,,
2026-04-22T11:38:42.825000,SBX_ANAES_WAVE,respGas,,,0,,,
2026-04-22T11:38:42.825000,SBX_ANAES_WAVE,flow,,,10,0.063,0.125,0.0889
2026-04-22T11:38:42.825000,SBX_ANAES_WAVE,volume,,,10,12.0,13.0,12.9
2026-04-22T11:38:42.825000,SBX_ANAES_WAVE,pressure,,,10,-0.09,-0.09,-0.09
2026-04-22T11:38:42.825000,SBX_ANAES_WAVE,inspExpMarker,,,0,,,
2026-04-22T11:38:43.280000,SBX_ANAES_WAVE,respGas,,,0,,,
2026-04-22T11:38:43.280000,SBX_ANAES_WAVE,respGas,,,0,,,
2026-04-22T11:38:43.280000,SBX_ANAES_WAVE,flow,,,10,0.059,0.101,0.0775
2026-04-22T11:38:43.280000,SBX_ANAES_WAVE,volume,,,10,13.0,13.0,13.0
2026-04-22T11:38:43.280000,SBX_ANAES_WAVE,pressure,,,10,-0.09,-0.09,-0.09
2026-04-22T11:38:43.280000,SBX_ANAES_WAVE,inspExpMarker,,,0,,,
2026-04-22T11:38:43.625000,SBX_ANAES_WAVE,respGas,,,0,,,
2026-04-22T11:38:43.625000,SBX_ANAES_WAVE,respGas,,,0,,,
2026-04-22T11:38:43.625000,SBX_ANAES_WAVE,flow,,,10,0.042,0.119,0.0767
2026-04-22T11:38:43.625000,SBX_ANAES_WAVE,volume,,,10,14.0,14.0,14.0
2026-04-22T11:38:43.625000,SBX_ANAES_WAVE,pressure,,,10,-0.09,-0.09,-0.09
2026-04-22T11:38:43.625000,SBX_ANAES_WAVE,inspExpMarker,,,0,,,
2026-04-22T11:38:44.024000,SBX_ANAES_WAVE,respGas,,,0,,,
2026-04-22T11:38:44.024000,SBX_ANAES_WAVE,respGas,,,0,,,
2026-04-22T11:38:44.024000,SBX_ANAES_WAVE,flow,,,10,0.032,0.095,0.0673
2026-04-22T11:38:44.024000,SBX_ANAES_WAVE,volume,,,10,14.0,14.0,14.0
2026-04-22T11:38:44.024000,SBX_ANAES_WAVE,pressure,,,10,-0.09,-0.09,-0.09
2026-04-22T11:38:44.024000,SBX_ANAES_WAVE,inspExpMarker,,,0,,,
2026-04-22T11:38:44.424000,SBX_ANAES_WAVE,respGas,,,0,,,
2026-04-22T11:38:44.424000,SBX_ANAES_WAVE,respGas,,,0,,,
2026-04-22T11:38:44.424000,SBX_ANAES_WAVE,flow,,,10,0.021,0.085,0.0511
2026-04-22T11:38:44.424000,SBX_ANAES_WAVE,volume,,,10,14.0,15.0,14.6
2026-04-22T11:38:44.424000,SBX_ANAES_WAVE,pressure,,,10,-0.09,-0.09,-0.09
2026-04-22T11:38:44.424000,SBX_ANAES_WAVE,inspExpMarker,,,0,,,
2026-04-22T11:38:44.824000,SBX_ANAES_WAVE,respGas,,,0,,,
2026-04-22T11:38:44.824000,SBX_ANAES_WAVE,respGas,,,0,,,
2026-04-22T11:38:44.824000,SBX_ANAES_WAVE,flow,,,10,0.027,0.092,0.0571
2026-04-22T11:38:44.824000,SBX_ANAES_WAVE,volume,,,10,15.0,15.0,15.0
2026-04-22T11:38:44.824000,SBX_ANAES_WAVE,pressure,,,10,-0.09,-0.09,-0.09
2026-04-22T11:38:44.824000,SBX_ANAES_WAVE,inspExpMarker,,,0,,,
2026-04-22T11:38:45.280000,SBX_ANAES_WAVE,respGas,,,0,,,
2026-04-22T11:38:45.280000,SBX_ANAES_WAVE,respGas,,,0,,,
2026-04-22T11:38:45.280000,SBX_ANAES_WAVE,flow,,,10,0.021,0.073,0.0425
2026-04-22T11:38:45.280000,SBX_ANAES_WAVE,volume,,,10,15.0,15.0,15.0
2026-04-22T11:38:45.280000,SBX_ANAES_WAVE,pressure,,,10,-0.09,-0.09,-0.09
2026-04-22T11:38:45.280000,SBX_ANAES_WAVE,inspExpMarker,,,0,,,
2026-04-22T11:38:45.625000,SBX_ANAES_WAVE,respGas,,,0,,,
2026-04-22T11:38:45.625000,SBX_ANAES_WAVE,respGas,,,0,,,
2026-04-22T11:38:45.625000,SBX_ANAES_WAVE,flow,,,10,0.012,0.072,0.0418
2026-04-22T11:38:45.625000,SBX_ANAES_WAVE,volume,,,10,15.0,15.0,15.0
2026-04-22T11:38:45.625000,SBX_ANAES_WAVE,pressure,,,10,-0.09,-0.09,-0.09
2026-04-22T11:38:45.625000,SBX_ANAES_WAVE,inspExpMarker,,,0,,,
2026-04-22T11:38:46.024000,SBX_ANAES_WAVE,respGas,,,0,,,
2026-04-22T11:38:46.024000,SBX_ANAES_WAVE,respGas,,,0,,,
2026-04-22T11:38:46.024000,SBX_ANAES_WAVE,flow,,,10,0.012,0.055,0.0367
2026-04-22T11:38:46.024000,SBX_ANAES_WAVE,volume,,,10,15.0,15.0,15.0
2026-04-22T11:38:46.024000,SBX_ANAES_WAVE,pressure,,,10,-0.09,-0.09,-0.09
2026-04-22T11:38:46.024000,SBX_ANAES_WAVE,inspExpMarker,,,0,,,
2026-04-22T11:38:46.468000,SBX_ANAES_WAVE,respGas,,,0,,,
2026-04-22T11:38:46.468000,SBX_ANAES_WAVE,respGas,,,0,,,
2026-04-22T11:38:46.468000,SBX_ANAES_WAVE,flow,,,10,0.017,0.073,0.042
2026-04-22T11:38:46.468000,SBX_ANAES_WAVE,volume,,,10,15.0,16.0,15.1
2026-04-22T11:38:46.468000,SBX_ANAES_WAVE,pressure,,,10,-0.09,-0.09,-0.09
2026-04-22T11:38:46.468000,SBX_ANAES_WAVE,inspExpMarker,,,0,,,
2026-04-22T11:38:46.824000,SBX_ANAES_WAVE,respGas,,,0,,,
2026-04-22T11:38:46.824000,SBX_ANAES_WAVE,respGas,,,0,,,
2026-04-22T11:38:46.824000,SBX_ANAES_WAVE,flow,,,10,0.011,0.057,0.0302
2026-04-22T11:38:46.824000,SBX_ANAES_WAVE,volume,,,10,16.0,16.0,16.0
2026-04-22T11:38:46.824000,SBX_ANAES_WAVE,pressure,,,10,-0.09,-0.09,-0.09
2026-04-22T11:38:46.824000,SBX_ANAES_WAVE,inspExpMarker,,,0,,,
2026-04-22T11:38:47.277000,SBX_ANAES_WAVE,respGas,,,0,,,
2026-04-22T11:38:47.277000,SBX_ANAES_WAVE,respGas,,,0,,,
2026-04-22T11:38:47.277000,SBX_ANAES_WAVE,flow,,,10,0.007,0.06,0.0335
2026-04-22T11:38:47.277000,SBX_ANAES_WAVE,volume,,,10,16.0,16.0,16.0
2026-04-22T11:38:47.277000,SBX_ANAES_WAVE,pressure,,,10,-0.09,-0.09,-0.09
2026-04-22T11:38:47.277000,SBX_ANAES_WAVE,inspExpMarker,,,0,,,
2026-04-22T11:38:47.625000,SBX_ANAES_WAVE,respGas,,,0,,,
2026-04-22T11:38:47.625000,SBX_ANAES_WAVE,respGas,,,0,,,
2026-04-22T11:38:47.625000,SBX_ANAES_WAVE,flow,,,10,0.011,0.059,0.0285
2026-04-22T11:38:47.625000,SBX_ANAES_WAVE,volume,,,10,16.0,16.0,16.0
2026-04-22T11:38:47.625000,SBX_ANAES_WAVE,pressure,,,10,-0.09,-0.09,-0.09
2026-04-22T11:38:47.625000,SBX_ANAES_WAVE,inspExpMarker,,,0,,,
2026-04-22T11:38:48.024000,SBX_ANAES_WAVE,respGas,,,0,,,
2026-04-22T11:38:48.024000,SBX_ANAES_WAVE,respGas,,,0,,,
2026-04-22T11:38:48.024000,SBX_ANAES_WAVE,flow,,,10,0.003,0.041,0.0168
2026-04-22T11:38:48.024000,SBX_ANAES_WAVE,volume,,,10,16.0,16.0,16.0
2026-04-22T11:38:48.024000,SBX_ANAES_WAVE,pressure,,,10,-0.09,-0.09,-0.09
2026-04-22T11:38:48.024000,SBX_ANAES_WAVE,inspExpMarker,,,0,,,
2026-04-22T11:38:48.424000,SBX_ANAES_WAVE,respGas,,,0,,,
2026-04-22T11:38:48.424000,SBX_ANAES_WAVE,respGas,,,0,,,
2026-04-22T11:38:48.424000,SBX_ANAES_WAVE,flow,,,10,0.008,0.067,0.0373
2026-04-22T11:38:48.424000,SBX_ANAES_WAVE,volume,,,10,16.0,16.0,16.0
2026-04-22T11:38:48.424000,SBX_ANAES_WAVE,pressure,,,10,-0.09,-0.09,-0.09
2026-04-22T11:38:48.424000,SBX_ANAES_WAVE,inspExpMarker,,,0,,,
2026-04-22T11:38:48.825000,SBX_ANAES_WAVE,respGas,,,0,,,
2026-04-22T11:38:48.825000,SBX_ANAES_WAVE,respGas,,,0,,,
2026-04-22T11:38:48.825000,SBX_ANAES_WAVE,flow,,,10,0.006,0.019,0.0091
2026-04-22T11:38:48.825000,SBX_ANAES_WAVE,volume,,,10,16.0,16.0,16.0
2026-04-22T11:38:48.825000,SBX_ANAES_WAVE,pressure,,,10,-0.09,-0.09,-0.09
2026-04-22T11:38:48.825000,SBX_ANAES_WAVE,inspExpMarker,,,0,,,
2026-04-22T11:38:49.275000,SBX_ANAES_WAVE,respGas,,,0,,,
2026-04-22T11:38:49.275000,SBX_ANAES_WAVE,respGas,,,0,,,
2026-04-22T11:38:49.275000,SBX_ANAES_WAVE,flow,,,10,0.01,0.062,0.032
2026-04-22T11:38:49.275000,SBX_ANAES_WAVE,volume,,,10,16.0,16.0,16.0
2026-04-22T11:38:49.275000,SBX_ANAES_WAVE,pressure,,,10,-0.09,-0.09,-0.09
2026-04-22T11:38:49.275000,SBX_ANAES_WAVE,inspExpMarker,,,0,,,
2026-04-22T11:38:49.624000,SBX_ANAES_WAVE,respGas,,,0,,,
2026-04-22T11:38:49.624000,SBX_ANAES_WAVE,respGas,,,0,,,
2026-04-22T11:38:49.624000,SBX_ANAES_WAVE,flow,,,10,0.0,0.035,0.0125
2026-04-22T11:38:49.624000,SBX_ANAES_WAVE,volume,,,10,16.0,16.0,16.0
2026-04-22T11:38:49.624000,SBX_ANAES_WAVE,pressure,,,10,-0.09,-0.09,-0.09
2026-04-22T11:38:49.624000,SBX_ANAES_WAVE,inspExpMarker,,,0,,,
2026-04-22T11:38:50.025000,SBX_ANAES_WAVE,respGas,,,0,,,
2026-04-22T11:38:50.025000,SBX_ANAES_WAVE,respGas,,,0,,,
2026-04-22T11:38:50.025000,SBX_ANAES_WAVE,flow,,,10,0.003,0.057,0.0211
2026-04-22T11:38:50.025000,SBX_ANAES_WAVE,volume,,,10,16.0,16.0,16.0
2026-04-22T11:38:50.025000,SBX_ANAES_WAVE,pressure,,,10,-0.09,-0.09,-0.09
2026-04-22T11:38:50.025000,SBX_ANAES_WAVE,inspExpMarker,,,0,,,
2026-04-22T11:38:50.425000,SBX_ANAES_WAVE,respGas,,,0,,,
2026-04-22T11:38:50.425000,SBX_ANAES_WAVE,respGas,,,0,,,
2026-04-22T11:38:50.425000,SBX_ANAES_WAVE,flow,,,10,0.025,0.054,0.0406
2026-04-22T11:38:50.425000,SBX_ANAES_WAVE,volume,,,10,16.0,16.0,16.0
2026-04-22T11:38:50.425000,SBX_ANAES_WAVE,pressure,,,10,-0.09,-0.09,-0.09
2026-04-22T11:38:50.425000,SBX_ANAES_WAVE,inspExpMarker,,,0,,,
2026-04-22T11:38:50.831000,SBX_ANAES_WAVE,respGas,,,0,,,
2026-04-22T11:38:50.831000,SBX_ANAES_WAVE,respGas,,,0,,,
2026-04-22T11:38:50.831000,SBX_ANAES_WAVE,flow,,,10,0.0,0.05,0.0217
2026-04-22T11:38:50.831000,SBX_ANAES_WAVE,volume,,,10,16.0,16.0,16.0
2026-04-22T11:38:50.831000,SBX_ANAES_WAVE,pressure,,,10,-0.09,-0.09,-0.09
2026-04-22T11:38:50.831000,SBX_ANAES_WAVE,inspExpMarker,,,0,,,
2026-04-22T11:38:51.275000,SBX_ANAES_WAVE,respGas,,,0,,,
2026-04-22T11:38:51.275000,SBX_ANAES_WAVE,respGas,,,0,,,
2026-04-22T11:38:51.275000,SBX_ANAES_WAVE,flow,,,10,0.0,0.02,0.0082
2026-04-22T11:38:51.275000,SBX_ANAES_WAVE,volume,,,10,16.0,16.0,16.0
2026-04-22T11:38:51.275000,SBX_ANAES_WAVE,pressure,,,10,-0.09,-0.09,-0.09
2026-04-22T11:38:51.275000,SBX_ANAES_WAVE,inspExpMarker,,,0,,,
2026-04-22T11:38:51.626000,SBX_ANAES_WAVE,respGas,,,0,,,
2026-04-22T11:38:51.626000,SBX_ANAES_WAVE,respGas,,,0,,,
2026-04-22T11:38:51.626000,SBX_ANAES_WAVE,flow,,,10,0.009,0.044,0.0287
2026-04-22T11:38:51.626000,SBX_ANAES_WAVE,volume,,,10,16.0,16.0,16.0
2026-04-22T11:38:51.626000,SBX_ANAES_WAVE,pressure,,,10,-0.09,-0.09,-0.09
2026-04-22T11:38:51.626000,SBX_ANAES_WAVE,inspExpMarker,,,0,,,
2026-04-22T11:38:52.024000,SBX_ANAES_WAVE,respGas,,,0,,,
2026-04-22T11:38:52.024000,SBX_ANAES_WAVE,respGas,,,0,,,
2026-04-22T11:38:52.024000,SBX_ANAES_WAVE,flow,,,10,0.003,0.044,0.0239
2026-04-22T11:38:52.024000,SBX_ANAES_WAVE,volume,,,10,16.0,16.0,16.0
2026-04-22T11:38:52.024000,SBX_ANAES_WAVE,pressure,,,10,-0.09,-0.09,-0.09
2026-04-22T11:38:52.024000,SBX_ANAES_WAVE,inspExpMarker,,,0,,,
2026-04-22T11:38:52.425000,SBX_ANAES_WAVE,respGas,,,0,,,
2026-04-22T11:38:52.425000,SBX_ANAES_WAVE,respGas,,,0,,,
2026-04-22T11:38:52.425000,SBX_ANAES_WAVE,flow,,,10,0.005,0.051,0.0201
2026-04-22T11:38:52.425000,SBX_ANAES_WAVE,volume,,,10,16.0,16.0,16.0
2026-04-22T11:38:52.425000,SBX_ANAES_WAVE,pressure,,,10,-0.09,-0.09,-0.09
2026-04-22T11:38:52.425000,SBX_ANAES_WAVE,inspExpMarker,,,0,,,
2026-04-22T11:38:52.823000,SBX_ANAES_WAVE,respGas,,,0,,,
2026-04-22T11:38:52.823000,SBX_ANAES_WAVE,respGas,,,0,,,
2026-04-22T11:38:52.823000,SBX_ANAES_WAVE,flow,,,10,0.004,0.017,0.0095
2026-04-22T11:38:52.823000,SBX_ANAES_WAVE,volume,,,10,16.0,16.0,16.0
2026-04-22T11:38:52.823000,SBX_ANAES_WAVE,pressure,,,10,-0.09,-0.08,-0.088
2026-04-22T11:38:52.823000,SBX_ANAES_WAVE,inspExpMarker,,,0,,,
2026-04-22T11:38:53.281000,SBX_ANAES_WAVE,respGas,,,0,,,
2026-04-22T11:38:53.281000,SBX_ANAES_WAVE,respGas,,,0,,,
2026-04-22T11:38:53.281000,SBX_ANAES_WAVE,flow,,,10,0.006,0.04,0.021
2026-04-22T11:38:53.281000,SBX_ANAES_WAVE,volume,,,10,16.0,16.0,16.0
2026-04-22T11:38:53.281000,SBX_ANAES_WAVE,pressure,,,10,-0.09,-0.09,-0.09
2026-04-22T11:38:53.281000,SBX_ANAES_WAVE,inspExpMarker,,,0,,,
2026-04-22T11:38:53.624000,SBX_ANAES_WAVE,respGas,,,0,,,
2026-04-22T11:38:53.624000,SBX_ANAES_WAVE,respGas,,,0,,,
2026-04-22T11:38:53.624000,SBX_ANAES_WAVE,flow,,,10,0.001,0.051,0.0185
2026-04-22T11:38:53.624000,SBX_ANAES_WAVE,volume,,,10,17.0,17.0,17.0
2026-04-22T11:38:53.624000,SBX_ANAES_WAVE,pressure,,,10,-0.09,-0.09,-0.09
2026-04-22T11:38:53.624000,SBX_ANAES_WAVE,inspExpMarker,,,0,,,
2026-04-22T11:38:54.024000,SBX_ANAES_WAVE,respGas,,,0,,,
2026-04-22T11:38:54.024000,SBX_ANAES_WAVE,respGas,,,0,,,
2026-04-22T11:38:54.024000,SBX_ANAES_WAVE,flow,,,10,0.002,0.065,0.0226
2026-04-22T11:38:54.024000,SBX_ANAES_WAVE,volume,,,10,17.0,17.0,17.0
2026-04-22T11:38:54.024000,SBX_ANAES_WAVE,pressure,,,10,-0.09,-0.09,-0.09
2026-04-22T11:38:54.024000,SBX_ANAES_WAVE,inspExpMarker,,,0,,,
2026-04-22T11:38:54.424000,SBX_ANAES_WAVE,respGas,,,0,,,
2026-04-22T11:38:54.424000,SBX_ANAES_WAVE,respGas,,,0,,,
2026-04-22T11:38:54.424000,SBX_ANAES_WAVE,flow,,,10,0.001,0.015,0.008
2026-04-22T11:38:54.424000,SBX_ANAES_WAVE,volume,,,10,17.0,17.0,17.0
2026-04-22T11:38:54.424000,SBX_ANAES_WAVE,pressure,,,10,-0.09,-0.09,-0.09
2026-04-22T11:38:54.424000,SBX_ANAES_WAVE,inspExpMarker,,,0,,,
2026-04-22T11:38:54.824000,SBX_ANAES_WAVE,respGas,,,0,,,
2026-04-22T11:38:54.824000,SBX_ANAES_WAVE,respGas,,,0,,,
2026-04-22T11:38:54.824000,SBX_ANAES_WAVE,flow,,,10,0.003,0.039,0.0217
2026-04-22T11:38:54.824000,SBX_ANAES_WAVE,volume,,,10,17.0,17.0,17.0
2026-04-22T11:38:54.824000,SBX_ANAES_WAVE,pressure,,,10,-0.09,-0.07,-0.082
2026-04-22T11:38:54.824000,SBX_ANAES_WAVE,inspExpMarker,,,0,,,
2026-04-22T11:38:55.280000,SBX_ANAES_WAVE,respGas,,,0,,,
2026-04-22T11:38:55.280000,SBX_ANAES_WAVE,respGas,,,0,,,
2026-04-22T11:38:55.280000,SBX_ANAES_WAVE,flow,,,10,0.0,0.033,0.0128
2026-04-22T11:38:55.280000,SBX_ANAES_WAVE,volume,,,10,17.0,17.0,17.0
2026-04-22T11:38:55.280000,SBX_ANAES_WAVE,pressure,,,10,-0.09,-0.07,-0.088
2026-04-22T11:38:55.280000,SBX_ANAES_WAVE,inspExpMarker,,,0,,,
2026-04-22T11:38:55.624000,SBX_ANAES_WAVE,respGas,,,0,,,
2026-04-22T11:38:55.624000,SBX_ANAES_WAVE,respGas,,,0,,,
2026-04-22T11:38:55.624000,SBX_ANAES_WAVE,flow,,,10,0.0,0.005,0.0022
2026-04-22T11:38:55.624000,SBX_ANAES_WAVE,volume,,,10,17.0,17.0,17.0
2026-04-22T11:38:55.624000,SBX_ANAES_WAVE,pressure,,,10,-0.09,-0.09,-0.09
2026-04-22T11:38:55.624000,SBX_ANAES_WAVE,inspExpMarker,,,0,,,
2026-04-22T11:38:56.024000,SBX_ANAES_WAVE,respGas,,,0,,,
2026-04-22T11:38:56.024000,SBX_ANAES_WAVE,respGas,,,0,,,
2026-04-22T11:38:56.024000,SBX_ANAES_WAVE,flow,,,10,0.0,0.028,0.0093
2026-04-22T11:38:56.024000,SBX_ANAES_WAVE,volume,,,10,17.0,17.0,17.0
2026-04-22T11:38:56.024000,SBX_ANAES_WAVE,pressure,,,10,-0.09,-0.09,-0.09
2026-04-22T11:38:56.024000,SBX_ANAES_WAVE,inspExpMarker,,,0,,,
2026-04-22T11:38:56.424000,SBX_ANAES_WAVE,respGas,,,0,,,
2026-04-22T11:38:56.424000,SBX_ANAES_WAVE,respGas,,,0,,,
2026-04-22T11:38:56.424000,SBX_ANAES_WAVE,flow,,,10,0.002,0.032,0.0098
2026-04-22T11:38:56.424000,SBX_ANAES_WAVE,volume,,,10,17.0,17.0,17.0
2026-04-22T11:38:56.424000,SBX_ANAES_WAVE,pressure,,,10,-0.09,-0.08,-0.087
2026-04-22T11:38:56.424000,SBX_ANAES_WAVE,inspExpMarker,,,0,,,
2026-04-22T11:38:56.824000,SBX_ANAES_WAVE,respGas,,,0,,,
2026-04-22T11:38:56.824000,SBX_ANAES_WAVE,respGas,,,0,,,
2026-04-22T11:38:56.824000,SBX_ANAES_WAVE,flow,,,10,0.001,0.024,0.0081
2026-04-22T11:38:56.824000,SBX_ANAES_WAVE,volume,,,10,17.0,17.0,17.0
2026-04-22T11:38:56.824000,SBX_ANAES_WAVE,pressure,,,10,-0.09,-0.08,-0.088
2026-04-22T11:38:56.824000,SBX_ANAES_WAVE,inspExpMarker,,,0,,,
2026-04-22T11:38:57.280000,SBX_ANAES_WAVE,respGas,,,0,,,
2026-04-22T11:38:57.280000,SBX_ANAES_WAVE,respGas,,,0,,,
2026-04-22T11:38:57.280000,SBX_ANAES_WAVE,flow,,,10,0.001,0.035,0.013
2026-04-22T11:38:57.280000,SBX_ANAES_WAVE,volume,,,10,17.0,17.0,17.0
2026-04-22T11:38:57.280000,SBX_ANAES_WAVE,pressure,,,10,-0.09,-0.09,-0.09
2026-04-22T11:38:57.280000,SBX_ANAES_WAVE,inspExpMarker,,,0,,,
2026-04-22T11:38:57.624000,SBX_ANAES_WAVE,respGas,,,0,,,
2026-04-22T11:38:57.624000,SBX_ANAES_WAVE,respGas,,,0,,,
2026-04-22T11:38:57.624000,SBX_ANAES_WAVE,flow,,,10,0.001,0.024,0.0104
2026-04-22T11:38:57.624000,SBX_ANAES_WAVE,volume,,,10,17.0,17.0,17.0
2026-04-22T11:38:57.624000,SBX_ANAES_WAVE,pressure,,,10,-0.09,-0.09,-0.09
2026-04-22T11:38:57.624000,SBX_ANAES_WAVE,inspExpMarker,,,0,,,
2026-04-22T11:38:58.023000,SBX_ANAES_WAVE,respGas,,,0,,,
2026-04-22T11:38:58.023000,SBX_ANAES_WAVE,respGas,,,0,,,
2026-04-22T11:38:58.023000,SBX_ANAES_WAVE,flow,,,10,0.0,0.033,0.0082
2026-04-22T11:38:58.023000,SBX_ANAES_WAVE,volume,,,10,17.0,17.0,17.0
2026-04-22T11:38:58.023000,SBX_ANAES_WAVE,pressure,,,10,-0.09,-0.08,-0.089
2026-04-22T11:38:58.023000,SBX_ANAES_WAVE,inspExpMarker,,,0,,,
2026-04-22T11:38:58.424000,SBX_ANAES_WAVE,respGas,,,0,,,
2026-04-22T11:38:58.424000,SBX_ANAES_WAVE,respGas,,,0,,,
2026-04-22T11:38:58.424000,SBX_ANAES_WAVE,flow,,,10,0.0,0.026,0.0102
2026-04-22T11:38:58.424000,SBX_ANAES_WAVE,volume,,,10,17.0,17.0,17.0
2026-04-22T11:38:58.424000,SBX_ANAES_WAVE,pressure,,,10,-0.09,-0.08,-0.086
2026-04-22T11:38:58.424000,SBX_ANAES_WAVE,inspExpMarker,,,0,,,
2026-04-22T11:38:58.824000,SBX_ANAES_WAVE,respGas,,,0,,,
2026-04-22T11:38:58.824000,SBX_ANAES_WAVE,respGas,,,0,,,
2026-04-22T11:38:58.824000,SBX_ANAES_WAVE,flow,,,10,0.0,0.012,0.0044
2026-04-22T11:38:58.824000,SBX_ANAES_WAVE,volume,,,10,17.0,17.0,17.0
2026-04-22T11:38:58.824000,SBX_ANAES_WAVE,pressure,,,10,-0.09,-0.09,-0.09
2026-04-22T11:38:58.824000,SBX_ANAES_WAVE,inspExpMarker,,,0,,,
2026-04-22T11:38:59.272000,SBX_ANAES_WAVE,respGas,,,0,,,
2026-04-22T11:38:59.272000,SBX_ANAES_WAVE,respGas,,,0,,,
2026-04-22T11:38:59.272000,SBX_ANAES_WAVE,flow,,,10,0.0,0.013,0.0061
2026-04-22T11:38:59.272000,SBX_ANAES_WAVE,volume,,,10,17.0,17.0,17.0
2026-04-22T11:38:59.272000,SBX_ANAES_WAVE,pressure,,,10,-0.09,-0.09,-0.09
2026-04-22T11:38:59.272000,SBX_ANAES_WAVE,inspExpMarker,,,0,,,
2026-04-22T11:38:59.624000,SBX_ANAES_WAVE,respGas,,,0,,,
2026-04-22T11:38:59.624000,SBX_ANAES_WAVE,respGas,,,0,,,
2026-04-22T11:38:59.624000,SBX_ANAES_WAVE,flow,,,10,0.0,0.043,0.015
2026-04-22T11:38:59.624000,SBX_ANAES_WAVE,volume,,,10,17.0,17.0,17.0
2026-04-22T11:38:59.624000,SBX_ANAES_WAVE,pressure,,,10,-0.09,-0.09,-0.09
2026-04-22T11:38:59.624000,SBX_ANAES_WAVE,inspExpMarker,,,0,,,
2026-04-22T11:39:00.025000,SBX_ANAES_WAVE,respGas,,,0,,,
2026-04-22T11:39:00.025000,SBX_ANAES_WAVE,respGas,,,0,,,
2026-04-22T11:39:00.025000,SBX_ANAES_WAVE,flow,,,10,0.0,0.028,0.0072
2026-04-22T11:39:00.025000,SBX_ANAES_WAVE,volume,,,10,17.0,17.0,17.0
2026-04-22T11:39:00.025000,SBX_ANAES_WAVE,pressure,,,10,-0.09,-0.09,-0.09
2026-04-22T11:39:00.025000,SBX_ANAES_WAVE,inspExpMarker,,,0,,,
2026-04-22T11:39:00.424000,SBX_ANAES_WAVE,respGas,,,0,,,
2026-04-22T11:39:00.424000,SBX_ANAES_WAVE,respGas,,,0,,,
2026-04-22T11:39:00.424000,SBX_ANAES_WAVE,flow,,,10,0.0,0.049,0.0173
2026-04-22T11:39:00.424000,SBX_ANAES_WAVE,volume,,,10,17.0,17.0,17.0
2026-04-22T11:39:00.424000,SBX_ANAES_WAVE,pressure,,,10,-0.09,-0.09,-0.09
2026-04-22T11:39:00.424000,SBX_ANAES_WAVE,inspExpMarker,,,0,,,
2026-04-22T11:39:00.824000,SBX_ANAES_WAVE,respGas,,,0,,,
2026-04-22T11:39:00.824000,SBX_ANAES_WAVE,respGas,,,0,,,
2026-04-22T11:39:00.824000,SBX_ANAES_WAVE,flow,,,10,0.0,0.028,0.0118
2026-04-22T11:39:00.824000,SBX_ANAES_WAVE,volume,,,10,17.0,17.0,17.0
2026-04-22T11:39:00.824000,SBX_ANAES_WAVE,pressure,,,10,-0.09,-0.08,-0.089
2026-04-22T11:39:00.824000,SBX_ANAES_WAVE,inspExpMarker,,,0,,,
2026-04-22T11:39:01.268000,SBX_ANAES_WAVE,respGas,,,0,,,
2026-04-22T11:39:01.268000,SBX_ANAES_WAVE,respGas,,,0,,,
2026-04-22T11:39:01.268000,SBX_ANAES_WAVE,flow,,,10,0.003,0.021,0.0119
2026-04-22T11:39:01.268000,SBX_ANAES_WAVE,volume,,,10,17.0,17.0,17.0
2026-04-22T11:39:01.268000,SBX_ANAES_WAVE,pressure,,,10,-0.09,-0.09,-0.09
2026-04-22T11:39:01.268000,SBX_ANAES_WAVE,inspExpMarker,,,0,,,
2026-04-22T11:39:01.623000,SBX_ANAES_WAVE,respGas,,,0,,,
2026-04-22T11:39:01.623000,SBX_ANAES_WAVE,respGas,,,0,,,
2026-04-22T11:39:01.623000,SBX_ANAES_WAVE,flow,,,10,0.0,0.024,0.0149
2026-04-22T11:39:01.623000,SBX_ANAES_WAVE,volume,,,10,17.0,17.0,17.0
2026-04-22T11:39:01.623000,SBX_ANAES_WAVE,pressure,,,10,-0.09,-0.09,-0.09
2026-04-22T11:39:01.623000,SBX_ANAES_WAVE,inspExpMarker,,,0,,,
2026-04-22T11:39:02.024000,SBX_ANAES_WAVE,respGas,,,0,,,
2026-04-22T11:39:02.024000,SBX_ANAES_WAVE,respGas,,,0,,,
2026-04-22T11:39:02.024000,SBX_ANAES_WAVE,flow,,,10,0.001,0.045,0.0148
2026-04-22T11:39:02.024000,SBX_ANAES_WAVE,volume,,,10,17.0,17.0,17.0
2026-04-22T11:39:02.024000,SBX_ANAES_WAVE,pressure,,,10,-0.09,-0.09,-0.09
2026-04-22T11:39:02.024000,SBX_ANAES_WAVE,inspExpMarker,,,0,,,
2026-04-22T11:39:02.424000,SBX_ANAES_WAVE,respGas,,,0,,,
2026-04-22T11:39:02.424000,SBX_ANAES_WAVE,respGas,,,0,,,
2026-04-22T11:39:02.424000,SBX_ANAES_WAVE,flow,,,10,0.0,0.004,0.0009
2026-04-22T11:39:02.424000,SBX_ANAES_WAVE,volume,,,10,17.0,17.0,17.0
2026-04-22T11:39:02.424000,SBX_ANAES_WAVE,pressure,,,10,-0.09,-0.09,-0.09
2026-04-22T11:39:02.424000,SBX_ANAES_WAVE,inspExpMarker,,,0,,,
2026-04-22T11:39:02.824000,SBX_ANAES_WAVE,respGas,,,0,,,
2026-04-22T11:39:02.824000,SBX_ANAES_WAVE,respGas,,,0,,,
2026-04-22T11:39:02.824000,SBX_ANAES_WAVE,flow,,,10,0.0,0.029,0.0093
2026-04-22T11:39:02.824000,SBX_ANAES_WAVE,volume,,,10,17.0,17.0,17.0
2026-04-22T11:39:02.824000,SBX_ANAES_WAVE,pressure,,,10,-0.09,-0.09,-0.09
2026-04-22T11:39:02.824000,SBX_ANAES_WAVE,inspExpMarker,,,0,,,
2026-04-22T11:39:03.283000,SBX_ANAES_WAVE,respGas,,,0,,,
2026-04-22T11:39:03.283000,SBX_ANAES_WAVE,respGas,,,0,,,
2026-04-22T11:39:03.283000,SBX_ANAES_WAVE,flow,,,10,0.0,0.02,0.0118
2026-04-22T11:39:03.283000,SBX_ANAES_WAVE,volume,,,10,17.0,17.0,17.0
2026-04-22T11:39:03.283000,SBX_ANAES_WAVE,pressure,,,10,-0.09,-0.09,-0.09
2026-04-22T11:39:03.283000,SBX_ANAES_WAVE,inspExpMarker,,,0,,,
2026-04-22T11:39:03.624000,SBX_ANAES_WAVE,respGas,,,0,,,
2026-04-22T11:39:03.624000,SBX_ANAES_WAVE,respGas,,,0,,,
2026-04-22T11:39:03.624000,SBX_ANAES_WAVE,flow,,,10,0.0,0.02,0.0054
2026-04-22T11:39:03.624000,SBX_ANAES_WAVE,volume,,,10,17.0,17.0,17.0
2026-04-22T11:39:03.624000,SBX_ANAES_WAVE,pressure,,,10,-0.09,-0.09,-0.09
2026-04-22T11:39:03.624000,SBX_ANAES_WAVE,inspExpMarker,,,0,,,
2026-04-22T11:39:04.023000,SBX_ANAES_WAVE,respGas,,,0,,,
2026-04-22T11:39:04.023000,SBX_ANAES_WAVE,respGas,,,0,,,
2026-04-22T11:39:04.023000,SBX_ANAES_WAVE,flow,,,10,0.003,0.021,0.0077
2026-04-22T11:39:04.023000,SBX_ANAES_WAVE,volume,,,10,17.0,17.0,17.0
2026-04-22T11:39:04.023000,SBX_ANAES_WAVE,pressure,,,10,-0.09,-0.09,-0.09
2026-04-22T11:39:04.023000,SBX_ANAES_WAVE,inspExpMarker,,,0,,,
2026-04-22T11:39:04.425000,SBX_ANAES_WAVE,respGas,,,0,,,
2026-04-22T11:39:04.425000,SBX_ANAES_WAVE,respGas,,,0,,,
2026-04-22T11:39:04.425000,SBX_ANAES_WAVE,flow,,,10,0.0,0.028,0.006
2026-04-22T11:39:04.425000,SBX_ANAES_WAVE,volume,,,10,17.0,17.0,17.0
2026-04-22T11:39:04.425000,SBX_ANAES_WAVE,pressure,,,10,-0.09,-0.09,-0.09
2026-04-22T11:39:04.425000,SBX_ANAES_WAVE,inspExpMarker,,,0,,,
2026-04-22T11:39:04.824000,SBX_ANAES_WAVE,respGas,,,0,,,
2026-04-22T11:39:04.824000,SBX_ANAES_WAVE,respGas,,,0,,,
2026-04-22T11:39:04.824000,SBX_ANAES_WAVE,flow,,,10,0.001,0.018,0.0071
2026-04-22T11:39:04.824000,SBX_ANAES_WAVE,volume,,,10,17.0,17.0,17.0
2026-04-22T11:39:04.824000,SBX_ANAES_WAVE,pressure,,,10,-0.09,-0.09,-0.09
2026-04-22T11:39:04.824000,SBX_ANAES_WAVE,inspExpMarker,,,0,,,
2026-04-22T11:39:05.288000,SBX_ANAES_WAVE,respGas,,,0,,,
2026-04-22T11:39:05.288000,SBX_ANAES_WAVE,respGas,,,0,,,
2026-04-22T11:39:05.288000,SBX_ANAES_WAVE,flow,,,10,0.0,0.023,0.0059
2026-04-22T11:39:05.288000,SBX_ANAES_WAVE,volume,,,10,17.0,17.0,17.0
2026-04-22T11:39:05.288000,SBX_ANAES_WAVE,pressure,,,10,-0.09,-0.09,-0.09
2026-04-22T11:39:05.288000,SBX_ANAES_WAVE,inspExpMarker,,,0,,,
2026-04-22T11:39:05.632000,SBX_ANAES_WAVE,respGas,,,0,,,
2026-04-22T11:39:05.632000,SBX_ANAES_WAVE,respGas,,,0,,,
2026-04-22T11:39:05.632000,SBX_ANAES_WAVE,flow,,,10,0.0,0.007,0.0025
2026-04-22T11:39:05.632000,SBX_ANAES_WAVE,volume,,,10,17.0,17.0,17.0
2026-04-22T11:39:05.632000,SBX_ANAES_WAVE,pressure,,,10,-0.09,-0.09,-0.09
2026-04-22T11:39:05.632000,SBX_ANAES_WAVE,inspExpMarker,,,0,,,
2026-04-22T11:39:06.024000,SBX_ANAES_WAVE,respGas,,,0,,,
2026-04-22T11:39:06.024000,SBX_ANAES_WAVE,respGas,,,0,,,
2026-04-22T11:39:06.024000,SBX_ANAES_WAVE,flow,,,10,0.0,0.016,0.0048
2026-04-22T11:39:06.024000,SBX_ANAES_WAVE,volume,,,10,17.0,17.0,17.0
2026-04-22T11:39:06.024000,SBX_ANAES_WAVE,pressure,,,10,-0.09,-0.09,-0.09
2026-04-22T11:39:06.024000,SBX_ANAES_WAVE,inspExpMarker,,,0,,,
2026-04-22T11:39:06.423000,SBX_ANAES_WAVE,respGas,,,0,,,
2026-04-22T11:39:06.423000,SBX_ANAES_WAVE,respGas,,,0,,,
2026-04-22T11:39:06.423000,SBX_ANAES_WAVE,flow,,,10,0.0,0.032,0.0127
2026-04-22T11:39:06.423000,SBX_ANAES_WAVE,volume,,,10,17.0,17.0,17.0
2026-04-22T11:39:06.423000,SBX_ANAES_WAVE,pressure,,,10,-0.09,-0.09,-0.09
2026-04-22T11:39:06.423000,SBX_ANAES_WAVE,inspExpMarker,,,0,,,
2026-04-22T11:39:06.825000,SBX_ANAES_WAVE,respGas,,,0,,,
2026-04-22T11:39:06.825000,SBX_ANAES_WAVE,respGas,,,0,,,
2026-04-22T11:39:06.825000,SBX_ANAES_WAVE,flow,,,10,0.0,0.027,0.007
2026-04-22T11:39:06.825000,SBX_ANAES_WAVE,volume,,,10,17.0,17.0,17.0
2026-04-22T11:39:06.825000,SBX_ANAES_WAVE,pressure,,,10,-0.09,-0.09,-0.09
2026-04-22T11:39:06.825000,SBX_ANAES_WAVE,inspExpMarker,,,0,,,
2026-04-22T11:39:07.275000,SBX_ANAES_WAVE,respGas,,,0,,,
2026-04-22T11:39:07.275000,SBX_ANAES_WAVE,respGas,,,0,,,
2026-04-22T11:39:07.275000,SBX_ANAES_WAVE,flow,,,10,0.0,0.027,0.0069
2026-04-22T11:39:07.275000,SBX_ANAES_WAVE,volume,,,10,17.0,17.0,17.0
2026-04-22T11:39:07.275000,SBX_ANAES_WAVE,pressure,,,10,-0.09,-0.09,-0.09
2026-04-22T11:39:07.275000,SBX_ANAES_WAVE,inspExpMarker,,,0,,,
2026-04-22T11:39:07.624000,SBX_ANAES_WAVE,respGas,,,0,,,
2026-04-22T11:39:07.624000,SBX_ANAES_WAVE,respGas,,,0,,,
2026-04-22T11:39:07.624000,SBX_ANAES_WAVE,flow,,,10,0.0,0.006,0.0016
2026-04-22T11:39:07.624000,SBX_ANAES_WAVE,volume,,,10,17.0,17.0,17.0
2026-04-22T11:39:07.624000,SBX_ANAES_WAVE,pressure,,,10,-0.09,-0.09,-0.09
2026-04-22T11:39:07.624000,SBX_ANAES_WAVE,inspExpMarker,,,0,,,
2026-04-22T11:39:08.024000,SBX_ANAES_WAVE,respGas,,,0,,,
2026-04-22T11:39:08.024000,SBX_ANAES_WAVE,respGas,,,0,,,
2026-04-22T11:39:08.024000,SBX_ANAES_WAVE,flow,,,10,0.0,0.029,0.0062
2026-04-22T11:39:08.024000,SBX_ANAES_WAVE,volume,,,10,17.0,17.0,17.0
2026-04-22T11:39:08.024000,SBX_ANAES_WAVE,pressure,,,10,-0.09,-0.09,-0.09
2026-04-22T11:39:08.024000,SBX_ANAES_WAVE,inspExpMarker,,,0,,,
2026-04-22T11:39:08.424000,SBX_ANAES_WAVE,respGas,,,0,,,
2026-04-22T11:39:08.424000,SBX_ANAES_WAVE,respGas,,,0,,,
2026-04-22T11:39:08.424000,SBX_ANAES_WAVE,flow,,,10,0.0,0.036,0.0086
2026-04-22T11:39:08.424000,SBX_ANAES_WAVE,volume,,,10,17.0,17.0,17.0
2026-04-22T11:39:08.424000,SBX_ANAES_WAVE,pressure,,,10,-0.09,-0.09,-0.09
2026-04-22T11:39:08.424000,SBX_ANAES_WAVE,inspExpMarker,,,0,,,
2026-04-22T11:39:08.823000,SBX_ANAES_WAVE,respGas,,,0,,,
2026-04-22T11:39:08.823000,SBX_ANAES_WAVE,respGas,,,0,,,
2026-04-22T11:39:08.823000,SBX_ANAES_WAVE,flow,,,10,0.0,0.02,0.0042
2026-04-22T11:39:08.823000,SBX_ANAES_WAVE,volume,,,10,17.0,17.0,17.0
2026-04-22T11:39:08.823000,SBX_ANAES_WAVE,pressure,,,10,-0.09,-0.09,-0.09
2026-04-22T11:39:08.823000,SBX_ANAES_WAVE,inspExpMarker,,,0,,,
2026-04-22T11:39:09.273000,SBX_ANAES_WAVE,respGas,,,0,,,
2026-04-22T11:39:09.273000,SBX_ANAES_WAVE,respGas,,,0,,,
2026-04-22T11:39:09.273000,SBX_ANAES_WAVE,flow,,,10,0.0,0.009,0.0024
2026-04-22T11:39:09.273000,SBX_ANAES_WAVE,volume,,,10,17.0,17.0,17.0
2026-04-22T11:39:09.273000,SBX_ANAES_WAVE,pressure,,,10,-0.09,-0.09,-0.09
2026-04-22T11:39:09.273000,SBX_ANAES_WAVE,inspExpMarker,,,0,,,
2026-04-22T11:39:09.623000,SBX_ANAES_WAVE,respGas,,,0,,,
2026-04-22T11:39:09.623000,SBX_ANAES_WAVE,respGas,,,0,,,
2026-04-22T11:39:09.623000,SBX_ANAES_WAVE,flow,,,10,0.0,0.029,0.0114
2026-04-22T11:39:09.623000,SBX_ANAES_WAVE,volume,,,10,17.0,17.0,17.0
2026-04-22T11:39:09.623000,SBX_ANAES_WAVE,pressure,,,10,-0.09,-0.09,-0.09
2026-04-22T11:39:09.623000,SBX_ANAES_WAVE,inspExpMarker,,,0,,,
2026-04-22T11:39:10.023000,SBX_ANAES_WAVE,respGas,,,0,,,
2026-04-22T11:39:10.023000,SBX_ANAES_WAVE,respGas,,,0,,,
2026-04-22T11:39:10.023000,SBX_ANAES_WAVE,flow,,,10,0.0,0.02,0.0045
2026-04-22T11:39:10.023000,SBX_ANAES_WAVE,volume,,,10,17.0,17.0,17.0
2026-04-22T11:39:10.023000,SBX_ANAES_WAVE,pressure,,,10,-0.09,-0.09,-0.09
2026-04-22T11:39:10.023000,SBX_ANAES_WAVE,inspExpMarker,,,0,,,
2026-04-22T11:39:10.423000,SBX_ANAES_WAVE,respGas,,,0,,,
2026-04-22T11:39:10.423000,SBX_ANAES_WAVE,respGas,,,0,,,
2026-04-22T11:39:10.423000,SBX_ANAES_WAVE,flow,,,10,0.0,0.026,0.0116
2026-04-22T11:39:10.423000,SBX_ANAES_WAVE,volume,,,10,17.0,17.0,17.0
2026-04-22T11:39:10.423000,SBX_ANAES_WAVE,pressure,,,10,-0.09,-0.09,-0.09
2026-04-22T11:39:10.423000,SBX_ANAES_WAVE,inspExpMarker,,,0,,,
2026-04-22T11:39:10.823000,SBX_ANAES_WAVE,respGas,,,0,,,
2026-04-22T11:39:10.823000,SBX_ANAES_WAVE,respGas,,,0,,,
2026-04-22T11:39:10.823000,SBX_ANAES_WAVE,flow,,,10,0.0,0.016,0.0062
2026-04-22T11:39:10.823000,SBX_ANAES_WAVE,volume,,,10,17.0,17.0,17.0
2026-04-22T11:39:10.823000,SBX_ANAES_WAVE,pressure,,,10,-0.09,-0.09,-0.09
2026-04-22T11:39:10.823000,SBX_ANAES_WAVE,inspExpMarker,,,0,,,
2026-04-22T11:39:11.286000,SBX_ANAES_WAVE,respGas,,,0,,,
2026-04-22T11:39:11.286000,SBX_ANAES_WAVE,respGas,,,0,,,
2026-04-22T11:39:11.286000,SBX_ANAES_WAVE,flow,,,10,0.0,0.015,0.0043
2026-04-22T11:39:11.286000,SBX_ANAES_WAVE,volume,,,10,17.0,17.0,17.0
2026-04-22T11:39:11.286000,SBX_ANAES_WAVE,pressure,,,10,-0.09,-0.09,-0.09
2026-04-22T11:39:11.286000,SBX_ANAES_WAVE,inspExpMarker,,,0,,,
2026-04-22T11:39:11.623000,SBX_ANAES_WAVE,respGas,,,0,,,
2026-04-22T11:39:11.623000,SBX_ANAES_WAVE,respGas,,,0,,,
2026-04-22T11:39:11.623000,SBX_ANAES_WAVE,flow,,,10,0.0,0.014,0.008
2026-04-22T11:39:11.623000,SBX_ANAES_WAVE,volume,,,10,17.0,17.0,17.0
2026-04-22T11:39:11.623000,SBX_ANAES_WAVE,pressure,,,10,-0.09,-0.09,-0.09
2026-04-22T11:39:11.623000,SBX_ANAES_WAVE,inspExpMarker,,,0,,,
2026-04-22T11:39:12.023000,SBX_ANAES_WAVE,respGas,,,0,,,
2026-04-22T11:39:12.023000,SBX_ANAES_WAVE,respGas,,,0,,,
2026-04-22T11:39:12.023000,SBX_ANAES_WAVE,flow,,,10,0.0,0.02,0.0081
2026-04-22T11:39:12.023000,SBX_ANAES_WAVE,volume,,,10,17.0,17.0,17.0
2026-04-22T11:39:12.023000,SBX_ANAES_WAVE,pressure,,,10,-0.09,-0.09,-0.09
2026-04-22T11:39:12.023000,SBX_ANAES_WAVE,inspExpMarker,,,0,,,
2026-04-22T11:39:12.423000,SBX_ANAES_WAVE,respGas,,,0,,,
2026-04-22T11:39:12.423000,SBX_ANAES_WAVE,respGas,,,0,,,
2026-04-22T11:39:12.423000,SBX_ANAES_WAVE,flow,,,10,0.0,0.031,0.0088
2026-04-22T11:39:12.423000,SBX_ANAES_WAVE,volume,,,10,17.0,17.0,17.0
2026-04-22T11:39:12.423000,SBX_ANAES_WAVE,pressure,,,10,-0.09,-0.09,-0.09
2026-04-22T11:39:12.423000,SBX_ANAES_WAVE,inspExpMarker,,,0,,,
2026-04-22T11:39:12.825000,SBX_ANAES_WAVE,respGas,,,0,,,
2026-04-22T11:39:12.825000,SBX_ANAES_WAVE,respGas,,,0,,,
2026-04-22T11:39:12.825000,SBX_ANAES_WAVE,flow,,,10,0.0,0.003,0.0008
2026-04-22T11:39:12.825000,SBX_ANAES_WAVE,volume,,,10,17.0,17.0,17.0
2026-04-22T11:39:12.825000,SBX_ANAES_WAVE,pressure,,,10,-0.09,-0.09,-0.09
2026-04-22T11:39:12.825000,SBX_ANAES_WAVE,inspExpMarker,,,0,,,
2026-04-22T11:39:13.277000,SBX_ANAES_WAVE,respGas,,,0,,,
2026-04-22T11:39:13.277000,SBX_ANAES_WAVE,respGas,,,0,,,
2026-04-22T11:39:13.277000,SBX_ANAES_WAVE,flow,,,10,0.0,0.032,0.0075
2026-04-22T11:39:13.277000,SBX_ANAES_WAVE,volume,,,10,17.0,17.0,17.0
2026-04-22T11:39:13.277000,SBX_ANAES_WAVE,pressure,,,10,-0.09,-0.09,-0.09
2026-04-22T11:39:13.277000,SBX_ANAES_WAVE,inspExpMarker,,,0,,,
2026-04-22T11:39:13.623000,SBX_ANAES_WAVE,respGas,,,0,,,
2026-04-22T11:39:13.623000,SBX_ANAES_WAVE,respGas,,,0,,,
2026-04-22T11:39:13.623000,SBX_ANAES_WAVE,flow,,,10,0.0,0.014,0.004
2026-04-22T11:39:13.623000,SBX_ANAES_WAVE,volume,,,10,17.0,17.0,17.0
2026-04-22T11:39:13.623000,SBX_ANAES_WAVE,pressure,,,10,-0.09,-0.09,-0.09
2026-04-22T11:39:13.623000,SBX_ANAES_WAVE,inspExpMarker,,,0,,,
2026-04-22T11:39:14.024000,SBX_ANAES_WAVE,respGas,,,0,,,
2026-04-22T11:39:14.024000,SBX_ANAES_WAVE,respGas,,,0,,,
2026-04-22T11:39:14.024000,SBX_ANAES_WAVE,flow,,,10,0.0,0.011,0.0048
2026-04-22T11:39:14.024000,SBX_ANAES_WAVE,volume,,,10,17.0,17.0,17.0
2026-04-22T11:39:14.024000,SBX_ANAES_WAVE,pressure,,,10,-0.09,-0.09,-0.09
2026-04-22T11:39:14.024000,SBX_ANAES_WAVE,inspExpMarker,,,0,,,
2026-04-22T11:39:14.423000,SBX_ANAES_WAVE,respGas,,,0,,,
2026-04-22T11:39:14.423000,SBX_ANAES_WAVE,respGas,,,0,,,
2026-04-22T11:39:14.423000,SBX_ANAES_WAVE,flow,,,10,0.0,0.017,0.0031
2026-04-22T11:39:14.423000,SBX_ANAES_WAVE,volume,,,10,17.0,17.0,17.0
2026-04-22T11:39:14.423000,SBX_ANAES_WAVE,pressure,,,10,-0.09,-0.09,-0.09
2026-04-22T11:39:14.423000,SBX_ANAES_WAVE,inspExpMarker,,,0,,,
2026-04-22T11:39:14.822000,SBX_ANAES_WAVE,respGas,,,0,,,
2026-04-22T11:39:14.822000,SBX_ANAES_WAVE,respGas,,,0,,,
2026-04-22T11:39:14.822000,SBX_ANAES_WAVE,flow,,,10,0.0,0.017,0.0032
2026-04-22T11:39:14.822000,SBX_ANAES_WAVE,volume,,,10,17.0,17.0,17.0
2026-04-22T11:39:14.822000,SBX_ANAES_WAVE,pressure,,,10,-0.09,-0.09,-0.09
2026-04-22T11:39:14.822000,SBX_ANAES_WAVE,inspExpMarker,,,0,,,
2026-04-22T11:39:15.272000,SBX_ANAES_WAVE,respGas,,,0,,,
2026-04-22T11:39:15.272000,SBX_ANAES_WAVE,respGas,,,0,,,
2026-04-22T11:39:15.272000,SBX_ANAES_WAVE,flow,,,10,0.0,0.021,0.0085
2026-04-22T11:39:15.272000,SBX_ANAES_WAVE,volume,,,10,17.0,17.0,17.0
2026-04-22T11:39:15.272000,SBX_ANAES_WAVE,pressure,,,10,-0.09,-0.09,-0.09
2026-04-22T11:39:15.272000,SBX_ANAES_WAVE,inspExpMarker,,,0,,,
2026-04-22T11:39:15.623000,SBX_ANAES_WAVE,respGas,,,0,,,
2026-04-22T11:39:15.623000,SBX_ANAES_WAVE,respGas,,,0,,,
2026-04-22T11:39:15.623000,SBX_ANAES_WAVE,flow,,,10,0.0,0.005,0.001
2026-04-22T11:39:15.623000,SBX_ANAES_WAVE,volume,,,10,17.0,17.0,17.0
2026-04-22T11:39:15.623000,SBX_ANAES_WAVE,pressure,,,10,-0.09,-0.05,-0.062
2026-04-22T11:39:15.623000,SBX_ANAES_WAVE,inspExpMarker,,,0,,,
2026-04-22T11:39:16.023000,SBX_ANAES_WAVE,respGas,,,0,,,
2026-04-22T11:39:16.023000,SBX_ANAES_WAVE,respGas,,,0,,,
2026-04-22T11:39:16.023000,SBX_ANAES_WAVE,flow,,,10,0.0,0.017,0.0077
2026-04-22T11:39:16.023000,SBX_ANAES_WAVE,volume,,,10,17.0,17.0,17.0
2026-04-22T11:39:16.023000,SBX_ANAES_WAVE,pressure,,,10,-0.09,-0.09,-0.09
2026-04-22T11:39:16.023000,SBX_ANAES_WAVE,inspExpMarker,,,0,,,
2026-04-22T11:39:16.449000,SBX_ANAES_WAVE,respGas,,,0,,,
2026-04-22T11:39:16.449000,SBX_ANAES_WAVE,respGas,,,0,,,
2026-04-22T11:39:16.449000,SBX_ANAES_WAVE,flow,,,10,0.001,0.019,0.0057
2026-04-22T11:39:16.449000,SBX_ANAES_WAVE,volume,,,10,17.0,17.0,17.0
2026-04-22T11:39:16.449000,SBX_ANAES_WAVE,pressure,,,10,-0.09,-0.09,-0.09
2026-04-22T11:39:16.449000,SBX_ANAES_WAVE,inspExpMarker,,,0,,,
2026-04-22T11:39:16.823000,SBX_ANAES_WAVE,respGas,,,0,,,
2026-04-22T11:39:16.823000,SBX_ANAES_WAVE,respGas,,,0,,,
2026-04-22T11:39:16.823000,SBX_ANAES_WAVE,flow,,,10,0.0,0.027,0.0057
2026-04-22T11:39:16.823000,SBX_ANAES_WAVE,volume,,,10,17.0,17.0,17.0
2026-04-22T11:39:16.823000,SBX_ANAES_WAVE,pressure,,,10,-0.09,-0.09,-0.09
2026-04-22T11:39:16.823000,SBX_ANAES_WAVE,inspExpMarker,,,0,,,
2026-04-22T11:39:17.271000,SBX_ANAES_WAVE,respGas,,,0,,,
2026-04-22T11:39:17.271000,SBX_ANAES_WAVE,respGas,,,0,,,
2026-04-22T11:39:17.271000,SBX_ANAES_WAVE,flow,,,10,0.0,0.013,0.0035
2026-04-22T11:39:17.271000,SBX_ANAES_WAVE,volume,,,10,17.0,17.0,17.0
2026-04-22T11:39:17.271000,SBX_ANAES_WAVE,pressure,,,10,-0.09,-0.09,-0.09
2026-04-22T11:39:17.271000,SBX_ANAES_WAVE,inspExpMarker,,,0,,,
2026-04-22T11:39:17.623000,SBX_ANAES_WAVE,respGas,,,0,,,
2026-04-22T11:39:17.623000,SBX_ANAES_WAVE,respGas,,,0,,,
2026-04-22T11:39:17.623000,SBX_ANAES_WAVE,flow,,,10,0.0,0.014,0.0061
2026-04-22T11:39:17.623000,SBX_ANAES_WAVE,volume,,,10,17.0,17.0,17.0
2026-04-22T11:39:17.623000,SBX_ANAES_WAVE,pressure,,,10,-0.09,-0.09,-0.09
2026-04-22T11:39:17.623000,SBX_ANAES_WAVE,inspExpMarker,,,0,,,
2026-04-22T11:39:18.033000,SBX_ANAES_WAVE,respGas,,,0,,,
2026-04-22T11:39:18.033000,SBX_ANAES_WAVE,respGas,,,0,,,
2026-04-22T11:39:18.033000,SBX_ANAES_WAVE,flow,,,10,0.0,0.007,0.0019
2026-04-22T11:39:18.033000,SBX_ANAES_WAVE,volume,,,10,17.0,17.0,17.0
2026-04-22T11:39:18.033000,SBX_ANAES_WAVE,pressure,,,10,-0.09,-0.09,-0.09
2026-04-22T11:39:18.033000,SBX_ANAES_WAVE,inspExpMarker,,,0,,,
2026-04-22T11:39:18.425000,SBX_ANAES_WAVE,respGas,,,0,,,
2026-04-22T11:39:18.425000,SBX_ANAES_WAVE,respGas,,,0,,,
2026-04-22T11:39:18.425000,SBX_ANAES_WAVE,flow,,,10,0.0,0.001,0.0001
2026-04-22T11:39:18.425000,SBX_ANAES_WAVE,volume,,,10,17.0,17.0,17.0
2026-04-22T11:39:18.425000,SBX_ANAES_WAVE,pressure,,,10,-0.09,-0.09,-0.09
2026-04-22T11:39:18.425000,SBX_ANAES_WAVE,inspExpMarker,,,0,,,
2026-04-22T11:39:18.825000,SBX_ANAES_WAVE,respGas,,,0,,,
2026-04-22T11:39:18.825000,SBX_ANAES_WAVE,respGas,,,0,,,
2026-04-22T11:39:18.825000,SBX_ANAES_WAVE,flow,,,10,0.0,0.017,0.0097
2026-04-22T11:39:18.825000,SBX_ANAES_WAVE,volume,,,10,17.0,17.0,17.0
2026-04-22T11:39:18.825000,SBX_ANAES_WAVE,pressure,,,10,-0.09,-0.09,-0.09
2026-04-22T11:39:18.825000,SBX_ANAES_WAVE,inspExpMarker,,,0,,,
2026-04-22T11:39:19.285000,SBX_ANAES_WAVE,respGas,,,0,,,
2026-04-22T11:39:19.285000,SBX_ANAES_WAVE,respGas,,,0,,,
2026-04-22T11:39:19.285000,SBX_ANAES_WAVE,flow,,,10,0.0,0.004,0.0009
2026-04-22T11:39:19.285000,SBX_ANAES_WAVE,volume,,,10,17.0,17.0,17.0
2026-04-22T11:39:19.285000,SBX_ANAES_WAVE,pressure,,,10,-0.09,-0.09,-0.09
2026-04-22T11:39:19.285000,SBX_ANAES_WAVE,inspExpMarker,,,0,,,
2026-04-22T11:39:19.623000,SBX_ANAES_WAVE,respGas,,,0,,,
2026-04-22T11:39:19.623000,SBX_ANAES_WAVE,respGas,,,0,,,
2026-04-22T11:39:19.623000,SBX_ANAES_WAVE,flow,,,10,0.0,0.001,0.0003
2026-04-22T11:39:19.623000,SBX_ANAES_WAVE,volume,,,10,17.0,17.0,17.0
2026-04-22T11:39:19.623000,SBX_ANAES_WAVE,pressure,,,10,-0.09,-0.09,-0.09
2026-04-22T11:39:19.623000,SBX_ANAES_WAVE,inspExpMarker,,,0,,,
2026-04-22T11:39:20.023000,SBX_ANAES_WAVE,respGas,,,0,,,
2026-04-22T11:39:20.023000,SBX_ANAES_WAVE,respGas,,,0,,,
2026-04-22T11:39:20.023000,SBX_ANAES_WAVE,flow,,,10,0.0,0.014,0.0031
2026-04-22T11:39:20.023000,SBX_ANAES_WAVE,volume,,,10,17.0,17.0,17.0
2026-04-22T11:39:20.023000,SBX_ANAES_WAVE,pressure,,,10,-0.09,-0.09,-0.09
2026-04-22T11:39:20.023000,SBX_ANAES_WAVE,inspExpMarker,,,0,,,
2026-04-22T11:39:20.422000,SBX_ANAES_WAVE,respGas,,,0,,,
2026-04-22T11:39:20.422000,SBX_ANAES_WAVE,respGas,,,0,,,
2026-04-22T11:39:20.422000,SBX_ANAES_WAVE,flow,,,10,0.0,0.002,0.0005
2026-04-22T11:39:20.422000,SBX_ANAES_WAVE,volume,,,10,17.0,17.0,17.0
2026-04-22T11:39:20.422000,SBX_ANAES_WAVE,pressure,,,10,-0.09,-0.09,-0.09
2026-04-22T11:39:20.422000,SBX_ANAES_WAVE,inspExpMarker,,,0,,,
2026-04-22T11:39:20.822000,SBX_ANAES_WAVE,respGas,,,0,,,
2026-04-22T11:39:20.822000,SBX_ANAES_WAVE,respGas,,,0,,,
2026-04-22T11:39:20.822000,SBX_ANAES_WAVE,flow,,,10,0.0,0.001,0.0002
2026-04-22T11:39:20.822000,SBX_ANAES_WAVE,volume,,,10,17.0,17.0,17.0
2026-04-22T11:39:20.822000,SBX_ANAES_WAVE,pressure,,,10,-0.09,-0.09,-0.09
2026-04-22T11:39:20.822000,SBX_ANAES_WAVE,inspExpMarker,,,0,,,
2026-04-22T11:39:21.276000,SBX_ANAES_WAVE,respGas,,,0,,,
2026-04-22T11:39:21.276000,SBX_ANAES_WAVE,respGas,,,0,,,
2026-04-22T11:39:21.276000,SBX_ANAES_WAVE,flow,,,10,0.0,0.017,0.0063
2026-04-22T11:39:21.276000,SBX_ANAES_WAVE,volume,,,10,17.0,17.0,17.0
2026-04-22T11:39:21.276000,SBX_ANAES_WAVE,pressure,,,10,-0.09,-0.09,-0.09
2026-04-22T11:39:21.276000,SBX_ANAES_WAVE,inspExpMarker,,,0,,,
2026-04-22T11:39:21.623000,SBX_ANAES_WAVE,respGas,,,0,,,
2026-04-22T11:39:21.623000,SBX_ANAES_WAVE,respGas,,,0,,,
2026-04-22T11:39:21.623000,SBX_ANAES_WAVE,flow,,,10,0.0,0.007,0.0028
2026-04-22T11:39:21.623000,SBX_ANAES_WAVE,volume,,,10,17.0,17.0,17.0
2026-04-22T11:39:21.623000,SBX_ANAES_WAVE,pressure,,,10,-0.09,-0.09,-0.09
2026-04-22T11:39:21.623000,SBX_ANAES_WAVE,inspExpMarker,,,0,,,
2026-04-22T11:39:22.023000,SBX_ANAES_WAVE,respGas,,,0,,,
2026-04-22T11:39:22.023000,SBX_ANAES_WAVE,respGas,,,0,,,
2026-04-22T11:39:22.023000,SBX_ANAES_WAVE,flow,,,10,0.0,0.014,0.004
2026-04-22T11:39:22.023000,SBX_ANAES_WAVE,volume,,,10,17.0,17.0,17.0
2026-04-22T11:39:22.023000,SBX_ANAES_WAVE,pressure,,,10,-0.09,-0.09,-0.09
2026-04-22T11:39:22.023000,SBX_ANAES_WAVE,inspExpMarker,,,0,,,
2026-04-22T11:39:22.422000,SBX_ANAES_WAVE,respGas,,,0,,,
2026-04-22T11:39:22.422000,SBX_ANAES_WAVE,respGas,,,0,,,
2026-04-22T11:39:22.422000,SBX_ANAES_WAVE,flow,,,10,0.0,0.006,0.0029
2026-04-22T11:39:22.422000,SBX_ANAES_WAVE,volume,,,10,17.0,17.0,17.0
2026-04-22T11:39:22.422000,SBX_ANAES_WAVE,pressure,,,10,-0.09,-0.09,-0.09
2026-04-22T11:39:22.422000,SBX_ANAES_WAVE,inspExpMarker,,,0,,,
2026-04-22T11:39:22.825000,SBX_ANAES_WAVE,respGas,,,0,,,
2026-04-22T11:39:22.825000,SBX_ANAES_WAVE,respGas,,,0,,,
2026-04-22T11:39:22.825000,SBX_ANAES_WAVE,flow,,,10,0.0,0.012,0.0029
2026-04-22T11:39:22.825000,SBX_ANAES_WAVE,volume,,,10,17.0,17.0,17.0
2026-04-22T11:39:22.825000,SBX_ANAES_WAVE,pressure,,,10,-0.09,-0.05,-0.064
2026-04-22T11:39:22.825000,SBX_ANAES_WAVE,inspExpMarker,,,0,,,
2026-04-22T11:39:23.275000,SBX_ANAES_WAVE,respGas,,,0,,,
2026-04-22T11:39:23.275000,SBX_ANAES_WAVE,respGas,,,0,,,
2026-04-22T11:39:23.275000,SBX_ANAES_WAVE,flow,,,10,0.0,0.019,0.0077
2026-04-22T11:39:23.275000,SBX_ANAES_WAVE,volume,,,10,17.0,17.0,17.0
2026-04-22T11:39:23.275000,SBX_ANAES_WAVE,pressure,,,10,-0.09,-0.09,-0.09
2026-04-22T11:39:23.275000,SBX_ANAES_WAVE,inspExpMarker,,,0,,,
2026-04-22T11:39:23.623000,SBX_ANAES_WAVE,respGas,,,0,,,
2026-04-22T11:39:23.623000,SBX_ANAES_WAVE,respGas,,,0,,,
2026-04-22T11:39:23.623000,SBX_ANAES_WAVE,flow,,,10,0.0,0.013,0.0029
2026-04-22T11:39:23.623000,SBX_ANAES_WAVE,volume,,,10,17.0,17.0,17.0
2026-04-22T11:39:23.623000,SBX_ANAES_WAVE,pressure,,,10,-0.09,-0.09,-0.09
2026-04-22T11:39:23.623000,SBX_ANAES_WAVE,inspExpMarker,,,0,,,
2026-04-22T11:39:24.023000,SBX_ANAES_WAVE,respGas,,,0,,,
2026-04-22T11:39:24.023000,SBX_ANAES_WAVE,respGas,,,0,,,
2026-04-22T11:39:24.023000,SBX_ANAES_WAVE,flow,,,10,0.0,0.033,0.01
2026-04-22T11:39:24.023000,SBX_ANAES_WAVE,volume,,,10,0.0,17.0,12.8
2026-04-22T11:39:24.023000,SBX_ANAES_WAVE,pressure,,,10,-0.09,-0.09,-0.09
2026-04-22T11:39:24.023000,SBX_ANAES_WAVE,inspExpMarker,,,0,,,
2026-04-22T11:39:24.432000,SBX_ANAES_WAVE,respGas,,,0,,,
2026-04-22T11:39:24.432000,SBX_ANAES_WAVE,respGas,,,0,,,
2026-04-22T11:39:24.432000,SBX_ANAES_WAVE,flow,,,10,0.0,0.01,0.0036
2026-04-22T11:39:24.432000,SBX_ANAES_WAVE,volume,,,10,0.0,0.0,0.0
2026-04-22T11:39:24.432000,SBX_ANAES_WAVE,pressure,,,10,-0.09,-0.09,-0.09
2026-04-22T11:39:24.432000,SBX_ANAES_WAVE,inspExpMarker,,,0,,,
2026-04-22T11:39:24.822000,SBX_ANAES_WAVE,respGas,,,0,,,
2026-04-22T11:39:24.822000,SBX_ANAES_WAVE,respGas,,,0,,,
2026-04-22T11:39:24.822000,SBX_ANAES_WAVE,flow,,,10,0.0,0.003,0.0012
2026-04-22T11:39:24.822000,SBX_ANAES_WAVE,volume,,,10,0.0,0.0,0.0
2026-04-22T11:39:24.822000,SBX_ANAES_WAVE,pressure,,,10,-0.09,-0.09,-0.09
2026-04-22T11:39:24.822000,SBX_ANAES_WAVE,inspExpMarker,,,0,,,
2026-04-22T11:39:25.281000,SBX_ANAES_WAVE,respGas,,,0,,,
2026-04-22T11:39:25.281000,SBX_ANAES_WAVE,respGas,,,0,,,
2026-04-22T11:39:25.281000,SBX_ANAES_WAVE,flow,,,10,0.0,0.019,0.0082
2026-04-22T11:39:25.281000,SBX_ANAES_WAVE,volume,,,10,0.0,0.0,0.0
2026-04-22T11:39:25.281000,SBX_ANAES_WAVE,pressure,,,10,-0.09,-0.09,-0.09
2026-04-22T11:39:25.281000,SBX_ANAES_WAVE,inspExpMarker,,,0,,,
2026-04-22T11:39:25.622000,SBX_ANAES_WAVE,respGas,,,0,,,
2026-04-22T11:39:25.622000,SBX_ANAES_WAVE,respGas,,,0,,,
2026-04-22T11:39:25.622000,SBX_ANAES_WAVE,flow,,,10,0.0,0.025,0.0069
2026-04-22T11:39:25.622000,SBX_ANAES_WAVE,volume,,,10,0.0,0.0,0.0
2026-04-22T11:39:25.622000,SBX_ANAES_WAVE,pressure,,,10,-0.09,-0.09,-0.09
2026-04-22T11:39:25.622000,SBX_ANAES_WAVE,inspExpMarker,,,0,,,
2026-04-22T11:39:26.022000,SBX_ANAES_WAVE,respGas,,,0,,,
2026-04-22T11:39:26.022000,SBX_ANAES_WAVE,respGas,,,0,,,
2026-04-22T11:39:26.022000,SBX_ANAES_WAVE,flow,,,10,0.0,0.013,0.0055
2026-04-22T11:39:26.022000,SBX_ANAES_WAVE,volume,,,10,0.0,0.0,0.0
2026-04-22T11:39:26.022000,SBX_ANAES_WAVE,pressure,,,10,-0.09,-0.09,-0.09
2026-04-22T11:39:26.022000,SBX_ANAES_WAVE,inspExpMarker,,,0,,,
2026-04-22T11:39:26.422000,SBX_ANAES_WAVE,respGas,,,0,,,
2026-04-22T11:39:26.422000,SBX_ANAES_WAVE,respGas,,,0,,,
2026-04-22T11:39:26.422000,SBX_ANAES_WAVE,flow,,,10,0.0,0.021,0.006
2026-04-22T11:39:26.422000,SBX_ANAES_WAVE,volume,,,10,0.0,0.0,0.0
2026-04-22T11:39:26.422000,SBX_ANAES_WAVE,pressure,,,10,-0.09,-0.06,-0.084
2026-04-22T11:39:26.422000,SBX_ANAES_WAVE,inspExpMarker,,,0,,,
2026-04-22T11:39:26.822000,SBX_ANAES_WAVE,respGas,,,0,,,
2026-04-22T11:39:26.822000,SBX_ANAES_WAVE,respGas,,,0,,,
2026-04-22T11:39:26.822000,SBX_ANAES_WAVE,flow,,,10,0.0,0.009,0.0021
2026-04-22T11:39:26.822000,SBX_ANAES_WAVE,volume,,,10,0.0,0.0,0.0
2026-04-22T11:39:26.822000,SBX_ANAES_WAVE,pressure,,,10,-0.09,-0.05,-0.073
2026-04-22T11:39:26.822000,SBX_ANAES_WAVE,inspExpMarker,,,0,,,
2026-04-22T11:39:27.278000,SBX_ANAES_WAVE,respGas,,,0,,,
2026-04-22T11:39:27.278000,SBX_ANAES_WAVE,respGas,,,0,,,
2026-04-22T11:39:27.278000,SBX_ANAES_WAVE,flow,,,10,0.0,0.011,0.0039
2026-04-22T11:39:27.278000,SBX_ANAES_WAVE,volume,,,10,0.0,0.0,0.0
2026-04-22T11:39:27.278000,SBX_ANAES_WAVE,pressure,,,10,-0.09,-0.09,-0.09
2026-04-22T11:39:27.278000,SBX_ANAES_WAVE,inspExpMarker,,,0,,,
2026-04-22T11:39:27.626000,SBX_ANAES_WAVE,respGas,,,0,,,
2026-04-22T11:39:27.626000,SBX_ANAES_WAVE,respGas,,,0,,,
2026-04-22T11:39:27.626000,SBX_ANAES_WAVE,flow,,,10,0.002,0.018,0.0066
2026-04-22T11:39:27.626000,SBX_ANAES_WAVE,volume,,,10,0.0,0.0,0.0
2026-04-22T11:39:27.626000,SBX_ANAES_WAVE,pressure,,,10,-0.09,-0.09,-0.09
2026-04-22T11:39:27.626000,SBX_ANAES_WAVE,inspExpMarker,,,0,,,
2026-04-22T11:39:28.055000,SBX_ANAES_WAVE,respGas,,,0,,,
2026-04-22T11:39:28.055000,SBX_ANAES_WAVE,respGas,,,0,,,
2026-04-22T11:39:28.055000,SBX_ANAES_WAVE,flow,,,10,0.0,0.009,0.0035
2026-04-22T11:39:28.055000,SBX_ANAES_WAVE,volume,,,10,0.0,0.0,0.0
2026-04-22T11:39:28.055000,SBX_ANAES_WAVE,pressure,,,10,-0.09,-0.09,-0.09
2026-04-22T11:39:28.055000,SBX_ANAES_WAVE,inspExpMarker,,,0,,,
2026-04-22T11:39:28.422000,SBX_ANAES_WAVE,respGas,,,0,,,
2026-04-22T11:39:28.422000,SBX_ANAES_WAVE,respGas,,,0,,,
2026-04-22T11:39:28.422000,SBX_ANAES_WAVE,flow,,,10,0.0,0.007,0.0029
2026-04-22T11:39:28.422000,SBX_ANAES_WAVE,volume,,,10,0.0,0.0,0.0
2026-04-22T11:39:28.422000,SBX_ANAES_WAVE,pressure,,,10,-0.09,-0.09,-0.09
2026-04-22T11:39:28.422000,SBX_ANAES_WAVE,inspExpMarker,,,0,,,
2026-04-22T11:39:28.829000,SBX_ANAES_WAVE,respGas,,,0,,,
2026-04-22T11:39:28.829000,SBX_ANAES_WAVE,respGas,,,0,,,
2026-04-22T11:39:28.829000,SBX_ANAES_WAVE,flow,,,10,0.0,0.006,0.0007
2026-04-22T11:39:28.829000,SBX_ANAES_WAVE,volume,,,10,0.0,0.0,0.0
2026-04-22T11:39:28.829000,SBX_ANAES_WAVE,pressure,,,10,-0.09,-0.09,-0.09
2026-04-22T11:39:28.829000,SBX_ANAES_WAVE,inspExpMarker,,,0,,,
2026-04-22T11:39:29.275000,SBX_ANAES_WAVE,respGas,,,0,,,
2026-04-22T11:39:29.275000,SBX_ANAES_WAVE,respGas,,,0,,,
2026-04-22T11:39:29.275000,SBX_ANAES_WAVE,flow,,,10,0.0,0.024,0.0051
2026-04-22T11:39:29.275000,SBX_ANAES_WAVE,volume,,,10,0.0,0.0,0.0
2026-04-22T11:39:29.275000,SBX_ANAES_WAVE,pressure,,,10,-0.09,-0.09,-0.09
2026-04-22T11:39:29.275000,SBX_ANAES_WAVE,inspExpMarker,,,0,,,
2026-04-22T11:39:29.622000,SBX_ANAES_WAVE,respGas,,,0,,,
2026-04-22T11:39:29.622000,SBX_ANAES_WAVE,respGas,,,0,,,
2026-04-22T11:39:29.622000,SBX_ANAES_WAVE,flow,,,10,0.0,0.008,0.0015
2026-04-22T11:39:29.622000,SBX_ANAES_WAVE,volume,,,10,0.0,0.0,0.0
2026-04-22T11:39:29.622000,SBX_ANAES_WAVE,pressure,,,10,-0.09,-0.09,-0.09
2026-04-22T11:39:29.622000,SBX_ANAES_WAVE,inspExpMarker,,,0,,,
2026-04-22T11:39:30.023000,SBX_ANAES_WAVE,respGas,,,0,,,
2026-04-22T11:39:30.023000,SBX_ANAES_WAVE,respGas,,,0,,,
2026-04-22T11:39:30.023000,SBX_ANAES_WAVE,flow,,,10,0.0,0.009,0.0024
2026-04-22T11:39:30.023000,SBX_ANAES_WAVE,volume,,,10,0.0,0.0,0.0
2026-04-22T11:39:30.023000,SBX_ANAES_WAVE,pressure,,,10,-0.09,-0.09,-0.09
2026-04-22T11:39:30.023000,SBX_ANAES_WAVE,inspExpMarker,,,0,,,
2026-04-22T11:39:30.422000,SBX_ANAES_WAVE,respGas,,,0,,,
2026-04-22T11:39:30.422000,SBX_ANAES_WAVE,respGas,,,0,,,
2026-04-22T11:39:30.422000,SBX_ANAES_WAVE,flow,,,10,0.0,0.001,0.0001
2026-04-22T11:39:30.422000,SBX_ANAES_WAVE,volume,,,10,0.0,0.0,0.0
2026-04-22T11:39:30.422000,SBX_ANAES_WAVE,pressure,,,10,-0.09,-0.09,-0.09
2026-04-22T11:39:30.422000,SBX_ANAES_WAVE,inspExpMarker,,,0,,,
2026-04-22T11:39:30.825000,SBX_ANAES_WAVE,respGas,,,0,,,
2026-04-22T11:39:30.825000,SBX_ANAES_WAVE,respGas,,,0,,,
2026-04-22T11:39:30.825000,SBX_ANAES_WAVE,flow,,,10,0.0,0.022,0.01
2026-04-22T11:39:30.825000,SBX_ANAES_WAVE,volume,,,10,0.0,0.0,0.0
2026-04-22T11:39:30.825000,SBX_ANAES_WAVE,pressure,,,10,-0.09,-0.09,-0.09
2026-04-22T11:39:30.825000,SBX_ANAES_WAVE,inspExpMarker,,,0,,,
2026-04-22T11:39:31.279000,SBX_ANAES_WAVE,respGas,,,0,,,
2026-04-22T11:39:31.279000,SBX_ANAES_WAVE,respGas,,,0,,,
2026-04-22T11:39:31.279000,SBX_ANAES_WAVE,flow,,,10,0.0,0.016,0.0053
2026-04-22T11:39:31.279000,SBX_ANAES_WAVE,volume,,,10,0.0,0.0,0.0
2026-04-22T11:39:31.279000,SBX_ANAES_WAVE,pressure,,,10,-0.09,-0.09,-0.09
2026-04-22T11:39:31.279000,SBX_ANAES_WAVE,inspExpMarker,,,0,,,
2026-04-22T11:39:31.630000,SBX_ANAES_WAVE,respGas,,,0,,,
2026-04-22T11:39:31.630000,SBX_ANAES_WAVE,respGas,,,0,,,
2026-04-22T11:39:31.630000,SBX_ANAES_WAVE,flow,,,10,0.0,0.027,0.0058
2026-04-22T11:39:31.630000,SBX_ANAES_WAVE,volume,,,10,0.0,0.0,0.0
2026-04-22T11:39:31.630000,SBX_ANAES_WAVE,pressure,,,10,-0.09,-0.09,-0.09
2026-04-22T11:39:31.630000,SBX_ANAES_WAVE,inspExpMarker,,,0,,,
2026-04-22T11:39:32.022000,SBX_ANAES_WAVE,respGas,,,0,,,
2026-04-22T11:39:32.022000,SBX_ANAES_WAVE,respGas,,,0,,,
2026-04-22T11:39:32.022000,SBX_ANAES_WAVE,flow,,,10,0.0,0.012,0.004
2026-04-22T11:39:32.022000,SBX_ANAES_WAVE,volume,,,10,0.0,0.0,0.0
2026-04-22T11:39:32.022000,SBX_ANAES_WAVE,pressure,,,10,-0.09,-0.09,-0.09
2026-04-22T11:39:32.022000,SBX_ANAES_WAVE,inspExpMarker,,,0,,,
2026-04-22T11:39:32.422000,SBX_ANAES_WAVE,respGas,,,0,,,
2026-04-22T11:39:32.422000,SBX_ANAES_WAVE,respGas,,,0,,,
2026-04-22T11:39:32.422000,SBX_ANAES_WAVE,flow,,,10,0.0,0.002,0.0006
2026-04-22T11:39:32.422000,SBX_ANAES_WAVE,volume,,,10,0.0,0.0,0.0
2026-04-22T11:39:32.422000,SBX_ANAES_WAVE,pressure,,,10,-0.09,-0.09,-0.09
2026-04-22T11:39:32.422000,SBX_ANAES_WAVE,inspExpMarker,,,0,,,
2026-04-22T11:39:32.822000,SBX_ANAES_WAVE,respGas,,,0,,,
2026-04-22T11:39:32.822000,SBX_ANAES_WAVE,respGas,,,0,,,
2026-04-22T11:39:32.822000,SBX_ANAES_WAVE,flow,,,10,0.0,0.01,0.0033
2026-04-22T11:39:32.822000,SBX_ANAES_WAVE,volume,,,10,0.0,0.0,0.0
2026-04-22T11:39:32.822000,SBX_ANAES_WAVE,pressure,,,10,-0.09,-0.09,-0.09
2026-04-22T11:39:32.822000,SBX_ANAES_WAVE,inspExpMarker,,,0,,,
2026-04-22T11:39:33.272000,SBX_ANAES_WAVE,respGas,,,0,,,
2026-04-22T11:39:33.272000,SBX_ANAES_WAVE,respGas,,,0,,,
2026-04-22T11:39:33.272000,SBX_ANAES_WAVE,flow,,,10,0.0,0.0,0.0
2026-04-22T11:39:33.272000,SBX_ANAES_WAVE,volume,,,10,0.0,0.0,0.0
2026-04-22T11:39:33.272000,SBX_ANAES_WAVE,pressure,,,10,-0.09,-0.09,-0.09
2026-04-22T11:39:33.272000,SBX_ANAES_WAVE,inspExpMarker,,,0,,,
2026-04-22T11:39:33.623000,SBX_ANAES_WAVE,respGas,,,0,,,
2026-04-22T11:39:33.623000,SBX_ANAES_WAVE,respGas,,,0,,,
2026-04-22T11:39:33.623000,SBX_ANAES_WAVE,flow,,,10,0.0,0.01,0.0032
2026-04-22T11:39:33.623000,SBX_ANAES_WAVE,volume,,,10,0.0,0.0,0.0
2026-04-22T11:39:33.623000,SBX_ANAES_WAVE,pressure,,,10,-0.09,-0.05,-0.064
2026-04-22T11:39:33.623000,SBX_ANAES_WAVE,inspExpMarker,,,0,,,
2026-04-22T11:39:34.023000,SBX_ANAES_WAVE,respGas,,,0,,,
2026-04-22T11:39:34.023000,SBX_ANAES_WAVE,respGas,,,0,,,
2026-04-22T11:39:34.023000,SBX_ANAES_WAVE,flow,,,10,0.0,0.021,0.0064
2026-04-22T11:39:34.023000,SBX_ANAES_WAVE,volume,,,10,0.0,0.0,0.0
2026-04-22T11:39:34.023000,SBX_ANAES_WAVE,pressure,,,10,-0.09,-0.09,-0.09
2026-04-22T11:39:34.023000,SBX_ANAES_WAVE,inspExpMarker,,,0,,,
2026-04-22T11:39:34.424000,SBX_ANAES_WAVE,respGas,,,0,,,
2026-04-22T11:39:34.424000,SBX_ANAES_WAVE,respGas,,,0,,,
2026-04-22T11:39:34.424000,SBX_ANAES_WAVE,flow,,,10,0.0,0.018,0.0056
2026-04-22T11:39:34.424000,SBX_ANAES_WAVE,volume,,,10,0.0,0.0,0.0
2026-04-22T11:39:34.424000,SBX_ANAES_WAVE,pressure,,,10,-0.09,-0.09,-0.09
2026-04-22T11:39:34.424000,SBX_ANAES_WAVE,inspExpMarker,,,0,,,
2026-04-22T11:39:34.822000,SBX_ANAES_WAVE,respGas,,,0,,,
2026-04-22T11:39:34.822000,SBX_ANAES_WAVE,respGas,,,0,,,
2026-04-22T11:39:34.822000,SBX_ANAES_WAVE,flow,,,10,0.0,0.005,0.0017
2026-04-22T11:39:34.822000,SBX_ANAES_WAVE,volume,,,10,0.0,0.0,0.0
2026-04-22T11:39:34.822000,SBX_ANAES_WAVE,pressure,,,10,-0.09,-0.09,-0.09
2026-04-22T11:39:34.822000,SBX_ANAES_WAVE,inspExpMarker,,,0,,,
2026-04-22T11:39:35.278000,SBX_ANAES_WAVE,respGas,,,0,,,
2026-04-22T11:39:35.278000,SBX_ANAES_WAVE,respGas,,,0,,,
2026-04-22T11:39:35.278000,SBX_ANAES_WAVE,flow,,,10,0.0,0.019,0.0066
2026-04-22T11:39:35.278000,SBX_ANAES_WAVE,volume,,,10,0.0,0.0,0.0
2026-04-22T11:39:35.278000,SBX_ANAES_WAVE,pressure,,,10,-0.09,-0.09,-0.09
2026-04-22T11:39:35.278000,SBX_ANAES_WAVE,inspExpMarker,,,0,,,
2026-04-22T11:39:35.622000,SBX_ANAES_WAVE,respGas,,,0,,,
2026-04-22T11:39:35.622000,SBX_ANAES_WAVE,respGas,,,0,,,
2026-04-22T11:39:35.622000,SBX_ANAES_WAVE,flow,,,10,0.0,0.013,0.0062
2026-04-22T11:39:35.622000,SBX_ANAES_WAVE,volume,,,10,0.0,0.0,0.0
2026-04-22T11:39:35.622000,SBX_ANAES_WAVE,pressure,,,10,-0.09,-0.09,-0.09
2026-04-22T11:39:35.622000,SBX_ANAES_WAVE,inspExpMarker,,,0,,,
2026-04-22T11:39:36.021000,SBX_ANAES_WAVE,respGas,,,0,,,
2026-04-22T11:39:36.021000,SBX_ANAES_WAVE,respGas,,,0,,,
2026-04-22T11:39:36.021000,SBX_ANAES_WAVE,flow,,,10,0.0,0.006,0.0024
2026-04-22T11:39:36.021000,SBX_ANAES_WAVE,volume,,,10,0.0,0.0,0.0
2026-04-22T11:39:36.021000,SBX_ANAES_WAVE,pressure,,,10,-0.09,-0.09,-0.09
2026-04-22T11:39:36.021000,SBX_ANAES_WAVE,inspExpMarker,,,0,,,
2026-04-22T11:39:36.423000,SBX_ANAES_WAVE,respGas,,,0,,,
2026-04-22T11:39:36.423000,SBX_ANAES_WAVE,respGas,,,0,,,
2026-04-22T11:39:36.423000,SBX_ANAES_WAVE,flow,,,10,0.0,0.015,0.0055
2026-04-22T11:39:36.423000,SBX_ANAES_WAVE,volume,,,10,0.0,0.0,0.0
2026-04-22T11:39:36.423000,SBX_ANAES_WAVE,pressure,,,10,-0.09,-0.09,-0.09
2026-04-22T11:39:36.423000,SBX_ANAES_WAVE,inspExpMarker,,,0,,,
2026-04-22T11:39:36.822000,SBX_ANAES_WAVE,respGas,,,0,,,
2026-04-22T11:39:36.822000,SBX_ANAES_WAVE,respGas,,,0,,,
2026-04-22T11:39:36.822000,SBX_ANAES_WAVE,flow,,,10,0.0,0.004,0.0014
2026-04-22T11:39:36.822000,SBX_ANAES_WAVE,volume,,,10,0.0,0.0,0.0
2026-04-22T11:39:36.822000,SBX_ANAES_WAVE,pressure,,,10,-0.09,-0.09,-0.09
2026-04-22T11:39:36.822000,SBX_ANAES_WAVE,inspExpMarker,,,0,,,
2026-04-22T11:39:37.281000,SBX_ANAES_WAVE,respGas,,,0,,,
2026-04-22T11:39:37.281000,SBX_ANAES_WAVE,respGas,,,0,,,
2026-04-22T11:39:37.281000,SBX_ANAES_WAVE,flow,,,10,0.0,0.008,0.0018
2026-04-22T11:39:37.281000,SBX_ANAES_WAVE,volume,,,10,0.0,0.0,0.0
2026-04-22T11:39:37.281000,SBX_ANAES_WAVE,pressure,,,10,-0.09,-0.09,-0.09
2026-04-22T11:39:37.281000,SBX_ANAES_WAVE,inspExpMarker,,,0,,,
2026-04-22T11:39:37.622000,SBX_ANAES_WAVE,respGas,,,0,,,
2026-04-22T11:39:37.622000,SBX_ANAES_WAVE,respGas,,,0,,,
2026-04-22T11:39:37.622000,SBX_ANAES_WAVE,flow,,,10,0.001,0.01,0.0034
2026-04-22T11:39:37.622000,SBX_ANAES_WAVE,volume,,,10,0.0,0.0,0.0
2026-04-22T11:39:37.622000,SBX_ANAES_WAVE,pressure,,,10,-0.09,-0.09,-0.09
2026-04-22T11:39:37.622000,SBX_ANAES_WAVE,inspExpMarker,,,0,,,
2026-04-22T11:39:38.022000,SBX_ANAES_WAVE,respGas,,,0,,,
2026-04-22T11:39:38.022000,SBX_ANAES_WAVE,respGas,,,0,,,
2026-04-22T11:39:38.022000,SBX_ANAES_WAVE,flow,,,10,0.0,0.0,0.0
2026-04-22T11:39:38.022000,SBX_ANAES_WAVE,volume,,,10,0.0,0.0,0.0
2026-04-22T11:39:38.022000,SBX_ANAES_WAVE,pressure,,,10,-0.09,-0.09,-0.09
2026-04-22T11:39:38.022000,SBX_ANAES_WAVE,inspExpMarker,,,0,,,
2026-04-22T11:39:38.421000,SBX_ANAES_WAVE,respGas,,,0,,,
2026-04-22T11:39:38.421000,SBX_ANAES_WAVE,respGas,,,0,,,
2026-04-22T11:39:38.421000,SBX_ANAES_WAVE,flow,,,10,0.0,0.007,0.002
2026-04-22T11:39:38.421000,SBX_ANAES_WAVE,volume,,,10,0.0,0.0,0.0
2026-04-22T11:39:38.421000,SBX_ANAES_WAVE,pressure,,,10,-0.09,-0.09,-0.09
2026-04-22T11:39:38.421000,SBX_ANAES_WAVE,inspExpMarker,,,0,,,
2026-04-22T11:39:38.821000,SBX_ANAES_WAVE,respGas,,,0,,,
2026-04-22T11:39:38.821000,SBX_ANAES_WAVE,respGas,,,0,,,
2026-04-22T11:39:38.821000,SBX_ANAES_WAVE,flow,,,10,0.0,0.007,0.0027
2026-04-22T11:39:38.821000,SBX_ANAES_WAVE,volume,,,10,0.0,0.0,0.0
2026-04-22T11:39:38.821000,SBX_ANAES_WAVE,pressure,,,10,-0.09,-0.09,-0.09
2026-04-22T11:39:38.821000,SBX_ANAES_WAVE,inspExpMarker,,,0,,,
2026-04-22T11:39:39.270000,SBX_ANAES_WAVE,respGas,,,0,,,
2026-04-22T11:39:39.270000,SBX_ANAES_WAVE,respGas,,,0,,,
2026-04-22T11:39:39.270000,SBX_ANAES_WAVE,flow,,,10,0.0,0.011,0.0028
2026-04-22T11:39:39.270000,SBX_ANAES_WAVE,volume,,,10,0.0,0.0,0.0
2026-04-22T11:39:39.270000,SBX_ANAES_WAVE,pressure,,,10,-0.09,-0.09,-0.09
2026-04-22T11:39:39.270000,SBX_ANAES_WAVE,inspExpMarker,,,0,,,
2026-04-22T11:39:39.621000,SBX_ANAES_WAVE,respGas,,,0,,,
2026-04-22T11:39:39.621000,SBX_ANAES_WAVE,respGas,,,0,,,
2026-04-22T11:39:39.621000,SBX_ANAES_WAVE,flow,,,10,0.0,0.007,0.0032
2026-04-22T11:39:39.621000,SBX_ANAES_WAVE,volume,,,10,0.0,0.0,0.0
2026-04-22T11:39:39.621000,SBX_ANAES_WAVE,pressure,,,10,-0.09,-0.09,-0.09
2026-04-22T11:39:39.621000,SBX_ANAES_WAVE,inspExpMarker,,,0,,,
2026-04-22T11:39:40.022000,SBX_ANAES_WAVE,respGas,,,0,,,
2026-04-22T11:39:40.022000,SBX_ANAES_WAVE,respGas,,,0,,,
2026-04-22T11:39:40.022000,SBX_ANAES_WAVE,flow,,,10,0.0,0.01,0.0043
2026-04-22T11:39:40.022000,SBX_ANAES_WAVE,volume,,,10,0.0,0.0,0.0
2026-04-22T11:39:40.022000,SBX_ANAES_WAVE,pressure,,,10,-0.09,-0.09,-0.09
2026-04-22T11:39:40.022000,SBX_ANAES_WAVE,inspExpMarker,,,0,,,
2026-04-22T11:39:40.422000,SBX_ANAES_WAVE,respGas,,,0,,,
2026-04-22T11:39:40.422000,SBX_ANAES_WAVE,respGas,,,0,,,
2026-04-22T11:39:40.422000,SBX_ANAES_WAVE,flow,,,10,0.0,0.017,0.0037
2026-04-22T11:39:40.422000,SBX_ANAES_WAVE,volume,,,10,0.0,0.0,0.0
2026-04-22T11:39:40.422000,SBX_ANAES_WAVE,pressure,,,10,-0.09,-0.09,-0.09
2026-04-22T11:39:40.422000,SBX_ANAES_WAVE,inspExpMarker,,,0,,,
2026-04-22T11:39:40.821000,SBX_ANAES_WAVE,respGas,,,0,,,
2026-04-22T11:39:40.821000,SBX_ANAES_WAVE,respGas,,,0,,,
2026-04-22T11:39:40.821000,SBX_ANAES_WAVE,flow,,,10,0.0,0.014,0.0046
2026-04-22T11:39:40.821000,SBX_ANAES_WAVE,volume,,,10,0.0,0.0,0.0
2026-04-22T11:39:40.821000,SBX_ANAES_WAVE,pressure,,,10,-0.09,-0.09,-0.09
2026-04-22T11:39:40.821000,SBX_ANAES_WAVE,inspExpMarker,,,0,,,
2026-04-22T11:39:41.334000,SBX_ANAES_WAVE,respGas,,,0,,,
2026-04-22T11:39:41.334000,SBX_ANAES_WAVE,respGas,,,0,,,
2026-04-22T11:39:41.334000,SBX_ANAES_WAVE,flow,,,10,0.0,0.011,0.0047
2026-04-22T11:39:41.334000,SBX_ANAES_WAVE,volume,,,10,0.0,0.0,0.0
2026-04-22T11:39:41.334000,SBX_ANAES_WAVE,pressure,,,10,-0.09,-0.05,-0.069
2026-04-22T11:39:41.334000,SBX_ANAES_WAVE,inspExpMarker,,,0,,,
2026-04-22T11:39:41.624000,SBX_ANAES_WAVE,respGas,,,0,,,
2026-04-22T11:39:41.624000,SBX_ANAES_WAVE,respGas,,,0,,,
2026-04-22T11:39:41.624000,SBX_ANAES_WAVE,flow,,,10,0.0,0.015,0.0068
2026-04-22T11:39:41.624000,SBX_ANAES_WAVE,volume,,,10,0.0,0.0,0.0
2026-04-22T11:39:41.624000,SBX_ANAES_WAVE,pressure,,,10,-0.09,-0.07,-0.088
2026-04-22T11:39:41.624000,SBX_ANAES_WAVE,inspExpMarker,,,0,,,
2026-04-22T11:39:42.022000,SBX_ANAES_WAVE,respGas,,,0,,,
2026-04-22T11:39:42.022000,SBX_ANAES_WAVE,respGas,,,0,,,
2026-04-22T11:39:42.022000,SBX_ANAES_WAVE,flow,,,10,0.001,0.009,0.0032
2026-04-22T11:39:42.022000,SBX_ANAES_WAVE,volume,,,10,0.0,0.0,0.0
2026-04-22T11:39:42.022000,SBX_ANAES_WAVE,pressure,,,10,-0.09,-0.09,-0.09
2026-04-22T11:39:42.022000,SBX_ANAES_WAVE,inspExpMarker,,,0,,,
2026-04-22T11:39:42.423000,SBX_ANAES_WAVE,respGas,,,0,,,
2026-04-22T11:39:42.423000,SBX_ANAES_WAVE,respGas,,,0,,,
2026-04-22T11:39:42.423000,SBX_ANAES_WAVE,flow,,,10,0.0,0.008,0.0031
2026-04-22T11:39:42.423000,SBX_ANAES_WAVE,volume,,,10,0.0,0.0,0.0
2026-04-22T11:39:42.423000,SBX_ANAES_WAVE,pressure,,,10,-0.09,-0.09,-0.09
2026-04-22T11:39:42.423000,SBX_ANAES_WAVE,inspExpMarker,,,0,,,
2026-04-22T11:39:42.829000,SBX_ANAES_WAVE,respGas,,,0,,,
2026-04-22T11:39:42.829000,SBX_ANAES_WAVE,respGas,,,0,,,
2026-04-22T11:39:42.829000,SBX_ANAES_WAVE,flow,,,10,0.0,0.004,0.001
2026-04-22T11:39:42.829000,SBX_ANAES_WAVE,volume,,,10,0.0,0.0,0.0
2026-04-22T11:39:42.829000,SBX_ANAES_WAVE,pressure,,,10,-0.09,-0.05,-0.067
2026-04-22T11:39:42.829000,SBX_ANAES_WAVE,inspExpMarker,,,0,,,
2026-04-22T11:39:43.274000,SBX_ANAES_WAVE,respGas,,,0,,,
2026-04-22T11:39:43.274000,SBX_ANAES_WAVE,respGas,,,0,,,
2026-04-22T11:39:43.274000,SBX_ANAES_WAVE,flow,,,10,0.0,0.014,0.0041
2026-04-22T11:39:43.274000,SBX_ANAES_WAVE,volume,,,10,0.0,0.0,0.0
2026-04-22T11:39:43.274000,SBX_ANAES_WAVE,pressure,,,10,-0.09,-0.09,-0.09
2026-04-22T11:39:43.274000,SBX_ANAES_WAVE,inspExpMarker,,,0,,,
2026-04-22T11:39:43.621000,SBX_ANAES_WAVE,respGas,,,0,,,
2026-04-22T11:39:43.621000,SBX_ANAES_WAVE,respGas,,,0,,,
2026-04-22T11:39:43.621000,SBX_ANAES_WAVE,flow,,,10,0.0,0.004,0.0011
2026-04-22T11:39:43.621000,SBX_ANAES_WAVE,volume,,,10,0.0,0.0,0.0
2026-04-22T11:39:43.621000,SBX_ANAES_WAVE,pressure,,,10,-0.09,-0.09,-0.09
2026-04-22T11:39:43.621000,SBX_ANAES_WAVE,inspExpMarker,,,0,,,
2026-04-22T11:39:44.022000,SBX_ANAES_WAVE,respGas,,,0,,,
2026-04-22T11:39:44.022000,SBX_ANAES_WAVE,respGas,,,0,,,
2026-04-22T11:39:44.022000,SBX_ANAES_WAVE,flow,,,10,0.0,0.005,0.0029
2026-04-22T11:39:44.022000,SBX_ANAES_WAVE,volume,,,10,0.0,0.0,0.0
2026-04-22T11:39:44.022000,SBX_ANAES_WAVE,pressure,,,10,-0.09,-0.09,-0.09
2026-04-22T11:39:44.022000,SBX_ANAES_WAVE,inspExpMarker,,,0,,,
2026-04-22T11:39:44.422000,SBX_ANAES_WAVE,respGas,,,0,,,
2026-04-22T11:39:44.422000,SBX_ANAES_WAVE,respGas,,,0,,,
2026-04-22T11:39:44.422000,SBX_ANAES_WAVE,flow,,,10,0.0,0.008,0.0024
2026-04-22T11:39:44.422000,SBX_ANAES_WAVE,volume,,,10,0.0,0.0,0.0
2026-04-22T11:39:44.422000,SBX_ANAES_WAVE,pressure,,,10,-0.09,-0.09,-0.09
2026-04-22T11:39:44.422000,SBX_ANAES_WAVE,inspExpMarker,,,0,,,
2026-04-22T11:39:44.822000,SBX_ANAES_WAVE,respGas,,,0,,,
2026-04-22T11:39:44.822000,SBX_ANAES_WAVE,respGas,,,0,,,
2026-04-22T11:39:44.822000,SBX_ANAES_WAVE,flow,,,10,0.0,0.006,0.003
2026-04-22T11:39:44.822000,SBX_ANAES_WAVE,volume,,,10,0.0,0.0,0.0
2026-04-22T11:39:44.822000,SBX_ANAES_WAVE,pressure,,,10,-0.09,-0.09,-0.09
2026-04-22T11:39:44.822000,SBX_ANAES_WAVE,inspExpMarker,,,0,,,
2026-04-22T11:39:45.266000,SBX_ANAES_WAVE,respGas,,,0,,,
2026-04-22T11:39:45.266000,SBX_ANAES_WAVE,respGas,,,0,,,
2026-04-22T11:39:45.266000,SBX_ANAES_WAVE,flow,,,10,0.0,0.011,0.0032
2026-04-22T11:39:45.266000,SBX_ANAES_WAVE,volume,,,10,0.0,0.0,0.0
2026-04-22T11:39:45.266000,SBX_ANAES_WAVE,pressure,,,10,-0.09,-0.09,-0.09
2026-04-22T11:39:45.266000,SBX_ANAES_WAVE,inspExpMarker,,,0,,,
2026-04-22T11:39:45.624000,SBX_ANAES_WAVE,respGas,,,0,,,
2026-04-22T11:39:45.624000,SBX_ANAES_WAVE,respGas,,,0,,,
2026-04-22T11:39:45.624000,SBX_ANAES_WAVE,flow,,,10,0.0,0.013,0.0059
2026-04-22T11:39:45.624000,SBX_ANAES_WAVE,volume,,,10,0.0,0.0,0.0
2026-04-22T11:39:45.624000,SBX_ANAES_WAVE,pressure,,,10,-0.09,-0.09,-0.09
2026-04-22T11:39:45.624000,SBX_ANAES_WAVE,inspExpMarker,,,0,,,
2026-04-22T11:39:46.026000,SBX_ANAES_WAVE,respGas,,,0,,,
2026-04-22T11:39:46.026000,SBX_ANAES_WAVE,respGas,,,0,,,
2026-04-22T11:39:46.026000,SBX_ANAES_WAVE,flow,,,10,0.0,0.01,0.0034
2026-04-22T11:39:46.026000,SBX_ANAES_WAVE,volume,,,10,0.0,0.0,0.0
2026-04-22T11:39:46.026000,SBX_ANAES_WAVE,pressure,,,10,-0.09,-0.09,-0.09
2026-04-22T11:39:46.026000,SBX_ANAES_WAVE,inspExpMarker,,,0,,,
2026-04-22T11:39:46.427000,SBX_ANAES_WAVE,respGas,,,0,,,
2026-04-22T11:39:46.427000,SBX_ANAES_WAVE,respGas,,,0,,,
2026-04-22T11:39:46.427000,SBX_ANAES_WAVE,flow,,,10,0.0,0.0,0.0
2026-04-22T11:39:46.427000,SBX_ANAES_WAVE,volume,,,10,0.0,0.0,0.0
2026-04-22T11:39:46.427000,SBX_ANAES_WAVE,pressure,,,10,-0.09,-0.09,-0.09
2026-04-22T11:39:46.427000,SBX_ANAES_WAVE,inspExpMarker,,,0,,,
2026-04-22T11:39:46.830000,SBX_ANAES_WAVE,respGas,,,0,,,
2026-04-22T11:39:46.830000,SBX_ANAES_WAVE,respGas,,,0,,,
2026-04-22T11:39:46.830000,SBX_ANAES_WAVE,flow,,,10,0.0,0.003,0.0005
2026-04-22T11:39:46.830000,SBX_ANAES_WAVE,volume,,,10,0.0,0.0,0.0
2026-04-22T11:39:46.830000,SBX_ANAES_WAVE,pressure,,,10,-0.09,-0.09,-0.09
2026-04-22T11:39:46.830000,SBX_ANAES_WAVE,inspExpMarker,,,0,,,
2026-04-22T11:39:47.276000,SBX_ANAES_WAVE,respGas,,,0,,,
2026-04-22T11:39:47.276000,SBX_ANAES_WAVE,respGas,,,0,,,
2026-04-22T11:39:47.276000,SBX_ANAES_WAVE,flow,,,10,0.0,0.007,0.0011
2026-04-22T11:39:47.276000,SBX_ANAES_WAVE,volume,,,10,0.0,0.0,0.0
2026-04-22T11:39:47.276000,SBX_ANAES_WAVE,pressure,,,10,-0.09,-0.09,-0.09
2026-04-22T11:39:47.276000,SBX_ANAES_WAVE,inspExpMarker,,,0,,,
2026-04-22T11:39:47.623000,SBX_ANAES_WAVE,respGas,,,0,,,
2026-04-22T11:39:47.623000,SBX_ANAES_WAVE,respGas,,,0,,,
2026-04-22T11:39:47.623000,SBX_ANAES_WAVE,flow,,,10,0.0,0.005,0.001
2026-04-22T11:39:47.623000,SBX_ANAES_WAVE,volume,,,10,0.0,0.0,0.0
2026-04-22T11:39:47.623000,SBX_ANAES_WAVE,pressure,,,10,-0.09,-0.09,-0.09
2026-04-22T11:39:47.623000,SBX_ANAES_WAVE,inspExpMarker,,,0,,,
2026-04-22T11:39:48.025000,SBX_ANAES_WAVE,respGas,,,0,,,
2026-04-22T11:39:48.025000,SBX_ANAES_WAVE,respGas,,,0,,,
2026-04-22T11:39:48.025000,SBX_ANAES_WAVE,flow,,,10,0.0,0.004,0.0019
2026-04-22T11:39:48.025000,SBX_ANAES_WAVE,volume,,,10,0.0,0.0,0.0
2026-04-22T11:39:48.025000,SBX_ANAES_WAVE,pressure,,,10,-0.09,-0.09,-0.09
2026-04-22T11:39:48.025000,SBX_ANAES_WAVE,inspExpMarker,,,0,,,
2026-04-22T11:39:48.424000,SBX_ANAES_WAVE,respGas,,,0,,,
2026-04-22T11:39:48.424000,SBX_ANAES_WAVE,respGas,,,0,,,
2026-04-22T11:39:48.424000,SBX_ANAES_WAVE,flow,,,10,0.0,0.006,0.0019
2026-04-22T11:39:48.424000,SBX_ANAES_WAVE,volume,,,10,0.0,0.0,0.0
2026-04-22T11:39:48.424000,SBX_ANAES_WAVE,pressure,,,10,-0.09,-0.09,-0.09
2026-04-22T11:39:48.424000,SBX_ANAES_WAVE,inspExpMarker,,,0,,,
2026-04-22T11:39:48.824000,SBX_ANAES_WAVE,respGas,,,0,,,
2026-04-22T11:39:48.824000,SBX_ANAES_WAVE,respGas,,,0,,,
2026-04-22T11:39:48.824000,SBX_ANAES_WAVE,flow,,,10,0.0,0.017,0.0029
2026-04-22T11:39:48.824000,SBX_ANAES_WAVE,volume,,,10,0.0,0.0,0.0
2026-04-22T11:39:48.824000,SBX_ANAES_WAVE,pressure,,,10,-0.09,-0.09,-0.09
2026-04-22T11:39:48.824000,SBX_ANAES_WAVE,inspExpMarker,,,0,,,
2026-04-22T11:39:49.280000,SBX_ANAES_WAVE,respGas,,,0,,,
2026-04-22T11:39:49.280000,SBX_ANAES_WAVE,respGas,,,0,,,
2026-04-22T11:39:49.280000,SBX_ANAES_WAVE,flow,,,10,0.0,0.006,0.0023
2026-04-22T11:39:49.280000,SBX_ANAES_WAVE,volume,,,10,0.0,0.0,0.0
2026-04-22T11:39:49.280000,SBX_ANAES_WAVE,pressure,,,10,-0.09,-0.09,-0.09
2026-04-22T11:39:49.280000,SBX_ANAES_WAVE,inspExpMarker,,,0,,,
2026-04-22T11:39:49.621000,SBX_ANAES_WAVE,respGas,,,0,,,
2026-04-22T11:39:49.621000,SBX_ANAES_WAVE,respGas,,,0,,,
2026-04-22T11:39:49.621000,SBX_ANAES_WAVE,flow,,,10,0.0,0.007,0.0011
2026-04-22T11:39:49.621000,SBX_ANAES_WAVE,volume,,,10,0.0,0.0,0.0
2026-04-22T11:39:49.621000,SBX_ANAES_WAVE,pressure,,,10,-0.09,-0.05,-0.07
2026-04-22T11:39:49.621000,SBX_ANAES_WAVE,inspExpMarker,,,0,,,
2026-04-22T11:39:50.021000,SBX_ANAES_WAVE,respGas,,,0,,,
2026-04-22T11:39:50.021000,SBX_ANAES_WAVE,respGas,,,0,,,
2026-04-22T11:39:50.021000,SBX_ANAES_WAVE,flow,,,10,0.0,0.007,0.0016
2026-04-22T11:39:50.021000,SBX_ANAES_WAVE,volume,,,10,0.0,0.0,0.0
2026-04-22T11:39:50.021000,SBX_ANAES_WAVE,pressure,,,10,-0.09,-0.09,-0.09
2026-04-22T11:39:50.021000,SBX_ANAES_WAVE,inspExpMarker,,,0,,,
2026-04-22T11:39:50.423000,SBX_ANAES_WAVE,respGas,,,0,,,
2026-04-22T11:39:50.423000,SBX_ANAES_WAVE,respGas,,,0,,,
2026-04-22T11:39:50.423000,SBX_ANAES_WAVE,flow,,,10,0.0,0.002,0.0007
2026-04-22T11:39:50.423000,SBX_ANAES_WAVE,volume,,,10,0.0,0.0,0.0
2026-04-22T11:39:50.423000,SBX_ANAES_WAVE,pressure,,,10,-0.09,-0.09,-0.09
2026-04-22T11:39:50.423000,SBX_ANAES_WAVE,inspExpMarker,,,0,,,
2026-04-22T11:39:50.822000,SBX_ANAES_WAVE,respGas,,,0,,,
2026-04-22T11:39:50.822000,SBX_ANAES_WAVE,respGas,,,0,,,
2026-04-22T11:39:50.822000,SBX_ANAES_WAVE,flow,,,10,0.0,0.003,0.0008
2026-04-22T11:39:50.822000,SBX_ANAES_WAVE,volume,,,10,0.0,0.0,0.0
2026-04-22T11:39:50.822000,SBX_ANAES_WAVE,pressure,,,10,-0.09,-0.09,-0.09
2026-04-22T11:39:50.822000,SBX_ANAES_WAVE,inspExpMarker,,,0,,,
2026-04-22T11:39:51.276000,SBX_ANAES_WAVE,respGas,,,0,,,
2026-04-22T11:39:51.276000,SBX_ANAES_WAVE,respGas,,,0,,,
2026-04-22T11:39:51.276000,SBX_ANAES_WAVE,flow,,,10,0.0,0.007,0.0017
2026-04-22T11:39:51.276000,SBX_ANAES_WAVE,volume,,,10,0.0,0.0,0.0
2026-04-22T11:39:51.276000,SBX_ANAES_WAVE,pressure,,,10,-0.09,-0.09,-0.09
2026-04-22T11:39:51.276000,SBX_ANAES_WAVE,inspExpMarker,,,0,,,
2026-04-22T11:39:51.622000,SBX_ANAES_WAVE,respGas,,,0,,,
2026-04-22T11:39:51.622000,SBX_ANAES_WAVE,respGas,,,0,,,
2026-04-22T11:39:51.622000,SBX_ANAES_WAVE,flow,,,10,0.0,0.006,0.0009
2026-04-22T11:39:51.622000,SBX_ANAES_WAVE,volume,,,10,0.0,0.0,0.0
2026-04-22T11:39:51.622000,SBX_ANAES_WAVE,pressure,,,10,-0.09,-0.05,-0.062
2026-04-22T11:39:51.622000,SBX_ANAES_WAVE,inspExpMarker,,,0,,,
2026-04-22T11:39:52.021000,SBX_ANAES_WAVE,respGas,,,0,,,
2026-04-22T11:39:52.021000,SBX_ANAES_WAVE,respGas,,,0,,,
2026-04-22T11:39:52.021000,SBX_ANAES_WAVE,flow,,,10,0.0,0.017,0.0055
2026-04-22T11:39:52.021000,SBX_ANAES_WAVE,volume,,,10,0.0,0.0,0.0
2026-04-22T11:39:52.021000,SBX_ANAES_WAVE,pressure,,,10,-0.09,-0.09,-0.09
2026-04-22T11:39:52.021000,SBX_ANAES_WAVE,inspExpMarker,,,0,,,
2026-04-22T11:39:52.421000,SBX_ANAES_WAVE,respGas,,,0,,,
2026-04-22T11:39:52.421000,SBX_ANAES_WAVE,respGas,,,0,,,
2026-04-22T11:39:52.421000,SBX_ANAES_WAVE,flow,,,10,0.0,0.008,0.0008
2026-04-22T11:39:52.421000,SBX_ANAES_WAVE,volume,,,10,0.0,0.0,0.0
2026-04-22T11:39:52.421000,SBX_ANAES_WAVE,pressure,,,10,-0.09,-0.05,-0.063
2026-04-22T11:39:52.421000,SBX_ANAES_WAVE,inspExpMarker,,,0,,,
2026-04-22T11:39:52.821000,SBX_ANAES_WAVE,respGas,,,0,,,
2026-04-22T11:39:52.821000,SBX_ANAES_WAVE,respGas,,,0,,,
2026-04-22T11:39:52.821000,SBX_ANAES_WAVE,flow,,,10,0.0,0.0,0.0
2026-04-22T11:39:52.821000,SBX_ANAES_WAVE,volume,,,10,0.0,0.0,0.0
2026-04-22T11:39:52.821000,SBX_ANAES_WAVE,pressure,,,10,-0.09,-0.09,-0.09
2026-04-22T11:39:52.821000,SBX_ANAES_WAVE,inspExpMarker,,,0,,,
2026-04-22T11:39:53.265000,SBX_ANAES_WAVE,respGas,,,0,,,
2026-04-22T11:39:53.265000,SBX_ANAES_WAVE,respGas,,,0,,,
2026-04-22T11:39:53.265000,SBX_ANAES_WAVE,flow,,,10,0.0,0.007,0.0026
2026-04-22T11:39:53.265000,SBX_ANAES_WAVE,volume,,,10,0.0,0.0,0.0
2026-04-22T11:39:53.265000,SBX_ANAES_WAVE,pressure,,,10,-0.09,-0.09,-0.09
2026-04-22T11:39:53.265000,SBX_ANAES_WAVE,inspExpMarker,,,0,,,
2026-04-22T11:39:53.621000,SBX_ANAES_WAVE,respGas,,,0,,,
2026-04-22T11:39:53.621000,SBX_ANAES_WAVE,respGas,,,0,,,
2026-04-22T11:39:53.621000,SBX_ANAES_WAVE,flow,,,10,0.0,0.008,0.0015
2026-04-22T11:39:53.621000,SBX_ANAES_WAVE,volume,,,10,0.0,0.0,0.0
2026-04-22T11:39:53.621000,SBX_ANAES_WAVE,pressure,,,10,-0.09,-0.09,-0.09
2026-04-22T11:39:53.621000,SBX_ANAES_WAVE,inspExpMarker,,,0,,,
2026-04-22T11:39:54.021000,SBX_ANAES_WAVE,respGas,,,0,,,
2026-04-22T11:39:54.021000,SBX_ANAES_WAVE,respGas,,,0,,,
2026-04-22T11:39:54.021000,SBX_ANAES_WAVE,flow,,,10,0.0,0.007,0.0018
2026-04-22T11:39:54.021000,SBX_ANAES_WAVE,volume,,,10,0.0,0.0,0.0
2026-04-22T11:39:54.021000,SBX_ANAES_WAVE,pressure,,,10,-0.09,-0.09,-0.09
2026-04-22T11:39:54.021000,SBX_ANAES_WAVE,inspExpMarker,,,0,,,
2026-04-22T11:39:54.421000,SBX_ANAES_WAVE,respGas,,,0,,,
2026-04-22T11:39:54.421000,SBX_ANAES_WAVE,respGas,,,0,,,
2026-04-22T11:39:54.421000,SBX_ANAES_WAVE,flow,,,10,0.0,0.01,0.0021
2026-04-22T11:39:54.421000,SBX_ANAES_WAVE,volume,,,10,0.0,0.0,0.0
2026-04-22T11:39:54.421000,SBX_ANAES_WAVE,pressure,,,10,-0.09,-0.09,-0.09
2026-04-22T11:39:54.421000,SBX_ANAES_WAVE,inspExpMarker,,,0,,,
2026-04-22T11:39:54.821000,SBX_ANAES_WAVE,respGas,,,0,,,
2026-04-22T11:39:54.821000,SBX_ANAES_WAVE,respGas,,,0,,,
2026-04-22T11:39:54.821000,SBX_ANAES_WAVE,flow,,,10,0.0,0.019,0.0037
2026-04-22T11:39:54.821000,SBX_ANAES_WAVE,volume,,,10,0.0,0.0,0.0
2026-04-22T11:39:54.821000,SBX_ANAES_WAVE,pressure,,,10,-0.09,-0.09,-0.09
2026-04-22T11:39:54.821000,SBX_ANAES_WAVE,inspExpMarker,,,0,,,
2026-04-22T11:39:55.265000,SBX_ANAES_WAVE,respGas,,,0,,,
2026-04-22T11:39:55.265000,SBX_ANAES_WAVE,respGas,,,0,,,
2026-04-22T11:39:55.265000,SBX_ANAES_WAVE,flow,,,10,0.0,0.002,0.0003
2026-04-22T11:39:55.265000,SBX_ANAES_WAVE,volume,,,10,0.0,0.0,0.0
2026-04-22T11:39:55.265000,SBX_ANAES_WAVE,pressure,,,10,-0.09,-0.09,-0.09
2026-04-22T11:39:55.265000,SBX_ANAES_WAVE,inspExpMarker,,,0,,,
2026-04-22T11:39:55.620000,SBX_ANAES_WAVE,respGas,,,0,,,
2026-04-22T11:39:55.620000,SBX_ANAES_WAVE,respGas,,,0,,,
2026-04-22T11:39:55.620000,SBX_ANAES_WAVE,flow,,,10,0.0,0.0,0.0
2026-04-22T11:39:55.620000,SBX_ANAES_WAVE,volume,,,10,0.0,0.0,0.0
2026-04-22T11:39:55.620000,SBX_ANAES_WAVE,pressure,,,10,-0.09,-0.09,-0.09
2026-04-22T11:39:55.620000,SBX_ANAES_WAVE,inspExpMarker,,,0,,,
2026-04-22T11:39:56.022000,SBX_ANAES_WAVE,respGas,,,0,,,
2026-04-22T11:39:56.022000,SBX_ANAES_WAVE,respGas,,,0,,,
2026-04-22T11:39:56.022000,SBX_ANAES_WAVE,flow,,,10,0.0,0.005,0.0013
2026-04-22T11:39:56.022000,SBX_ANAES_WAVE,volume,,,10,0.0,0.0,0.0
2026-04-22T11:39:56.022000,SBX_ANAES_WAVE,pressure,,,10,-0.09,-0.09,-0.09
2026-04-22T11:39:56.022000,SBX_ANAES_WAVE,inspExpMarker,,,0,,,
2026-04-22T11:39:56.453000,SBX_ANAES_WAVE,respGas,,,0,,,
2026-04-22T11:39:56.453000,SBX_ANAES_WAVE,respGas,,,0,,,
2026-04-22T11:39:56.453000,SBX_ANAES_WAVE,flow,,,10,0.0,0.004,0.001
2026-04-22T11:39:56.453000,SBX_ANAES_WAVE,volume,,,10,0.0,0.0,0.0
2026-04-22T11:39:56.453000,SBX_ANAES_WAVE,pressure,,,10,-0.09,-0.09,-0.09
2026-04-22T11:39:56.453000,SBX_ANAES_WAVE,inspExpMarker,,,0,,,
2026-04-22T11:39:56.821000,SBX_ANAES_WAVE,respGas,,,0,,,
2026-04-22T11:39:56.821000,SBX_ANAES_WAVE,respGas,,,0,,,
2026-04-22T11:39:56.821000,SBX_ANAES_WAVE,flow,,,10,0.0,0.009,0.002
2026-04-22T11:39:56.821000,SBX_ANAES_WAVE,volume,,,10,0.0,0.0,0.0
2026-04-22T11:39:56.821000,SBX_ANAES_WAVE,pressure,,,10,-0.09,-0.09,-0.09
2026-04-22T11:39:56.821000,SBX_ANAES_WAVE,inspExpMarker,,,0,,,
2026-04-22T11:39:57.270000,SBX_ANAES_WAVE,respGas,,,0,,,
2026-04-22T11:39:57.270000,SBX_ANAES_WAVE,respGas,,,0,,,
2026-04-22T11:39:57.270000,SBX_ANAES_WAVE,flow,,,10,0.0,0.013,0.005
2026-04-22T11:39:57.270000,SBX_ANAES_WAVE,volume,,,10,0.0,0.0,0.0
2026-04-22T11:39:57.270000,SBX_ANAES_WAVE,pressure,,,10,-0.09,-0.09,-0.09
2026-04-22T11:39:57.270000,SBX_ANAES_WAVE,inspExpMarker,,,0,,,
2026-04-22T11:39:57.622000,SBX_ANAES_WAVE,respGas,,,0,,,
2026-04-22T11:39:57.622000,SBX_ANAES_WAVE,respGas,,,0,,,
2026-04-22T11:39:57.622000,SBX_ANAES_WAVE,flow,,,10,0.0,0.015,0.0052
2026-04-22T11:39:57.622000,SBX_ANAES_WAVE,volume,,,10,0.0,0.0,0.0
2026-04-22T11:39:57.622000,SBX_ANAES_WAVE,pressure,,,10,-0.09,-0.09,-0.09
2026-04-22T11:39:57.622000,SBX_ANAES_WAVE,inspExpMarker,,,0,,,
2026-04-22T11:39:58.022000,SBX_ANAES_WAVE,respGas,,,0,,,
2026-04-22T11:39:58.022000,SBX_ANAES_WAVE,respGas,,,0,,,
2026-04-22T11:39:58.022000,SBX_ANAES_WAVE,flow,,,10,0.0,0.003,0.001
2026-04-22T11:39:58.022000,SBX_ANAES_WAVE,volume,,,10,0.0,0.0,0.0
2026-04-22T11:39:58.022000,SBX_ANAES_WAVE,pressure,,,10,-0.09,-0.09,-0.09
2026-04-22T11:39:58.022000,SBX_ANAES_WAVE,inspExpMarker,,,0,,,
2026-04-22T11:39:58.420000,SBX_ANAES_WAVE,respGas,,,0,,,
2026-04-22T11:39:58.420000,SBX_ANAES_WAVE,respGas,,,0,,,
2026-04-22T11:39:58.420000,SBX_ANAES_WAVE,flow,,,10,0.0,0.002,0.0003
2026-04-22T11:39:58.420000,SBX_ANAES_WAVE,volume,,,10,0.0,0.0,0.0
2026-04-22T11:39:58.420000,SBX_ANAES_WAVE,pressure,,,10,-0.09,-0.09,-0.09
2026-04-22T11:39:58.420000,SBX_ANAES_WAVE,inspExpMarker,,,0,,,
2026-04-22T11:39:58.821000,SBX_ANAES_WAVE,respGas,,,0,,,
2026-04-22T11:39:58.821000,SBX_ANAES_WAVE,respGas,,,0,,,
2026-04-22T11:39:58.821000,SBX_ANAES_WAVE,flow,,,10,0.0,0.008,0.0022
2026-04-22T11:39:58.821000,SBX_ANAES_WAVE,volume,,,10,0.0,0.0,0.0
2026-04-22T11:39:58.821000,SBX_ANAES_WAVE,pressure,,,10,-0.09,-0.09,-0.09
2026-04-22T11:39:58.821000,SBX_ANAES_WAVE,inspExpMarker,,,0,,,
2026-04-22T11:39:59.294000,SBX_ANAES_WAVE,respGas,,,0,,,
2026-04-22T11:39:59.294000,SBX_ANAES_WAVE,respGas,,,0,,,
2026-04-22T11:39:59.294000,SBX_ANAES_WAVE,flow,,,10,0.0,0.004,0.0009
2026-04-22T11:39:59.294000,SBX_ANAES_WAVE,volume,,,10,0.0,0.0,0.0
2026-04-22T11:39:59.294000,SBX_ANAES_WAVE,pressure,,,10,-0.09,-0.05,-0.068
2026-04-22T11:39:59.294000,SBX_ANAES_WAVE,inspExpMarker,,,0,,,
2026-04-22T11:39:59.620000,SBX_ANAES_WAVE,respGas,,,0,,,
2026-04-22T11:39:59.620000,SBX_ANAES_WAVE,respGas,,,0,,,
2026-04-22T11:39:59.620000,SBX_ANAES_WAVE,flow,,,10,0.0,0.004,0.001
2026-04-22T11:39:59.620000,SBX_ANAES_WAVE,volume,,,10,0.0,0.0,0.0
2026-04-22T11:39:59.620000,SBX_ANAES_WAVE,pressure,,,10,-0.09,-0.05,-0.085
2026-04-22T11:39:59.620000,SBX_ANAES_WAVE,inspExpMarker,,,0,,,
2026-04-22T11:40:00.021000,SBX_ANAES_WAVE,respGas,,,0,,,
2026-04-22T11:40:00.021000,SBX_ANAES_WAVE,respGas,,,0,,,
2026-04-22T11:40:00.021000,SBX_ANAES_WAVE,flow,,,10,0.0,0.005,0.0019
2026-04-22T11:40:00.021000,SBX_ANAES_WAVE,volume,,,10,0.0,0.0,0.0
2026-04-22T11:40:00.021000,SBX_ANAES_WAVE,pressure,,,10,-0.09,-0.09,-0.09
2026-04-22T11:40:00.021000,SBX_ANAES_WAVE,inspExpMarker,,,0,,,
2026-04-22T11:40:00.421000,SBX_ANAES_WAVE,respGas,,,0,,,
2026-04-22T11:40:00.421000,SBX_ANAES_WAVE,respGas,,,0,,,
2026-04-22T11:40:00.421000,SBX_ANAES_WAVE,flow,,,10,0.0,0.008,0.0017
2026-04-22T11:40:00.421000,SBX_ANAES_WAVE,volume,,,10,0.0,0.0,0.0
2026-04-22T11:40:00.421000,SBX_ANAES_WAVE,pressure,,,10,-0.09,-0.09,-0.09
2026-04-22T11:40:00.421000,SBX_ANAES_WAVE,inspExpMarker,,,0,,,
2026-04-22T11:40:00.821000,SBX_ANAES_WAVE,respGas,,,0,,,
2026-04-22T11:40:00.821000,SBX_ANAES_WAVE,respGas,,,0,,,
2026-04-22T11:40:00.821000,SBX_ANAES_WAVE,flow,,,10,0.0,0.003,0.0004
2026-04-22T11:40:00.821000,SBX_ANAES_WAVE,volume,,,10,0.0,0.0,0.0
2026-04-22T11:40:00.821000,SBX_ANAES_WAVE,pressure,,,10,-0.09,-0.09,-0.09
2026-04-22T11:40:00.821000,SBX_ANAES_WAVE,inspExpMarker,,,0,,,
2026-04-22T11:40:01.264000,SBX_ANAES_WAVE,respGas,,,0,,,
2026-04-22T11:40:01.264000,SBX_ANAES_WAVE,respGas,,,0,,,
2026-04-22T11:40:01.264000,SBX_ANAES_WAVE,flow,,,10,0.0,0.005,0.0009
2026-04-22T11:40:01.264000,SBX_ANAES_WAVE,volume,,,10,0.0,0.0,0.0
2026-04-22T11:40:01.264000,SBX_ANAES_WAVE,pressure,,,10,-0.09,-0.08,-0.089
2026-04-22T11:40:01.264000,SBX_ANAES_WAVE,inspExpMarker,,,0,,,
2026-04-22T11:40:01.620000,SBX_ANAES_WAVE,respGas,,,0,,,
2026-04-22T11:40:01.620000,SBX_ANAES_WAVE,respGas,,,0,,,
2026-04-22T11:40:01.620000,SBX_ANAES_WAVE,flow,,,10,0.0,0.011,0.0044
2026-04-22T11:40:01.620000,SBX_ANAES_WAVE,volume,,,10,0.0,0.0,0.0
2026-04-22T11:40:01.620000,SBX_ANAES_WAVE,pressure,,,10,-0.09,-0.05,-0.064
2026-04-22T11:40:01.620000,SBX_ANAES_WAVE,inspExpMarker,,,0,,,
2026-04-22T11:40:02.023000,SBX_ANAES_WAVE,respGas,,,0,,,
2026-04-22T11:40:02.023000,SBX_ANAES_WAVE,respGas,,,0,,,
2026-04-22T11:40:02.023000,SBX_ANAES_WAVE,flow,,,10,0.0,0.005,0.0022
2026-04-22T11:40:02.023000,SBX_ANAES_WAVE,volume,,,10,0.0,0.0,0.0
2026-04-22T11:40:02.023000,SBX_ANAES_WAVE,pressure,,,10,-0.09,-0.09,-0.09
2026-04-22T11:40:02.023000,SBX_ANAES_WAVE,inspExpMarker,,,0,,,
2026-04-22T11:40:02.421000,SBX_ANAES_WAVE,respGas,,,0,,,
2026-04-22T11:40:02.421000,SBX_ANAES_WAVE,respGas,,,0,,,
2026-04-22T11:40:02.421000,SBX_ANAES_WAVE,flow,,,10,0.0,0.006,0.0011
2026-04-22T11:40:02.421000,SBX_ANAES_WAVE,volume,,,10,0.0,0.0,0.0
2026-04-22T11:40:02.421000,SBX_ANAES_WAVE,pressure,,,10,-0.09,-0.09,-0.09
2026-04-22T11:40:02.421000,SBX_ANAES_WAVE,inspExpMarker,,,0,,,
2026-04-22T11:40:02.821000,SBX_ANAES_WAVE,respGas,,,0,,,
2026-04-22T11:40:02.821000,SBX_ANAES_WAVE,respGas,,,0,,,
2026-04-22T11:40:02.821000,SBX_ANAES_WAVE,flow,,,10,0.0,0.012,0.0041
2026-04-22T11:40:02.821000,SBX_ANAES_WAVE,volume,,,10,0.0,0.0,0.0
2026-04-22T11:40:02.821000,SBX_ANAES_WAVE,pressure,,,10,-0.09,-0.09,-0.09
2026-04-22T11:40:02.821000,SBX_ANAES_WAVE,inspExpMarker,,,0,,,
2026-04-22T11:40:03.270000,SBX_ANAES_WAVE,respGas,,,0,,,
2026-04-22T11:40:03.270000,SBX_ANAES_WAVE,respGas,,,0,,,
2026-04-22T11:40:03.270000,SBX_ANAES_WAVE,flow,,,10,0.0,0.015,0.0037
2026-04-22T11:40:03.270000,SBX_ANAES_WAVE,volume,,,10,0.0,0.0,0.0
2026-04-22T11:40:03.270000,SBX_ANAES_WAVE,pressure,,,10,-0.09,-0.09,-0.09
2026-04-22T11:40:03.270000,SBX_ANAES_WAVE,inspExpMarker,,,0,,,
2026-04-22T11:40:03.620000,SBX_ANAES_WAVE,respGas,,,0,,,
2026-04-22T11:40:03.620000,SBX_ANAES_WAVE,respGas,,,0,,,
2026-04-22T11:40:03.620000,SBX_ANAES_WAVE,flow,,,10,0.0,0.009,0.0034
2026-04-22T11:40:03.620000,SBX_ANAES_WAVE,volume,,,10,0.0,0.0,0.0
2026-04-22T11:40:03.620000,SBX_ANAES_WAVE,pressure,,,10,-0.09,-0.09,-0.09
2026-04-22T11:40:03.620000,SBX_ANAES_WAVE,inspExpMarker,,,0,,,
2026-04-22T11:40:04.021000,SBX_ANAES_WAVE,respGas,,,0,,,
2026-04-22T11:40:04.021000,SBX_ANAES_WAVE,respGas,,,0,,,
2026-04-22T11:40:04.021000,SBX_ANAES_WAVE,flow,,,10,0.0,0.013,0.0041
2026-04-22T11:40:04.021000,SBX_ANAES_WAVE,volume,,,10,0.0,0.0,0.0
2026-04-22T11:40:04.021000,SBX_ANAES_WAVE,pressure,,,10,-0.09,-0.09,-0.09
2026-04-22T11:40:04.021000,SBX_ANAES_WAVE,inspExpMarker,,,0,,,
2026-04-22T11:40:04.420000,SBX_ANAES_WAVE,respGas,,,0,,,
2026-04-22T11:40:04.420000,SBX_ANAES_WAVE,respGas,,,0,,,
2026-04-22T11:40:04.420000,SBX_ANAES_WAVE,flow,,,10,0.0,0.004,0.0015
2026-04-22T11:40:04.420000,SBX_ANAES_WAVE,volume,,,10,0.0,0.0,0.0
2026-04-22T11:40:04.420000,SBX_ANAES_WAVE,pressure,,,10,-0.09,-0.09,-0.09
2026-04-22T11:40:04.420000,SBX_ANAES_WAVE,inspExpMarker,,,0,,,
2026-04-22T11:40:04.821000,SBX_ANAES_WAVE,respGas,,,0,,,
2026-04-22T11:40:04.821000,SBX_ANAES_WAVE,respGas,,,0,,,
2026-04-22T11:40:04.821000,SBX_ANAES_WAVE,flow,,,10,0.0,0.0,0.0
2026-04-22T11:40:04.821000,SBX_ANAES_WAVE,volume,,,10,0.0,0.0,0.0
2026-04-22T11:40:04.821000,SBX_ANAES_WAVE,pressure,,,10,-0.09,-0.09,-0.09
2026-04-22T11:40:04.821000,SBX_ANAES_WAVE,inspExpMarker,,,0,,,
2026-04-22T11:40:05.280000,SBX_ANAES_WAVE,respGas,,,0,,,
2026-04-22T11:40:05.280000,SBX_ANAES_WAVE,respGas,,,0,,,
2026-04-22T11:40:05.280000,SBX_ANAES_WAVE,flow,,,10,0.0,0.009,0.0015
2026-04-22T11:40:05.280000,SBX_ANAES_WAVE,volume,,,10,0.0,0.0,0.0
2026-04-22T11:40:05.280000,SBX_ANAES_WAVE,pressure,,,10,-0.09,-0.09,-0.09
2026-04-22T11:40:05.280000,SBX_ANAES_WAVE,inspExpMarker,,,0,,,
2026-04-22T11:40:05.623000,SBX_ANAES_WAVE,respGas,,,0,,,
2026-04-22T11:40:05.623000,SBX_ANAES_WAVE,respGas,,,0,,,
2026-04-22T11:40:05.623000,SBX_ANAES_WAVE,flow,,,10,0.0,0.019,0.0053
2026-04-22T11:40:05.623000,SBX_ANAES_WAVE,volume,,,10,0.0,0.0,0.0
2026-04-22T11:40:05.623000,SBX_ANAES_WAVE,pressure,,,10,-0.09,-0.09,-0.09
2026-04-22T11:40:05.623000,SBX_ANAES_WAVE,inspExpMarker,,,0,,,
2026-04-22T11:40:06.021000,SBX_ANAES_WAVE,respGas,,,0,,,
2026-04-22T11:40:06.021000,SBX_ANAES_WAVE,respGas,,,0,,,
2026-04-22T11:40:06.021000,SBX_ANAES_WAVE,flow,,,10,0.0,0.014,0.0016
2026-04-22T11:40:06.021000,SBX_ANAES_WAVE,volume,,,10,0.0,0.0,0.0
2026-04-22T11:40:06.021000,SBX_ANAES_WAVE,pressure,,,10,-0.09,-0.05,-0.081
2026-04-22T11:40:06.021000,SBX_ANAES_WAVE,inspExpMarker,,,0,,,
2026-04-22T11:40:06.420000,SBX_ANAES_WAVE,respGas,,,0,,,
2026-04-22T11:40:06.420000,SBX_ANAES_WAVE,respGas,,,0,,,
2026-04-22T11:40:06.420000,SBX_ANAES_WAVE,flow,,,10,0.0,0.005,0.0019
2026-04-22T11:40:06.420000,SBX_ANAES_WAVE,volume,,,10,0.0,0.0,0.0
2026-04-22T11:40:06.420000,SBX_ANAES_WAVE,pressure,,,10,-0.09,-0.05,-0.074
2026-04-22T11:40:06.420000,SBX_ANAES_WAVE,inspExpMarker,,,0,,,
2026-04-22T11:40:06.820000,SBX_ANAES_WAVE,respGas,,,0,,,
2026-04-22T11:40:06.820000,SBX_ANAES_WAVE,respGas,,,0,,,
2026-04-22T11:40:06.820000,SBX_ANAES_WAVE,flow,,,10,0.0,0.002,0.0008
2026-04-22T11:40:06.820000,SBX_ANAES_WAVE,volume,,,10,0.0,0.0,0.0
2026-04-22T11:40:06.820000,SBX_ANAES_WAVE,pressure,,,10,-0.09,-0.05,-0.069
2026-04-22T11:40:06.820000,SBX_ANAES_WAVE,inspExpMarker,,,0,,,
2026-04-22T11:40:07.277000,SBX_ANAES_WAVE,respGas,,,0,,,
2026-04-22T11:40:07.277000,SBX_ANAES_WAVE,respGas,,,0,,,
2026-04-22T11:40:07.277000,SBX_ANAES_WAVE,flow,,,10,0.0,0.011,0.0034
2026-04-22T11:40:07.277000,SBX_ANAES_WAVE,volume,,,10,0.0,0.0,0.0
2026-04-22T11:40:07.277000,SBX_ANAES_WAVE,pressure,,,10,-0.09,-0.09,-0.09
2026-04-22T11:40:07.277000,SBX_ANAES_WAVE,inspExpMarker,,,0,,,
2026-04-22T11:40:07.619000,SBX_ANAES_WAVE,respGas,,,0,,,
2026-04-22T11:40:07.619000,SBX_ANAES_WAVE,respGas,,,0,,,
2026-04-22T11:40:07.619000,SBX_ANAES_WAVE,flow,,,10,0.0,0.008,0.0018
2026-04-22T11:40:07.619000,SBX_ANAES_WAVE,volume,,,10,0.0,0.0,0.0
2026-04-22T11:40:07.619000,SBX_ANAES_WAVE,pressure,,,10,-0.09,-0.09,-0.09
2026-04-22T11:40:07.619000,SBX_ANAES_WAVE,inspExpMarker,,,0,,,
2026-04-22T11:40:08.020000,SBX_ANAES_WAVE,respGas,,,0,,,
2026-04-22T11:40:08.020000,SBX_ANAES_WAVE,respGas,,,0,,,
2026-04-22T11:40:08.020000,SBX_ANAES_WAVE,flow,,,10,0.0,0.005,0.0012
2026-04-22T11:40:08.020000,SBX_ANAES_WAVE,volume,,,10,0.0,0.0,0.0
2026-04-22T11:40:08.020000,SBX_ANAES_WAVE,pressure,,,10,-0.09,-0.09,-0.09
2026-04-22T11:40:08.020000,SBX_ANAES_WAVE,inspExpMarker,,,0,,,
2026-04-22T11:40:08.420000,SBX_ANAES_WAVE,respGas,,,0,,,
2026-04-22T11:40:08.420000,SBX_ANAES_WAVE,respGas,,,0,,,
2026-04-22T11:40:08.420000,SBX_ANAES_WAVE,flow,,,10,0.0,0.013,0.0042
2026-04-22T11:40:08.420000,SBX_ANAES_WAVE,volume,,,10,0.0,0.0,0.0
2026-04-22T11:40:08.420000,SBX_ANAES_WAVE,pressure,,,10,-0.09,-0.05,-0.062
2026-04-22T11:40:08.420000,SBX_ANAES_WAVE,inspExpMarker,,,0,,,
2026-04-22T11:40:08.820000,SBX_ANAES_WAVE,respGas,,,0,,,
2026-04-22T11:40:08.820000,SBX_ANAES_WAVE,respGas,,,0,,,
2026-04-22T11:40:08.820000,SBX_ANAES_WAVE,flow,,,10,0.0,0.002,0.0011
2026-04-22T11:40:08.820000,SBX_ANAES_WAVE,volume,,,10,0.0,0.0,0.0
2026-04-22T11:40:08.820000,SBX_ANAES_WAVE,pressure,,,10,-0.09,-0.09,-0.09
2026-04-22T11:40:08.820000,SBX_ANAES_WAVE,inspExpMarker,,,0,,,
2026-04-22T11:40:09.273000,SBX_ANAES_WAVE,respGas,,,0,,,
2026-04-22T11:40:09.273000,SBX_ANAES_WAVE,respGas,,,0,,,
2026-04-22T11:40:09.273000,SBX_ANAES_WAVE,flow,,,10,0.0,0.009,0.0026
2026-04-22T11:40:09.273000,SBX_ANAES_WAVE,volume,,,10,0.0,0.0,0.0
2026-04-22T11:40:09.273000,SBX_ANAES_WAVE,pressure,,,10,-0.09,-0.09,-0.09
2026-04-22T11:40:09.273000,SBX_ANAES_WAVE,inspExpMarker,,,0,,,
2026-04-22T11:40:09.624000,SBX_ANAES_WAVE,respGas,,,0,,,
2026-04-22T11:40:09.624000,SBX_ANAES_WAVE,respGas,,,0,,,
2026-04-22T11:40:09.624000,SBX_ANAES_WAVE,flow,,,10,0.0,0.015,0.0045
2026-04-22T11:40:09.624000,SBX_ANAES_WAVE,volume,,,10,0.0,0.0,0.0
2026-04-22T11:40:09.624000,SBX_ANAES_WAVE,pressure,,,10,-0.09,-0.09,-0.09
2026-04-22T11:40:09.624000,SBX_ANAES_WAVE,inspExpMarker,,,0,,,
2026-04-22T11:40:10.021000,SBX_ANAES_WAVE,respGas,,,0,,,
2026-04-22T11:40:10.021000,SBX_ANAES_WAVE,respGas,,,0,,,
2026-04-22T11:40:10.021000,SBX_ANAES_WAVE,flow,,,10,0.0,0.004,0.0012
2026-04-22T11:40:10.021000,SBX_ANAES_WAVE,volume,,,10,0.0,0.0,0.0
2026-04-22T11:40:10.021000,SBX_ANAES_WAVE,pressure,,,10,-0.09,-0.09,-0.09
2026-04-22T11:40:10.021000,SBX_ANAES_WAVE,inspExpMarker,,,0,,,
2026-04-22T11:40:10.420000,SBX_ANAES_WAVE,respGas,,,0,,,
2026-04-22T11:40:10.420000,SBX_ANAES_WAVE,respGas,,,0,,,
2026-04-22T11:40:10.420000,SBX_ANAES_WAVE,flow,,,10,0.0,0.006,0.0013
2026-04-22T11:40:10.420000,SBX_ANAES_WAVE,volume,,,10,0.0,0.0,0.0
2026-04-22T11:40:10.420000,SBX_ANAES_WAVE,pressure,,,10,-0.09,-0.05,-0.062
2026-04-22T11:40:10.420000,SBX_ANAES_WAVE,inspExpMarker,,,0,,,
2026-04-22T11:40:10.820000,SBX_ANAES_WAVE,respGas,,,0,,,
2026-04-22T11:40:10.820000,SBX_ANAES_WAVE,respGas,,,0,,,
2026-04-22T11:40:10.820000,SBX_ANAES_WAVE,flow,,,10,0.002,0.013,0.0066
2026-04-22T11:40:10.820000,SBX_ANAES_WAVE,volume,,,10,0.0,0.0,0.0
2026-04-22T11:40:10.820000,SBX_ANAES_WAVE,pressure,,,10,-0.09,-0.09,-0.09
2026-04-22T11:40:10.820000,SBX_ANAES_WAVE,inspExpMarker,,,0,,,
2026-04-22T11:40:11.275000,SBX_ANAES_WAVE,respGas,,,0,,,
2026-04-22T11:40:11.275000,SBX_ANAES_WAVE,respGas,,,0,,,
2026-04-22T11:40:11.275000,SBX_ANAES_WAVE,flow,,,10,0.0,0.004,0.0007
2026-04-22T11:40:11.275000,SBX_ANAES_WAVE,volume,,,10,0.0,0.0,0.0
2026-04-22T11:40:11.275000,SBX_ANAES_WAVE,pressure,,,10,-0.09,-0.09,-0.09
2026-04-22T11:40:11.275000,SBX_ANAES_WAVE,inspExpMarker,,,0,,,
2026-04-22T11:40:11.626000,SBX_ANAES_WAVE,respGas,,,0,,,
2026-04-22T11:40:11.626000,SBX_ANAES_WAVE,respGas,,,0,,,
2026-04-22T11:40:11.626000,SBX_ANAES_WAVE,flow,,,10,0.0,0.005,0.0021
2026-04-22T11:40:11.626000,SBX_ANAES_WAVE,volume,,,10,0.0,0.0,0.0
2026-04-22T11:40:11.626000,SBX_ANAES_WAVE,pressure,,,10,-0.09,-0.09,-0.09
2026-04-22T11:40:11.626000,SBX_ANAES_WAVE,inspExpMarker,,,0,,,
2026-04-22T11:40:12.021000,SBX_ANAES_WAVE,respGas,,,0,,,
2026-04-22T11:40:12.021000,SBX_ANAES_WAVE,respGas,,,0,,,
2026-04-22T11:40:12.021000,SBX_ANAES_WAVE,flow,,,10,0.0,0.005,0.0021
2026-04-22T11:40:12.021000,SBX_ANAES_WAVE,volume,,,10,0.0,0.0,0.0
2026-04-22T11:40:12.021000,SBX_ANAES_WAVE,pressure,,,10,-0.09,-0.09,-0.09
2026-04-22T11:40:12.021000,SBX_ANAES_WAVE,inspExpMarker,,,0,,,
2026-04-22T11:40:12.420000,SBX_ANAES_WAVE,respGas,,,0,,,
2026-04-22T11:40:12.420000,SBX_ANAES_WAVE,respGas,,,0,,,
2026-04-22T11:40:12.420000,SBX_ANAES_WAVE,flow,,,10,0.0,0.002,0.0005
2026-04-22T11:40:12.420000,SBX_ANAES_WAVE,volume,,,10,0.0,0.0,0.0
2026-04-22T11:40:12.420000,SBX_ANAES_WAVE,pressure,,,10,-0.09,-0.09,-0.09
2026-04-22T11:40:12.420000,SBX_ANAES_WAVE,inspExpMarker,,,0,,,
2026-04-22T11:40:12.824000,SBX_ANAES_WAVE,respGas,,,0,,,
2026-04-22T11:40:12.824000,SBX_ANAES_WAVE,respGas,,,0,,,
2026-04-22T11:40:12.824000,SBX_ANAES_WAVE,flow,,,10,0.0,0.008,0.0029
2026-04-22T11:40:12.824000,SBX_ANAES_WAVE,volume,,,10,0.0,0.0,0.0
2026-04-22T11:40:12.824000,SBX_ANAES_WAVE,pressure,,,10,-0.09,-0.09,-0.09
2026-04-22T11:40:12.824000,SBX_ANAES_WAVE,inspExpMarker,,,0,,,
2026-04-22T11:40:13.271000,SBX_ANAES_WAVE,respGas,,,0,,,
2026-04-22T11:40:13.271000,SBX_ANAES_WAVE,respGas,,,0,,,
2026-04-22T11:40:13.271000,SBX_ANAES_WAVE,flow,,,10,0.0,0.005,0.0026
2026-04-22T11:40:13.271000,SBX_ANAES_WAVE,volume,,,10,0.0,0.0,0.0
2026-04-22T11:40:13.271000,SBX_ANAES_WAVE,pressure,,,10,-0.09,-0.05,-0.079
2026-04-22T11:40:13.271000,SBX_ANAES_WAVE,inspExpMarker,,,0,,,
2026-04-22T11:40:13.620000,SBX_ANAES_WAVE,respGas,,,0,,,
2026-04-22T11:40:13.620000,SBX_ANAES_WAVE,respGas,,,0,,,
2026-04-22T11:40:13.620000,SBX_ANAES_WAVE,flow,,,10,0.0,0.005,0.0011
2026-04-22T11:40:13.620000,SBX_ANAES_WAVE,volume,,,10,0.0,0.0,0.0
2026-04-22T11:40:13.620000,SBX_ANAES_WAVE,pressure,,,10,-0.09,-0.05,-0.077
2026-04-22T11:40:13.620000,SBX_ANAES_WAVE,inspExpMarker,,,0,,,
2026-04-22T11:40:14.020000,SBX_ANAES_WAVE,respGas,,,0,,,
2026-04-22T11:40:14.020000,SBX_ANAES_WAVE,respGas,,,0,,,
2026-04-22T11:40:14.020000,SBX_ANAES_WAVE,flow,,,10,0.0,0.011,0.0028
2026-04-22T11:40:14.020000,SBX_ANAES_WAVE,volume,,,10,0.0,0.0,0.0
2026-04-22T11:40:14.020000,SBX_ANAES_WAVE,pressure,,,10,-0.09,-0.09,-0.09
2026-04-22T11:40:14.020000,SBX_ANAES_WAVE,inspExpMarker,,,0,,,
2026-04-22T11:40:14.419000,SBX_ANAES_WAVE,respGas,,,0,,,
2026-04-22T11:40:14.419000,SBX_ANAES_WAVE,respGas,,,0,,,
2026-04-22T11:40:14.419000,SBX_ANAES_WAVE,flow,,,10,0.0,0.009,0.0043
2026-04-22T11:40:14.419000,SBX_ANAES_WAVE,volume,,,10,0.0,0.0,0.0
2026-04-22T11:40:14.419000,SBX_ANAES_WAVE,pressure,,,10,-0.09,-0.09,-0.09
2026-04-22T11:40:14.419000,SBX_ANAES_WAVE,inspExpMarker,,,0,,,
2026-04-22T11:40:14.820000,SBX_ANAES_WAVE,respGas,,,0,,,
2026-04-22T11:40:14.820000,SBX_ANAES_WAVE,respGas,,,0,,,
2026-04-22T11:40:14.820000,SBX_ANAES_WAVE,flow,,,10,0.0,0.027,0.0074
2026-04-22T11:40:14.820000,SBX_ANAES_WAVE,volume,,,10,0.0,0.0,0.0
2026-04-22T11:40:14.820000,SBX_ANAES_WAVE,pressure,,,10,-0.09,-0.05,-0.062
2026-04-22T11:40:14.820000,SBX_ANAES_WAVE,inspExpMarker,,,0,,,
2026-04-22T11:40:15.279000,SBX_ANAES_WAVE,respGas,,,0,,,
2026-04-22T11:40:15.279000,SBX_ANAES_WAVE,respGas,,,0,,,
2026-04-22T11:40:15.279000,SBX_ANAES_WAVE,flow,,,10,0.0,0.001,0.0002
2026-04-22T11:40:15.279000,SBX_ANAES_WAVE,volume,,,10,0.0,0.0,0.0
2026-04-22T11:40:15.279000,SBX_ANAES_WAVE,pressure,,,10,-0.09,-0.09,-0.09
2026-04-22T11:40:15.279000,SBX_ANAES_WAVE,inspExpMarker,,,0,,,
2026-04-22T11:40:15.620000,SBX_ANAES_WAVE,respGas,,,0,,,
2026-04-22T11:40:15.620000,SBX_ANAES_WAVE,respGas,,,0,,,
2026-04-22T11:40:15.620000,SBX_ANAES_WAVE,flow,,,10,0.0,0.014,0.0049
2026-04-22T11:40:15.620000,SBX_ANAES_WAVE,volume,,,10,0.0,0.0,0.0
2026-04-22T11:40:15.620000,SBX_ANAES_WAVE,pressure,,,10,-0.09,-0.09,-0.09
2026-04-22T11:40:15.620000,SBX_ANAES_WAVE,inspExpMarker,,,0,,,
2026-04-22T11:40:16.020000,SBX_ANAES_WAVE,respGas,,,0,,,
2026-04-22T11:40:16.020000,SBX_ANAES_WAVE,respGas,,,0,,,
2026-04-22T11:40:16.020000,SBX_ANAES_WAVE,flow,,,10,0.0,0.003,0.0005
2026-04-22T11:40:16.020000,SBX_ANAES_WAVE,volume,,,10,0.0,0.0,0.0
2026-04-22T11:40:16.020000,SBX_ANAES_WAVE,pressure,,,10,-0.09,-0.09,-0.09
2026-04-22T11:40:16.020000,SBX_ANAES_WAVE,inspExpMarker,,,0,,,
2026-04-22T11:40:16.421000,SBX_ANAES_WAVE,respGas,,,0,,,
2026-04-22T11:40:16.421000,SBX_ANAES_WAVE,respGas,,,0,,,
2026-04-22T11:40:16.421000,SBX_ANAES_WAVE,flow,,,10,0.0,0.007,0.0012
2026-04-22T11:40:16.421000,SBX_ANAES_WAVE,volume,,,10,0.0,0.0,0.0
2026-04-22T11:40:16.421000,SBX_ANAES_WAVE,pressure,,,10,-0.09,-0.08,-0.089
2026-04-22T11:40:16.421000,SBX_ANAES_WAVE,inspExpMarker,,,0,,,
2026-04-22T11:40:16.819000,SBX_ANAES_WAVE,respGas,,,0,,,
2026-04-22T11:40:16.819000,SBX_ANAES_WAVE,respGas,,,0,,,
2026-04-22T11:40:16.819000,SBX_ANAES_WAVE,flow,,,10,0.0,0.006,0.0012
2026-04-22T11:40:16.819000,SBX_ANAES_WAVE,volume,,,10,0.0,0.0,0.0
2026-04-22T11:40:16.819000,SBX_ANAES_WAVE,pressure,,,10,-0.09,-0.05,-0.069
2026-04-22T11:40:16.819000,SBX_ANAES_WAVE,inspExpMarker,,,0,,,
2026-04-22T11:40:17.276000,SBX_ANAES_WAVE,respGas,,,0,,,
2026-04-22T11:40:17.276000,SBX_ANAES_WAVE,respGas,,,0,,,
2026-04-22T11:40:17.276000,SBX_ANAES_WAVE,flow,,,10,0.0,0.003,0.0007
2026-04-22T11:40:17.276000,SBX_ANAES_WAVE,volume,,,10,0.0,0.0,0.0
2026-04-22T11:40:17.276000,SBX_ANAES_WAVE,pressure,,,10,-0.09,-0.09,-0.09
2026-04-22T11:40:17.276000,SBX_ANAES_WAVE,inspExpMarker,,,0,,,
2026-04-22T11:40:17.619000,SBX_ANAES_WAVE,respGas,,,0,,,
2026-04-22T11:40:17.619000,SBX_ANAES_WAVE,respGas,,,0,,,
2026-04-22T11:40:17.619000,SBX_ANAES_WAVE,flow,,,10,0.0,0.01,0.0043
2026-04-22T11:40:17.619000,SBX_ANAES_WAVE,volume,,,10,0.0,0.0,0.0
2026-04-22T11:40:17.619000,SBX_ANAES_WAVE,pressure,,,10,-0.09,-0.09,-0.09
2026-04-22T11:40:17.619000,SBX_ANAES_WAVE,inspExpMarker,,,0,,,
2026-04-22T11:40:18.019000,SBX_ANAES_WAVE,respGas,,,0,,,
2026-04-22T11:40:18.019000,SBX_ANAES_WAVE,respGas,,,0,,,
2026-04-22T11:40:18.019000,SBX_ANAES_WAVE,flow,,,10,0.0,0.003,0.0003
2026-04-22T11:40:18.019000,SBX_ANAES_WAVE,volume,,,10,0.0,0.0,0.0
2026-04-22T11:40:18.019000,SBX_ANAES_WAVE,pressure,,,10,-0.09,-0.09,-0.09
2026-04-22T11:40:18.019000,SBX_ANAES_WAVE,inspExpMarker,,,0,,,
2026-04-22T11:40:18.420000,SBX_ANAES_WAVE,respGas,,,0,,,
2026-04-22T11:40:18.420000,SBX_ANAES_WAVE,respGas,,,0,,,
2026-04-22T11:40:18.420000,SBX_ANAES_WAVE,flow,,,10,0.0,0.014,0.0034
2026-04-22T11:40:18.420000,SBX_ANAES_WAVE,volume,,,10,0.0,0.0,0.0
2026-04-22T11:40:18.420000,SBX_ANAES_WAVE,pressure,,,10,-0.09,-0.06,-0.083
2026-04-22T11:40:18.420000,SBX_ANAES_WAVE,inspExpMarker,,,0,,,
2026-04-22T11:40:18.833000,SBX_ANAES_WAVE,respGas,,,0,,,
2026-04-22T11:40:18.833000,SBX_ANAES_WAVE,respGas,,,0,,,
2026-04-22T11:40:18.833000,SBX_ANAES_WAVE,flow,,,10,0.0,0.004,0.0016
2026-04-22T11:40:18.833000,SBX_ANAES_WAVE,volume,,,10,0.0,0.0,0.0
2026-04-22T11:40:18.833000,SBX_ANAES_WAVE,pressure,,,10,-0.09,-0.05,-0.072
2026-04-22T11:40:18.833000,SBX_ANAES_WAVE,inspExpMarker,,,0,,,
2026-04-22T11:40:19.283000,SBX_ANAES_WAVE,respGas,,,0,,,
2026-04-22T11:40:19.283000,SBX_ANAES_WAVE,respGas,,,0,,,
2026-04-22T11:40:19.283000,SBX_ANAES_WAVE,flow,,,10,0.0,0.013,0.0043
2026-04-22T11:40:19.283000,SBX_ANAES_WAVE,volume,,,10,0.0,0.0,0.0
2026-04-22T11:40:19.283000,SBX_ANAES_WAVE,pressure,,,10,-0.09,-0.09,-0.09
2026-04-22T11:40:19.283000,SBX_ANAES_WAVE,inspExpMarker,,,0,,,
2026-04-22T11:40:19.620000,SBX_ANAES_WAVE,respGas,,,0,,,
2026-04-22T11:40:19.620000,SBX_ANAES_WAVE,respGas,,,0,,,
2026-04-22T11:40:19.620000,SBX_ANAES_WAVE,flow,,,10,0.0,0.015,0.007
2026-04-22T11:40:19.620000,SBX_ANAES_WAVE,volume,,,10,0.0,0.0,0.0
2026-04-22T11:40:19.620000,SBX_ANAES_WAVE,pressure,,,10,-0.09,-0.09,-0.09
2026-04-22T11:40:19.620000,SBX_ANAES_WAVE,inspExpMarker,,,0,,,
2026-04-22T11:40:20.019000,SBX_ANAES_WAVE,respGas,,,0,,,
2026-04-22T11:40:20.019000,SBX_ANAES_WAVE,respGas,,,0,,,
2026-04-22T11:40:20.019000,SBX_ANAES_WAVE,flow,,,10,0.0,0.028,0.0134
2026-04-22T11:40:20.019000,SBX_ANAES_WAVE,volume,,,10,0.0,0.0,0.0
2026-04-22T11:40:20.019000,SBX_ANAES_WAVE,pressure,,,10,-0.09,-0.09,-0.09
2026-04-22T11:40:20.019000,SBX_ANAES_WAVE,inspExpMarker,,,0,,,
2026-04-22T11:40:20.432000,SBX_ANAES_WAVE,respGas,,,0,,,
2026-04-22T11:40:20.432000,SBX_ANAES_WAVE,respGas,,,0,,,
2026-04-22T11:40:20.432000,SBX_ANAES_WAVE,flow,,,10,0.0,0.011,0.0028
2026-04-22T11:40:20.432000,SBX_ANAES_WAVE,volume,,,10,0.0,0.0,0.0
2026-04-22T11:40:20.432000,SBX_ANAES_WAVE,pressure,,,10,-0.09,-0.09,-0.09
2026-04-22T11:40:20.432000,SBX_ANAES_WAVE,inspExpMarker,,,0,,,
2026-04-22T11:40:20.819000,SBX_ANAES_WAVE,respGas,,,0,,,
2026-04-22T11:40:20.819000,SBX_ANAES_WAVE,respGas,,,0,,,
2026-04-22T11:40:20.819000,SBX_ANAES_WAVE,flow,,,10,0.0,0.002,0.0002
2026-04-22T11:40:20.819000,SBX_ANAES_WAVE,volume,,,10,0.0,0.0,0.0
2026-04-22T11:40:20.819000,SBX_ANAES_WAVE,pressure,,,10,-0.09,-0.09,-0.09
2026-04-22T11:40:20.819000,SBX_ANAES_WAVE,inspExpMarker,,,0,,,
2026-04-22T11:40:21.265000,SBX_ANAES_WAVE,respGas,,,0,,,
2026-04-22T11:40:21.265000,SBX_ANAES_WAVE,respGas,,,0,,,
2026-04-22T11:40:21.265000,SBX_ANAES_WAVE,flow,,,10,0.0,0.005,0.0017
2026-04-22T11:40:21.265000,SBX_ANAES_WAVE,volume,,,10,0.0,0.0,0.0
2026-04-22T11:40:21.265000,SBX_ANAES_WAVE,pressure,,,10,-0.09,-0.09,-0.09
2026-04-22T11:40:21.265000,SBX_ANAES_WAVE,inspExpMarker,,,0,,,
2026-04-22T11:40:21.623000,SBX_ANAES_WAVE,respGas,,,0,,,
2026-04-22T11:40:21.623000,SBX_ANAES_WAVE,respGas,,,0,,,
2026-04-22T11:40:21.623000,SBX_ANAES_WAVE,flow,,,10,0.0,0.004,0.0011
2026-04-22T11:40:21.623000,SBX_ANAES_WAVE,volume,,,10,0.0,0.0,0.0
2026-04-22T11:40:21.623000,SBX_ANAES_WAVE,pressure,,,10,-0.09,-0.09,-0.09
2026-04-22T11:40:21.623000,SBX_ANAES_WAVE,inspExpMarker,,,0,,,
2026-04-22T11:40:22.031000,SBX_ANAES_WAVE,respGas,,,0,,,
2026-04-22T11:40:22.031000,SBX_ANAES_WAVE,respGas,,,0,,,
2026-04-22T11:40:22.031000,SBX_ANAES_WAVE,flow,,,10,0.0,0.002,0.0007
2026-04-22T11:40:22.031000,SBX_ANAES_WAVE,volume,,,10,0.0,0.0,0.0
2026-04-22T11:40:22.031000,SBX_ANAES_WAVE,pressure,,,10,-0.09,-0.09,-0.09
2026-04-22T11:40:22.031000,SBX_ANAES_WAVE,inspExpMarker,,,0,,,
2026-04-22T11:40:22.420000,SBX_ANAES_WAVE,respGas,,,0,,,
2026-04-22T11:40:22.420000,SBX_ANAES_WAVE,respGas,,,0,,,
2026-04-22T11:40:22.420000,SBX_ANAES_WAVE,flow,,,10,0.0,0.007,0.0021
2026-04-22T11:40:22.420000,SBX_ANAES_WAVE,volume,,,10,0.0,0.0,0.0
2026-04-22T11:40:22.420000,SBX_ANAES_WAVE,pressure,,,10,-0.09,-0.09,-0.09
2026-04-22T11:40:22.420000,SBX_ANAES_WAVE,inspExpMarker,,,0,,,
2026-04-22T11:40:22.823000,SBX_ANAES_WAVE,respGas,,,0,,,
2026-04-22T11:40:22.823000,SBX_ANAES_WAVE,respGas,,,0,,,
2026-04-22T11:40:22.823000,SBX_ANAES_WAVE,flow,,,10,0.0,0.019,0.0037
2026-04-22T11:40:22.823000,SBX_ANAES_WAVE,volume,,,10,0.0,0.0,0.0
2026-04-22T11:40:22.823000,SBX_ANAES_WAVE,pressure,,,10,-0.09,-0.09,-0.09
2026-04-22T11:40:22.823000,SBX_ANAES_WAVE,inspExpMarker,,,0,,,
2026-04-22T11:40:23.264000,SBX_ANAES_WAVE,respGas,,,0,,,
2026-04-22T11:40:23.264000,SBX_ANAES_WAVE,respGas,,,0,,,
2026-04-22T11:40:23.264000,SBX_ANAES_WAVE,flow,,,10,0.0,0.011,0.0019
2026-04-22T11:40:23.264000,SBX_ANAES_WAVE,volume,,,10,0.0,0.0,0.0
2026-04-22T11:40:23.264000,SBX_ANAES_WAVE,pressure,,,10,-0.09,-0.09,-0.09
2026-04-22T11:40:23.264000,SBX_ANAES_WAVE,inspExpMarker,,,0,,,
2026-04-22T11:40:23.620000,SBX_ANAES_WAVE,respGas,,,0,,,
2026-04-22T11:40:23.620000,SBX_ANAES_WAVE,respGas,,,0,,,
2026-04-22T11:40:23.620000,SBX_ANAES_WAVE,flow,,,10,0.0,0.004,0.0006
2026-04-22T11:40:23.620000,SBX_ANAES_WAVE,volume,,,10,0.0,0.0,0.0
2026-04-22T11:40:23.620000,SBX_ANAES_WAVE,pressure,,,10,-0.09,-0.09,-0.09
2026-04-22T11:40:23.620000,SBX_ANAES_WAVE,inspExpMarker,,,0,,,
2026-04-22T11:40:24.020000,SBX_ANAES_WAVE,respGas,,,0,,,
2026-04-22T11:40:24.020000,SBX_ANAES_WAVE,respGas,,,0,,,
2026-04-22T11:40:24.020000,SBX_ANAES_WAVE,flow,,,10,0.0,0.002,0.0005
2026-04-22T11:40:24.020000,SBX_ANAES_WAVE,volume,,,10,0.0,0.0,0.0
2026-04-22T11:40:24.020000,SBX_ANAES_WAVE,pressure,,,10,-0.09,-0.09,-0.09
2026-04-22T11:40:24.020000,SBX_ANAES_WAVE,inspExpMarker,,,0,,,
2026-04-22T11:40:24.419000,SBX_ANAES_WAVE,respGas,,,0,,,
2026-04-22T11:40:24.419000,SBX_ANAES_WAVE,respGas,,,0,,,
2026-04-22T11:40:24.419000,SBX_ANAES_WAVE,flow,,,10,0.0,0.01,0.0037
2026-04-22T11:40:24.419000,SBX_ANAES_WAVE,volume,,,10,0.0,0.0,0.0
2026-04-22T11:40:24.419000,SBX_ANAES_WAVE,pressure,,,10,-0.09,-0.09,-0.09
2026-04-22T11:40:24.419000,SBX_ANAES_WAVE,inspExpMarker,,,0,,,
2026-04-22T11:40:24.824000,SBX_ANAES_WAVE,respGas,,,0,,,
2026-04-22T11:40:24.824000,SBX_ANAES_WAVE,respGas,,,0,,,
2026-04-22T11:40:24.824000,SBX_ANAES_WAVE,flow,,,10,0.0,0.013,0.0019
2026-04-22T11:40:24.824000,SBX_ANAES_WAVE,volume,,,10,0.0,0.0,0.0
2026-04-22T11:40:24.824000,SBX_ANAES_WAVE,pressure,,,10,-0.09,-0.09,-0.09
2026-04-22T11:40:24.824000,SBX_ANAES_WAVE,inspExpMarker,,,0,,,
2026-04-22T11:40:25.275000,SBX_ANAES_WAVE,respGas,,,0,,,
2026-04-22T11:40:25.275000,SBX_ANAES_WAVE,respGas,,,0,,,
2026-04-22T11:40:25.275000,SBX_ANAES_WAVE,flow,,,10,0.0,0.0,0.0
2026-04-22T11:40:25.275000,SBX_ANAES_WAVE,volume,,,10,0.0,0.0,0.0
2026-04-22T11:40:25.275000,SBX_ANAES_WAVE,pressure,,,10,-0.09,-0.09,-0.09
2026-04-22T11:40:25.275000,SBX_ANAES_WAVE,inspExpMarker,,,0,,,
2026-04-22T11:40:25.618000,SBX_ANAES_WAVE,respGas,,,0,,,
2026-04-22T11:40:25.618000,SBX_ANAES_WAVE,respGas,,,0,,,
2026-04-22T11:40:25.618000,SBX_ANAES_WAVE,flow,,,10,0.0,0.002,0.0004
2026-04-22T11:40:25.618000,SBX_ANAES_WAVE,volume,,,10,0.0,0.0,0.0
2026-04-22T11:40:25.618000,SBX_ANAES_WAVE,pressure,,,10,-0.09,-0.09,-0.09
2026-04-22T11:40:25.618000,SBX_ANAES_WAVE,inspExpMarker,,,0,,,
2026-04-22T11:40:26.022000,SBX_ANAES_WAVE,respGas,,,0,,,
2026-04-22T11:40:26.022000,SBX_ANAES_WAVE,respGas,,,0,,,
2026-04-22T11:40:26.022000,SBX_ANAES_WAVE,flow,,,10,0.0,0.002,0.0005
2026-04-22T11:40:26.022000,SBX_ANAES_WAVE,volume,,,10,0.0,0.0,0.0
2026-04-22T11:40:26.022000,SBX_ANAES_WAVE,pressure,,,10,-0.09,-0.09,-0.09
2026-04-22T11:40:26.022000,SBX_ANAES_WAVE,inspExpMarker,,,0,,,
2026-04-22T11:40:26.431000,SBX_ANAES_WAVE,respGas,,,0,,,
2026-04-22T11:40:26.431000,SBX_ANAES_WAVE,respGas,,,0,,,
2026-04-22T11:40:26.431000,SBX_ANAES_WAVE,flow,,,10,0.0,0.001,0.0002
2026-04-22T11:40:26.431000,SBX_ANAES_WAVE,volume,,,10,0.0,0.0,0.0
2026-04-22T11:40:26.431000,SBX_ANAES_WAVE,pressure,,,10,-0.09,-0.09,-0.09
2026-04-22T11:40:26.431000,SBX_ANAES_WAVE,inspExpMarker,,,0,,,
2026-04-22T11:40:26.819000,SBX_ANAES_WAVE,respGas,,,0,,,
2026-04-22T11:40:26.819000,SBX_ANAES_WAVE,respGas,,,0,,,
2026-04-22T11:40:26.819000,SBX_ANAES_WAVE,flow,,,10,0.0,0.008,0.0027
2026-04-22T11:40:26.819000,SBX_ANAES_WAVE,volume,,,10,0.0,0.0,0.0
2026-04-22T11:40:26.819000,SBX_ANAES_WAVE,pressure,,,10,-0.09,-0.09,-0.09
2026-04-22T11:40:26.819000,SBX_ANAES_WAVE,inspExpMarker,,,0,,,
2026-04-22T11:40:27.270000,SBX_ANAES_WAVE,respGas,,,0,,,
2026-04-22T11:40:27.270000,SBX_ANAES_WAVE,respGas,,,0,,,
2026-04-22T11:40:27.270000,SBX_ANAES_WAVE,flow,,,10,0.0,0.01,0.0026
2026-04-22T11:40:27.270000,SBX_ANAES_WAVE,volume,,,10,0.0,0.0,0.0
2026-04-22T11:40:27.270000,SBX_ANAES_WAVE,pressure,,,10,-0.09,-0.09,-0.09
2026-04-22T11:40:27.270000,SBX_ANAES_WAVE,inspExpMarker,,,0,,,
2026-04-22T11:40:27.619000,SBX_ANAES_WAVE,respGas,,,0,,,
2026-04-22T11:40:27.619000,SBX_ANAES_WAVE,respGas,,,0,,,
2026-04-22T11:40:27.619000,SBX_ANAES_WAVE,flow,,,10,0.001,0.255,0.1397
2026-04-22T11:40:27.619000,SBX_ANAES_WAVE,volume,,,10,0.0,1.0,0.3
2026-04-22T11:40:27.619000,SBX_ANAES_WAVE,pressure,,,10,-0.09,-0.09,-0.09
2026-04-22T11:40:27.619000,SBX_ANAES_WAVE,inspExpMarker,,,0,,,
2026-04-22T11:40:28.024000,SBX_ANAES_WAVE,respGas,,,0,,,
2026-04-22T11:40:28.024000,SBX_ANAES_WAVE,respGas,,,0,,,
2026-04-22T11:40:28.024000,SBX_ANAES_WAVE,flow,,,10,-0.048,0.222,0.0454
2026-04-22T11:40:28.024000,SBX_ANAES_WAVE,volume,,,10,1.0,1.0,1.0
2026-04-22T11:40:28.024000,SBX_ANAES_WAVE,pressure,,,10,-0.09,-0.05,-0.066
2026-04-22T11:40:28.024000,SBX_ANAES_WAVE,inspExpMarker,,,0,,,
2026-04-22T11:40:28.419000,SBX_ANAES_WAVE,respGas,,,0,,,
2026-04-22T11:40:28.419000,SBX_ANAES_WAVE,respGas,,,0,,,
2026-04-22T11:40:28.419000,SBX_ANAES_WAVE,flow,,,10,0.0,0.372,0.0701
2026-04-22T11:40:28.419000,SBX_ANAES_WAVE,volume,,,10,1.0,2.0,1.1
2026-04-22T11:40:28.419000,SBX_ANAES_WAVE,pressure,,,10,-0.09,-0.08,-0.088
2026-04-22T11:40:28.419000,SBX_ANAES_WAVE,inspExpMarker,,,0,,,
2026-04-22T11:40:28.819000,SBX_ANAES_WAVE,respGas,,,0,,,
2026-04-22T11:40:28.819000,SBX_ANAES_WAVE,respGas,,,0,,,
2026-04-22T11:40:28.819000,SBX_ANAES_WAVE,flow,,,10,0.0,0.05,0.0079
2026-04-22T11:40:28.819000,SBX_ANAES_WAVE,volume,,,10,2.0,2.0,2.0
2026-04-22T11:40:28.819000,SBX_ANAES_WAVE,pressure,,,10,-0.09,-0.09,-0.09
2026-04-22T11:40:28.819000,SBX_ANAES_WAVE,inspExpMarker,,,0,,,
2026-04-22T11:40:29.278000,SBX_ANAES_WAVE,respGas,,,0,,,
2026-04-22T11:40:29.278000,SBX_ANAES_WAVE,respGas,,,0,,,
2026-04-22T11:40:29.278000,SBX_ANAES_WAVE,flow,,,10,0.0,0.0,0.0
2026-04-22T11:40:29.278000,SBX_ANAES_WAVE,volume,,,10,2.0,2.0,2.0
2026-04-22T11:40:29.278000,SBX_ANAES_WAVE,pressure,,,10,-0.09,-0.09,-0.09
2026-04-22T11:40:29.278000,SBX_ANAES_WAVE,inspExpMarker,,,0,,,
2026-04-22T11:40:29.621000,SBX_ANAES_WAVE,respGas,,,0,,,
2026-04-22T11:40:29.621000,SBX_ANAES_WAVE,respGas,,,0,,,
2026-04-22T11:40:29.621000,SBX_ANAES_WAVE,flow,,,10,0.0,0.0,0.0
2026-04-22T11:40:29.621000,SBX_ANAES_WAVE,volume,,,10,2.0,2.0,2.0
2026-04-22T11:40:29.621000,SBX_ANAES_WAVE,pressure,,,10,-0.09,-0.09,-0.09
2026-04-22T11:40:29.621000,SBX_ANAES_WAVE,inspExpMarker,,,0,,,
2026-04-22T11:40:30.023000,SBX_ANAES_WAVE,respGas,,,0,,,
2026-04-22T11:40:30.023000,SBX_ANAES_WAVE,respGas,,,0,,,
2026-04-22T11:40:30.023000,SBX_ANAES_WAVE,flow,,,10,0.0,0.001,0.0002
2026-04-22T11:40:30.023000,SBX_ANAES_WAVE,volume,,,10,2.0,2.0,2.0
2026-04-22T11:40:30.023000,SBX_ANAES_WAVE,pressure,,,10,-0.09,-0.05,-0.066
2026-04-22T11:40:30.023000,SBX_ANAES_WAVE,inspExpMarker,,,0,,,
2026-04-22T11:40:30.419000,SBX_ANAES_WAVE,respGas,,,0,,,
2026-04-22T11:40:30.419000,SBX_ANAES_WAVE,respGas,,,0,,,
2026-04-22T11:40:30.419000,SBX_ANAES_WAVE,flow,,,10,0.0,0.001,0.0002
2026-04-22T11:40:30.419000,SBX_ANAES_WAVE,volume,,,10,2.0,2.0,2.0
2026-04-22T11:40:30.419000,SBX_ANAES_WAVE,pressure,,,10,-0.09,-0.09,-0.09
2026-04-22T11:40:30.419000,SBX_ANAES_WAVE,inspExpMarker,,,0,,,
2026-04-22T11:40:30.822000,SBX_ANAES_WAVE,respGas,,,0,,,
2026-04-22T11:40:30.822000,SBX_ANAES_WAVE,respGas,,,0,,,
2026-04-22T11:40:30.822000,SBX_ANAES_WAVE,flow,,,10,0.0,0.0,0.0
2026-04-22T11:40:30.822000,SBX_ANAES_WAVE,volume,,,10,2.0,2.0,2.0
2026-04-22T11:40:30.822000,SBX_ANAES_WAVE,pressure,,,10,-0.09,-0.09,-0.09
2026-04-22T11:40:30.822000,SBX_ANAES_WAVE,inspExpMarker,,,0,,,
2026-04-22T11:40:31.276000,SBX_ANAES_WAVE,respGas,,,0,,,
2026-04-22T11:40:31.276000,SBX_ANAES_WAVE,respGas,,,0,,,
2026-04-22T11:40:31.276000,SBX_ANAES_WAVE,flow,,,10,0.0,0.001,0.0002
2026-04-22T11:40:31.276000,SBX_ANAES_WAVE,volume,,,10,2.0,2.0,2.0
2026-04-22T11:40:31.276000,SBX_ANAES_WAVE,pressure,,,10,-0.09,-0.09,-0.09
2026-04-22T11:40:31.276000,SBX_ANAES_WAVE,inspExpMarker,,,0,,,
2026-04-22T11:40:31.619000,SBX_ANAES_WAVE,respGas,,,0,,,
2026-04-22T11:40:31.619000,SBX_ANAES_WAVE,respGas,,,0,,,
2026-04-22T11:40:31.619000,SBX_ANAES_WAVE,flow,,,10,0.0,0.0,0.0
2026-04-22T11:40:31.619000,SBX_ANAES_WAVE,volume,,,10,2.0,2.0,2.0
2026-04-22T11:40:31.619000,SBX_ANAES_WAVE,pressure,,,10,-0.09,-0.09,-0.09
2026-04-22T11:40:31.619000,SBX_ANAES_WAVE,inspExpMarker,,,0,,,
2026-04-22T11:40:32.019000,SBX_ANAES_WAVE,respGas,,,0,,,
2026-04-22T11:40:32.019000,SBX_ANAES_WAVE,respGas,,,0,,,
2026-04-22T11:40:32.019000,SBX_ANAES_WAVE,flow,,,10,0.0,0.001,0.0002
2026-04-22T11:40:32.019000,SBX_ANAES_WAVE,volume,,,10,2.0,2.0,2.0
2026-04-22T11:40:32.019000,SBX_ANAES_WAVE,pressure,,,10,-0.09,-0.09,-0.09
2026-04-22T11:40:32.019000,SBX_ANAES_WAVE,inspExpMarker,,,0,,,
2026-04-22T11:40:32.420000,SBX_ANAES_WAVE,respGas,,,0,,,
2026-04-22T11:40:32.420000,SBX_ANAES_WAVE,respGas,,,0,,,
2026-04-22T11:40:32.420000,SBX_ANAES_WAVE,flow,,,10,0.0,0.0,0.0
2026-04-22T11:40:32.420000,SBX_ANAES_WAVE,volume,,,10,2.0,2.0,2.0
2026-04-22T11:40:32.420000,SBX_ANAES_WAVE,pressure,,,10,-0.09,-0.09,-0.09
2026-04-22T11:40:32.420000,SBX_ANAES_WAVE,inspExpMarker,,,0,,,
2026-04-22T11:40:32.819000,SBX_ANAES_WAVE,respGas,,,0,,,
2026-04-22T11:40:32.819000,SBX_ANAES_WAVE,respGas,,,0,,,
2026-04-22T11:40:32.819000,SBX_ANAES_WAVE,flow,,,10,0.0,0.0,0.0
2026-04-22T11:40:32.819000,SBX_ANAES_WAVE,volume,,,10,2.0,2.0,2.0
2026-04-22T11:40:32.819000,SBX_ANAES_WAVE,pressure,,,10,-0.09,-0.09,-0.09
2026-04-22T11:40:32.819000,SBX_ANAES_WAVE,inspExpMarker,,,0,,,
2026-04-22T11:40:33.277000,SBX_ANAES_WAVE,respGas,,,0,,,
2026-04-22T11:40:33.277000,SBX_ANAES_WAVE,respGas,,,0,,,
2026-04-22T11:40:33.277000,SBX_ANAES_WAVE,flow,,,10,0.0,0.005,0.0006
2026-04-22T11:40:33.277000,SBX_ANAES_WAVE,volume,,,10,2.0,2.0,2.0
2026-04-22T11:40:33.277000,SBX_ANAES_WAVE,pressure,,,10,-0.09,-0.09,-0.09
2026-04-22T11:40:33.277000,SBX_ANAES_WAVE,inspExpMarker,,,0,,,
2026-04-22T11:40:33.619000,SBX_ANAES_WAVE,respGas,,,0,,,
2026-04-22T11:40:33.619000,SBX_ANAES_WAVE,respGas,,,0,,,
2026-04-22T11:40:33.619000,SBX_ANAES_WAVE,flow,,,10,0.0,0.005,0.0016
2026-04-22T11:40:33.619000,SBX_ANAES_WAVE,volume,,,10,2.0,2.0,2.0
2026-04-22T11:40:33.619000,SBX_ANAES_WAVE,pressure,,,10,-0.09,-0.09,-0.09
2026-04-22T11:40:33.619000,SBX_ANAES_WAVE,inspExpMarker,,,0,,,
2026-04-22T11:40:34.019000,SBX_ANAES_WAVE,respGas,,,0,,,
2026-04-22T11:40:34.019000,SBX_ANAES_WAVE,respGas,,,0,,,
2026-04-22T11:40:34.019000,SBX_ANAES_WAVE,flow,,,10,0.0,0.0,0.0
2026-04-22T11:40:34.019000,SBX_ANAES_WAVE,volume,,,10,2.0,2.0,2.0
2026-04-22T11:40:34.019000,SBX_ANAES_WAVE,pressure,,,10,-0.09,-0.09,-0.09
2026-04-22T11:40:34.019000,SBX_ANAES_WAVE,inspExpMarker,,,0,,,
2026-04-22T11:40:34.419000,SBX_ANAES_WAVE,respGas,,,0,,,
2026-04-22T11:40:34.419000,SBX_ANAES_WAVE,respGas,,,0,,,
2026-04-22T11:40:34.419000,SBX_ANAES_WAVE,flow,,,10,0.0,0.0,0.0
2026-04-22T11:40:34.419000,SBX_ANAES_WAVE,volume,,,10,2.0,2.0,2.0
2026-04-22T11:40:34.419000,SBX_ANAES_WAVE,pressure,,,10,-0.09,-0.09,-0.09
2026-04-22T11:40:34.419000,SBX_ANAES_WAVE,inspExpMarker,,,0,,,
2026-04-22T11:40:34.818000,SBX_ANAES_WAVE,respGas,,,0,,,
2026-04-22T11:40:34.818000,SBX_ANAES_WAVE,respGas,,,0,,,
2026-04-22T11:40:34.818000,SBX_ANAES_WAVE,flow,,,10,0.0,0.007,0.003
2026-04-22T11:40:34.818000,SBX_ANAES_WAVE,volume,,,10,2.0,2.0,2.0
2026-04-22T11:40:34.818000,SBX_ANAES_WAVE,pressure,,,10,-0.09,-0.09,-0.09
2026-04-22T11:40:34.818000,SBX_ANAES_WAVE,inspExpMarker,,,0,,,
2026-04-22T11:40:35.281000,SBX_ANAES_WAVE,respGas,,,0,,,
2026-04-22T11:40:35.281000,SBX_ANAES_WAVE,respGas,,,0,,,
2026-04-22T11:40:35.281000,SBX_ANAES_WAVE,flow,,,10,0.0,0.008,0.0022
2026-04-22T11:40:35.281000,SBX_ANAES_WAVE,volume,,,10,2.0,2.0,2.0
2026-04-22T11:40:35.281000,SBX_ANAES_WAVE,pressure,,,10,-0.09,-0.09,-0.09
2026-04-22T11:40:35.281000,SBX_ANAES_WAVE,inspExpMarker,,,0,,,
2026-04-22T11:40:35.620000,SBX_ANAES_WAVE,respGas,,,0,,,
2026-04-22T11:40:35.620000,SBX_ANAES_WAVE,respGas,,,0,,,
2026-04-22T11:40:35.620000,SBX_ANAES_WAVE,flow,,,10,0.0,0.0,0.0
2026-04-22T11:40:35.620000,SBX_ANAES_WAVE,volume,,,10,2.0,2.0,2.0
2026-04-22T11:40:35.620000,SBX_ANAES_WAVE,pressure,,,10,-0.09,-0.09,-0.09
2026-04-22T11:40:35.620000,SBX_ANAES_WAVE,inspExpMarker,,,0,,,
2026-04-22T11:40:36.019000,SBX_ANAES_WAVE,respGas,,,0,,,
2026-04-22T11:40:36.019000,SBX_ANAES_WAVE,respGas,,,0,,,
2026-04-22T11:40:36.019000,SBX_ANAES_WAVE,flow,,,10,0.0,0.001,0.0003
2026-04-22T11:40:36.019000,SBX_ANAES_WAVE,volume,,,10,2.0,2.0,2.0
2026-04-22T11:40:36.019000,SBX_ANAES_WAVE,pressure,,,10,-0.09,-0.09,-0.09
2026-04-22T11:40:36.019000,SBX_ANAES_WAVE,inspExpMarker,,,0,,,
2026-04-22T11:40:36.447000,SBX_ANAES_WAVE,respGas,,,0,,,
2026-04-22T11:40:36.447000,SBX_ANAES_WAVE,respGas,,,0,,,
2026-04-22T11:40:36.447000,SBX_ANAES_WAVE,flow,,,10,0.0,0.002,0.0006
2026-04-22T11:40:36.447000,SBX_ANAES_WAVE,volume,,,10,2.0,2.0,2.0
2026-04-22T11:40:36.447000,SBX_ANAES_WAVE,pressure,,,10,-0.09,-0.09,-0.09
2026-04-22T11:40:36.447000,SBX_ANAES_WAVE,inspExpMarker,,,0,,,
2026-04-22T11:40:36.819000,SBX_ANAES_WAVE,respGas,,,0,,,
2026-04-22T11:40:36.819000,SBX_ANAES_WAVE,respGas,,,0,,,
2026-04-22T11:40:36.819000,SBX_ANAES_WAVE,flow,,,10,0.0,0.006,0.0011
2026-04-22T11:40:36.819000,SBX_ANAES_WAVE,volume,,,10,2.0,2.0,2.0
2026-04-22T11:40:36.819000,SBX_ANAES_WAVE,pressure,,,10,-0.09,-0.09,-0.09
2026-04-22T11:40:36.819000,SBX_ANAES_WAVE,inspExpMarker,,,0,,,
2026-04-22T11:40:37.273000,SBX_ANAES_WAVE,respGas,,,0,,,
2026-04-22T11:40:37.273000,SBX_ANAES_WAVE,respGas,,,0,,,
2026-04-22T11:40:37.273000,SBX_ANAES_WAVE,flow,,,10,0.0,0.008,0.0019
2026-04-22T11:40:37.273000,SBX_ANAES_WAVE,volume,,,10,2.0,2.0,2.0
2026-04-22T11:40:37.273000,SBX_ANAES_WAVE,pressure,,,10,-0.09,-0.09,-0.09
2026-04-22T11:40:37.273000,SBX_ANAES_WAVE,inspExpMarker,,,0,,,
2026-04-22T11:40:37.618000,SBX_ANAES_WAVE,respGas,,,0,,,
2026-04-22T11:40:37.618000,SBX_ANAES_WAVE,respGas,,,0,,,
2026-04-22T11:40:37.618000,SBX_ANAES_WAVE,flow,,,10,0.0,0.001,0.0002
2026-04-22T11:40:37.618000,SBX_ANAES_WAVE,volume,,,10,2.0,2.0,2.0
2026-04-22T11:40:37.618000,SBX_ANAES_WAVE,pressure,,,10,-0.09,-0.09,-0.09
2026-04-22T11:40:37.618000,SBX_ANAES_WAVE,inspExpMarker,,,0,,,
2026-04-22T11:40:38.019000,SBX_ANAES_WAVE,respGas,,,0,,,
2026-04-22T11:40:38.019000,SBX_ANAES_WAVE,respGas,,,0,,,
2026-04-22T11:40:38.019000,SBX_ANAES_WAVE,flow,,,10,0.0,0.003,0.0003
2026-04-22T11:40:38.019000,SBX_ANAES_WAVE,volume,,,10,2.0,2.0,2.0
2026-04-22T11:40:38.019000,SBX_ANAES_WAVE,pressure,,,10,-0.09,-0.09,-0.09
2026-04-22T11:40:38.019000,SBX_ANAES_WAVE,inspExpMarker,,,0,,,
2026-04-22T11:40:38.419000,SBX_ANAES_WAVE,respGas,,,0,,,
2026-04-22T11:40:38.419000,SBX_ANAES_WAVE,respGas,,,0,,,
2026-04-22T11:40:38.419000,SBX_ANAES_WAVE,flow,,,10,0.0,0.006,0.002
2026-04-22T11:40:38.419000,SBX_ANAES_WAVE,volume,,,10,2.0,2.0,2.0
2026-04-22T11:40:38.419000,SBX_ANAES_WAVE,pressure,,,10,-0.09,-0.09,-0.09
2026-04-22T11:40:38.419000,SBX_ANAES_WAVE,inspExpMarker,,,0,,,
2026-04-22T11:40:38.820000,SBX_ANAES_WAVE,respGas,,,0,,,
2026-04-22T11:40:38.820000,SBX_ANAES_WAVE,respGas,,,0,,,
2026-04-22T11:40:38.820000,SBX_ANAES_WAVE,flow,,,10,0.0,0.006,0.0018
2026-04-22T11:40:38.820000,SBX_ANAES_WAVE,volume,,,10,2.0,2.0,2.0
2026-04-22T11:40:38.820000,SBX_ANAES_WAVE,pressure,,,10,-0.09,-0.05,-0.063
2026-04-22T11:40:38.820000,SBX_ANAES_WAVE,inspExpMarker,,,0,,,
2026-04-22T11:40:39.269000,SBX_ANAES_WAVE,respGas,,,0,,,
2026-04-22T11:40:39.269000,SBX_ANAES_WAVE,respGas,,,0,,,
2026-04-22T11:40:39.269000,SBX_ANAES_WAVE,flow,,,10,0.0,0.012,0.0016
2026-04-22T11:40:39.269000,SBX_ANAES_WAVE,volume,,,10,2.0,2.0,2.0
2026-04-22T11:40:39.269000,SBX_ANAES_WAVE,pressure,,,10,-0.09,-0.09,-0.09
2026-04-22T11:40:39.269000,SBX_ANAES_WAVE,inspExpMarker,,,0,,,
2026-04-22T11:40:39.623000,SBX_ANAES_WAVE,respGas,,,0,,,
2026-04-22T11:40:39.623000,SBX_ANAES_WAVE,respGas,,,0,,,
2026-04-22T11:40:39.623000,SBX_ANAES_WAVE,flow,,,10,0.0,0.006,0.0015
2026-04-22T11:40:39.623000,SBX_ANAES_WAVE,volume,,,10,2.0,2.0,2.0
2026-04-22T11:40:39.623000,SBX_ANAES_WAVE,pressure,,,10,-0.09,-0.09,-0.09
2026-04-22T11:40:39.623000,SBX_ANAES_WAVE,inspExpMarker,,,0,,,
2026-04-22T11:40:40.018000,SBX_ANAES_WAVE,respGas,,,0,,,
2026-04-22T11:40:40.018000,SBX_ANAES_WAVE,respGas,,,0,,,
2026-04-22T11:40:40.018000,SBX_ANAES_WAVE,flow,,,10,0.0,0.003,0.0009
2026-04-22T11:40:40.018000,SBX_ANAES_WAVE,volume,,,10,2.0,2.0,2.0
2026-04-22T11:40:40.018000,SBX_ANAES_WAVE,pressure,,,10,-0.09,-0.09,-0.09
2026-04-22T11:40:40.018000,SBX_ANAES_WAVE,inspExpMarker,,,0,,,
2026-04-22T11:40:40.419000,SBX_ANAES_WAVE,respGas,,,0,,,
2026-04-22T11:40:40.419000,SBX_ANAES_WAVE,respGas,,,0,,,
2026-04-22T11:40:40.419000,SBX_ANAES_WAVE,flow,,,10,0.0,0.002,0.0003
2026-04-22T11:40:40.419000,SBX_ANAES_WAVE,volume,,,10,2.0,2.0,2.0
2026-04-22T11:40:40.419000,SBX_ANAES_WAVE,pressure,,,10,-0.09,-0.09,-0.09
2026-04-22T11:40:40.419000,SBX_ANAES_WAVE,inspExpMarker,,,0,,,
2026-04-22T11:40:40.836000,SBX_ANAES_WAVE,respGas,,,0,,,
2026-04-22T11:40:40.836000,SBX_ANAES_WAVE,respGas,,,0,,,
2026-04-22T11:40:40.836000,SBX_ANAES_WAVE,flow,,,10,0.0,0.013,0.0032
2026-04-22T11:40:40.836000,SBX_ANAES_WAVE,volume,,,10,2.0,2.0,2.0
2026-04-22T11:40:40.836000,SBX_ANAES_WAVE,pressure,,,10,-0.09,-0.09,-0.09
2026-04-22T11:40:40.836000,SBX_ANAES_WAVE,inspExpMarker,,,0,,,
2026-04-22T11:40:41.282000,SBX_ANAES_WAVE,respGas,,,0,,,
2026-04-22T11:40:41.282000,SBX_ANAES_WAVE,respGas,,,0,,,
2026-04-22T11:40:41.282000,SBX_ANAES_WAVE,flow,,,10,0.0,0.018,0.0033
2026-04-22T11:40:41.282000,SBX_ANAES_WAVE,volume,,,10,2.0,2.0,2.0
2026-04-22T11:40:41.282000,SBX_ANAES_WAVE,pressure,,,10,-0.09,-0.09,-0.09
2026-04-22T11:40:41.282000,SBX_ANAES_WAVE,inspExpMarker,,,0,,,
2026-04-22T11:40:41.619000,SBX_ANAES_WAVE,respGas,,,0,,,
2026-04-22T11:40:41.619000,SBX_ANAES_WAVE,respGas,,,0,,,
2026-04-22T11:40:41.619000,SBX_ANAES_WAVE,flow,,,10,0.0,0.012,0.0019
2026-04-22T11:40:41.619000,SBX_ANAES_WAVE,volume,,,10,2.0,2.0,2.0
2026-04-22T11:40:41.619000,SBX_ANAES_WAVE,pressure,,,10,-0.09,-0.09,-0.09
2026-04-22T11:40:41.619000,SBX_ANAES_WAVE,inspExpMarker,,,0,,,
2026-04-22T11:40:42.019000,SBX_ANAES_WAVE,respGas,,,0,,,
2026-04-22T11:40:42.019000,SBX_ANAES_WAVE,respGas,,,0,,,
2026-04-22T11:40:42.019000,SBX_ANAES_WAVE,flow,,,10,0.0,0.009,0.0009
2026-04-22T11:40:42.019000,SBX_ANAES_WAVE,volume,,,10,2.0,2.0,2.0
2026-04-22T11:40:42.019000,SBX_ANAES_WAVE,pressure,,,10,-0.09,-0.09,-0.09
2026-04-22T11:40:42.019000,SBX_ANAES_WAVE,inspExpMarker,,,0,,,
2026-04-22T11:40:42.418000,SBX_ANAES_WAVE,respGas,,,0,,,
2026-04-22T11:40:42.418000,SBX_ANAES_WAVE,respGas,,,0,,,
2026-04-22T11:40:42.418000,SBX_ANAES_WAVE,flow,,,10,0.0,0.003,0.0006
2026-04-22T11:40:42.418000,SBX_ANAES_WAVE,volume,,,10,2.0,2.0,2.0
2026-04-22T11:40:42.418000,SBX_ANAES_WAVE,pressure,,,10,-0.09,-0.09,-0.09
2026-04-22T11:40:42.418000,SBX_ANAES_WAVE,inspExpMarker,,,0,,,
2026-04-22T11:40:42.829000,SBX_ANAES_WAVE,respGas,,,0,,,
2026-04-22T11:40:42.829000,SBX_ANAES_WAVE,respGas,,,0,,,
2026-04-22T11:40:42.829000,SBX_ANAES_WAVE,flow,,,10,0.0,0.0,0.0
2026-04-22T11:40:42.829000,SBX_ANAES_WAVE,volume,,,10,2.0,2.0,2.0
2026-04-22T11:40:42.829000,SBX_ANAES_WAVE,pressure,,,10,-0.09,-0.09,-0.09
2026-04-22T11:40:42.829000,SBX_ANAES_WAVE,inspExpMarker,,,0,,,
2026-04-22T11:40:43.269000,SBX_ANAES_WAVE,respGas,,,0,,,
2026-04-22T11:40:43.269000,SBX_ANAES_WAVE,respGas,,,0,,,
2026-04-22T11:40:43.269000,SBX_ANAES_WAVE,flow,,,10,0.0,0.001,0.0001
2026-04-22T11:40:43.269000,SBX_ANAES_WAVE,volume,,,10,2.0,2.0,2.0
2026-04-22T11:40:43.269000,SBX_ANAES_WAVE,pressure,,,10,-0.09,-0.09,-0.09
2026-04-22T11:40:43.269000,SBX_ANAES_WAVE,inspExpMarker,,,0,,,
2026-04-22T11:40:43.618000,SBX_ANAES_WAVE,respGas,,,0,,,
2026-04-22T11:40:43.618000,SBX_ANAES_WAVE,respGas,,,0,,,
2026-04-22T11:40:43.618000,SBX_ANAES_WAVE,flow,,,10,0.0,0.001,0.0003
2026-04-22T11:40:43.618000,SBX_ANAES_WAVE,volume,,,10,2.0,2.0,2.0
2026-04-22T11:40:43.618000,SBX_ANAES_WAVE,pressure,,,10,-0.09,-0.09,-0.09
2026-04-22T11:40:43.618000,SBX_ANAES_WAVE,inspExpMarker,,,0,,,
2026-04-22T11:40:44.020000,SBX_ANAES_WAVE,respGas,,,0,,,
2026-04-22T11:40:44.020000,SBX_ANAES_WAVE,respGas,,,0,,,
2026-04-22T11:40:44.020000,SBX_ANAES_WAVE,flow,,,10,0.0,0.002,0.0004
2026-04-22T11:40:44.020000,SBX_ANAES_WAVE,volume,,,10,2.0,2.0,2.0
2026-04-22T11:40:44.020000,SBX_ANAES_WAVE,pressure,,,10,-0.09,-0.05,-0.064
2026-04-22T11:40:44.020000,SBX_ANAES_WAVE,inspExpMarker,,,0,,,
2026-04-22T11:40:44.419000,SBX_ANAES_WAVE,respGas,,,0,,,
2026-04-22T11:40:44.419000,SBX_ANAES_WAVE,respGas,,,0,,,
2026-04-22T11:40:44.419000,SBX_ANAES_WAVE,flow,,,10,0.0,0.004,0.0008
2026-04-22T11:40:44.419000,SBX_ANAES_WAVE,volume,,,10,2.0,2.0,2.0
2026-04-22T11:40:44.419000,SBX_ANAES_WAVE,pressure,,,10,-0.09,-0.09,-0.09
2026-04-22T11:40:44.419000,SBX_ANAES_WAVE,inspExpMarker,,,0,,,
2026-04-22T11:40:44.818000,SBX_ANAES_WAVE,respGas,,,0,,,
2026-04-22T11:40:44.818000,SBX_ANAES_WAVE,respGas,,,0,,,
2026-04-22T11:40:44.818000,SBX_ANAES_WAVE,flow,,,10,0.0,0.003,0.0011
2026-04-22T11:40:44.818000,SBX_ANAES_WAVE,volume,,,10,2.0,2.0,2.0
2026-04-22T11:40:44.818000,SBX_ANAES_WAVE,pressure,,,10,-0.09,-0.05,-0.064
2026-04-22T11:40:44.818000,SBX_ANAES_WAVE,inspExpMarker,,,0,,,
2026-04-22T11:40:45.272000,SBX_ANAES_WAVE,respGas,,,0,,,
2026-04-22T11:40:45.272000,SBX_ANAES_WAVE,respGas,,,0,,,
2026-04-22T11:40:45.272000,SBX_ANAES_WAVE,flow,,,10,0.0,0.011,0.0027
2026-04-22T11:40:45.272000,SBX_ANAES_WAVE,volume,,,10,2.0,2.0,2.0
2026-04-22T11:40:45.272000,SBX_ANAES_WAVE,pressure,,,10,-0.09,-0.05,-0.078
2026-04-22T11:40:45.272000,SBX_ANAES_WAVE,inspExpMarker,,,0,,,
2026-04-22T11:40:45.618000,SBX_ANAES_WAVE,respGas,,,0,,,
2026-04-22T11:40:45.618000,SBX_ANAES_WAVE,respGas,,,0,,,
2026-04-22T11:40:45.618000,SBX_ANAES_WAVE,flow,,,10,0.0,0.0,0.0
2026-04-22T11:40:45.618000,SBX_ANAES_WAVE,volume,,,10,2.0,2.0,2.0
2026-04-22T11:40:45.618000,SBX_ANAES_WAVE,pressure,,,10,-0.09,-0.05,-0.072
2026-04-22T11:40:45.618000,SBX_ANAES_WAVE,inspExpMarker,,,0,,,
2026-04-22T11:40:46.018000,SBX_ANAES_WAVE,respGas,,,0,,,
2026-04-22T11:40:46.018000,SBX_ANAES_WAVE,respGas,,,0,,,
2026-04-22T11:40:46.018000,SBX_ANAES_WAVE,flow,,,10,0.0,0.001,0.0003
2026-04-22T11:40:46.018000,SBX_ANAES_WAVE,volume,,,10,2.0,2.0,2.0
2026-04-22T11:40:46.018000,SBX_ANAES_WAVE,pressure,,,10,-0.09,-0.09,-0.09
2026-04-22T11:40:46.018000,SBX_ANAES_WAVE,inspExpMarker,,,0,,,
2026-04-22T11:40:46.418000,SBX_ANAES_WAVE,respGas,,,0,,,
2026-04-22T11:40:46.418000,SBX_ANAES_WAVE,respGas,,,0,,,
2026-04-22T11:40:46.418000,SBX_ANAES_WAVE,flow,,,10,0.0,0.0,0.0
2026-04-22T11:40:46.418000,SBX_ANAES_WAVE,volume,,,10,2.0,2.0,2.0
2026-04-22T11:40:46.418000,SBX_ANAES_WAVE,pressure,,,10,-0.09,-0.09,-0.09
2026-04-22T11:40:46.418000,SBX_ANAES_WAVE,inspExpMarker,,,0,,,
2026-04-22T11:40:46.821000,SBX_ANAES_WAVE,respGas,,,0,,,
2026-04-22T11:40:46.821000,SBX_ANAES_WAVE,respGas,,,0,,,
2026-04-22T11:40:46.821000,SBX_ANAES_WAVE,flow,,,10,0.0,0.002,0.0003
2026-04-22T11:40:46.821000,SBX_ANAES_WAVE,volume,,,10,2.0,2.0,2.0
2026-04-22T11:40:46.821000,SBX_ANAES_WAVE,pressure,,,10,-0.09,-0.09,-0.09
2026-04-22T11:40:46.821000,SBX_ANAES_WAVE,inspExpMarker,,,0,,,
2026-04-22T11:40:47.272000,SBX_ANAES_WAVE,respGas,,,0,,,
2026-04-22T11:40:47.272000,SBX_ANAES_WAVE,respGas,,,0,,,
2026-04-22T11:40:47.272000,SBX_ANAES_WAVE,flow,,,10,0.0,0.0,0.0
2026-04-22T11:40:47.272000,SBX_ANAES_WAVE,volume,,,10,2.0,2.0,2.0
2026-04-22T11:40:47.272000,SBX_ANAES_WAVE,pressure,,,10,-0.09,-0.09,-0.09
2026-04-22T11:40:47.272000,SBX_ANAES_WAVE,inspExpMarker,,,0,,,
2026-04-22T11:40:47.619000,SBX_ANAES_WAVE,respGas,,,0,,,
2026-04-22T11:40:47.619000,SBX_ANAES_WAVE,respGas,,,0,,,
2026-04-22T11:40:47.619000,SBX_ANAES_WAVE,flow,,,10,0.0,0.0,0.0
2026-04-22T11:40:47.619000,SBX_ANAES_WAVE,volume,,,10,2.0,2.0,2.0
2026-04-22T11:40:47.619000,SBX_ANAES_WAVE,pressure,,,10,-0.09,-0.09,-0.09
2026-04-22T11:40:47.619000,SBX_ANAES_WAVE,inspExpMarker,,,0,,,
2026-04-22T11:40:48.018000,SBX_ANAES_WAVE,respGas,,,0,,,
2026-04-22T11:40:48.018000,SBX_ANAES_WAVE,respGas,,,0,,,
2026-04-22T11:40:48.018000,SBX_ANAES_WAVE,flow,,,10,0.0,0.001,0.0002
2026-04-22T11:40:48.018000,SBX_ANAES_WAVE,volume,,,10,2.0,2.0,2.0
2026-04-22T11:40:48.018000,SBX_ANAES_WAVE,pressure,,,10,-0.09,-0.09,-0.09
2026-04-22T11:40:48.018000,SBX_ANAES_WAVE,inspExpMarker,,,0,,,
2026-04-22T11:40:48.419000,SBX_ANAES_WAVE,respGas,,,0,,,
2026-04-22T11:40:48.419000,SBX_ANAES_WAVE,respGas,,,0,,,
2026-04-22T11:40:48.419000,SBX_ANAES_WAVE,flow,,,10,0.0,0.004,0.0009
2026-04-22T11:40:48.419000,SBX_ANAES_WAVE,volume,,,10,2.0,2.0,2.0
2026-04-22T11:40:48.419000,SBX_ANAES_WAVE,pressure,,,10,-0.09,-0.05,-0.066
2026-04-22T11:40:48.419000,SBX_ANAES_WAVE,inspExpMarker,,,0,,,
2026-04-22T11:40:48.824000,SBX_ANAES_WAVE,respGas,,,0,,,
2026-04-22T11:40:48.824000,SBX_ANAES_WAVE,respGas,,,0,,,
2026-04-22T11:40:48.824000,SBX_ANAES_WAVE,flow,,,10,0.0,0.006,0.0012
2026-04-22T11:40:48.824000,SBX_ANAES_WAVE,volume,,,10,2.0,2.0,2.0
2026-04-22T11:40:48.824000,SBX_ANAES_WAVE,pressure,,,10,-0.07,-0.05,-0.061
2026-04-22T11:40:48.824000,SBX_ANAES_WAVE,inspExpMarker,,,0,,,
2026-04-22T11:40:49.277000,SBX_ANAES_WAVE,respGas,,,0,,,
2026-04-22T11:40:49.277000,SBX_ANAES_WAVE,respGas,,,0,,,
2026-04-22T11:40:49.277000,SBX_ANAES_WAVE,flow,,,10,0.0,0.011,0.0027
2026-04-22T11:40:49.277000,SBX_ANAES_WAVE,volume,,,10,2.0,2.0,2.0
2026-04-22T11:40:49.277000,SBX_ANAES_WAVE,pressure,,,10,-0.09,-0.05,-0.074
2026-04-22T11:40:49.277000,SBX_ANAES_WAVE,inspExpMarker,,,0,,,
2026-04-22T11:40:49.621000,SBX_ANAES_WAVE,respGas,,,0,,,
2026-04-22T11:40:49.621000,SBX_ANAES_WAVE,respGas,,,0,,,
2026-04-22T11:40:49.621000,SBX_ANAES_WAVE,flow,,,10,0.0,0.003,0.0009
2026-04-22T11:40:49.621000,SBX_ANAES_WAVE,volume,,,10,2.0,2.0,2.0
2026-04-22T11:40:49.621000,SBX_ANAES_WAVE,pressure,,,10,-0.09,-0.05,-0.062
2026-04-22T11:40:49.621000,SBX_ANAES_WAVE,inspExpMarker,,,0,,,
2026-04-22T11:40:50.020000,SBX_ANAES_WAVE,respGas,,,0,,,
2026-04-22T11:40:50.020000,SBX_ANAES_WAVE,respGas,,,0,,,
2026-04-22T11:40:50.020000,SBX_ANAES_WAVE,flow,,,10,0.0,0.017,0.0041
2026-04-22T11:40:50.020000,SBX_ANAES_WAVE,volume,,,10,2.0,2.0,2.0
2026-04-22T11:40:50.020000,SBX_ANAES_WAVE,pressure,,,10,-0.09,-0.09,-0.09
2026-04-22T11:40:50.020000,SBX_ANAES_WAVE,inspExpMarker,,,0,,,
2026-04-22T11:40:50.419000,SBX_ANAES_WAVE,respGas,,,0,,,
2026-04-22T11:40:50.419000,SBX_ANAES_WAVE,respGas,,,0,,,
2026-04-22T11:40:50.419000,SBX_ANAES_WAVE,flow,,,10,0.0,0.0,0.0
2026-04-22T11:40:50.419000,SBX_ANAES_WAVE,volume,,,10,2.0,2.0,2.0
2026-04-22T11:40:50.419000,SBX_ANAES_WAVE,pressure,,,10,-0.09,-0.09,-0.09
2026-04-22T11:40:50.419000,SBX_ANAES_WAVE,inspExpMarker,,,0,,,
2026-04-22T11:40:50.818000,SBX_ANAES_WAVE,respGas,,,0,,,
2026-04-22T11:40:50.818000,SBX_ANAES_WAVE,respGas,,,0,,,
2026-04-22T11:40:50.818000,SBX_ANAES_WAVE,flow,,,10,0.0,0.008,0.0008
2026-04-22T11:40:50.818000,SBX_ANAES_WAVE,volume,,,10,2.0,2.0,2.0
2026-04-22T11:40:50.818000,SBX_ANAES_WAVE,pressure,,,10,-0.09,-0.09,-0.09
2026-04-22T11:40:50.818000,SBX_ANAES_WAVE,inspExpMarker,,,0,,,
2026-04-22T11:40:51.267000,SBX_ANAES_WAVE,respGas,,,0,,,
2026-04-22T11:40:51.267000,SBX_ANAES_WAVE,respGas,,,0,,,
2026-04-22T11:40:51.267000,SBX_ANAES_WAVE,flow,,,10,0.0,0.013,0.0019
2026-04-22T11:40:51.267000,SBX_ANAES_WAVE,volume,,,10,2.0,2.0,2.0
2026-04-22T11:40:51.267000,SBX_ANAES_WAVE,pressure,,,10,-0.09,-0.09,-0.09
2026-04-22T11:40:51.267000,SBX_ANAES_WAVE,inspExpMarker,,,0,,,
2026-04-22T11:40:51.621000,SBX_ANAES_WAVE,respGas,,,0,,,
2026-04-22T11:40:51.621000,SBX_ANAES_WAVE,respGas,,,0,,,
2026-04-22T11:40:51.621000,SBX_ANAES_WAVE,flow,,,10,0.0,0.002,0.0009
2026-04-22T11:40:51.621000,SBX_ANAES_WAVE,volume,,,10,2.0,2.0,2.0
2026-04-22T11:40:51.621000,SBX_ANAES_WAVE,pressure,,,10,-0.09,-0.09,-0.09
2026-04-22T11:40:51.621000,SBX_ANAES_WAVE,inspExpMarker,,,0,,,
2026-04-22T11:40:52.019000,SBX_ANAES_WAVE,respGas,,,0,,,
2026-04-22T11:40:52.019000,SBX_ANAES_WAVE,respGas,,,0,,,
2026-04-22T11:40:52.019000,SBX_ANAES_WAVE,flow,,,10,0.0,0.001,0.0001
2026-04-22T11:40:52.019000,SBX_ANAES_WAVE,volume,,,10,2.0,2.0,2.0
2026-04-22T11:40:52.019000,SBX_ANAES_WAVE,pressure,,,10,-0.09,-0.09,-0.09
2026-04-22T11:40:52.019000,SBX_ANAES_WAVE,inspExpMarker,,,0,,,
2026-04-22T11:40:52.418000,SBX_ANAES_WAVE,respGas,,,0,,,
2026-04-22T11:40:52.418000,SBX_ANAES_WAVE,respGas,,,0,,,
2026-04-22T11:40:52.418000,SBX_ANAES_WAVE,flow,,,10,0.0,0.003,0.0008
2026-04-22T11:40:52.418000,SBX_ANAES_WAVE,volume,,,10,2.0,2.0,2.0
2026-04-22T11:40:52.418000,SBX_ANAES_WAVE,pressure,,,10,-0.09,-0.09,-0.09
2026-04-22T11:40:52.418000,SBX_ANAES_WAVE,inspExpMarker,,,0,,,
2026-04-22T11:40:52.818000,SBX_ANAES_WAVE,respGas,,,0,,,
2026-04-22T11:40:52.818000,SBX_ANAES_WAVE,respGas,,,0,,,
2026-04-22T11:40:52.818000,SBX_ANAES_WAVE,flow,,,10,0.0,0.002,0.0007
2026-04-22T11:40:52.818000,SBX_ANAES_WAVE,volume,,,10,2.0,2.0,2.0
2026-04-22T11:40:52.818000,SBX_ANAES_WAVE,pressure,,,10,-0.09,-0.09,-0.09
2026-04-22T11:40:52.818000,SBX_ANAES_WAVE,inspExpMarker,,,0,,,
2026-04-22T11:40:53.273000,SBX_ANAES_WAVE,respGas,,,0,,,
2026-04-22T11:40:53.273000,SBX_ANAES_WAVE,respGas,,,0,,,
2026-04-22T11:40:53.273000,SBX_ANAES_WAVE,flow,,,10,0.0,0.005,0.0007
2026-04-22T11:40:53.273000,SBX_ANAES_WAVE,volume,,,10,2.0,2.0,2.0
2026-04-22T11:40:53.273000,SBX_ANAES_WAVE,pressure,,,10,-0.09,-0.09,-0.09
2026-04-22T11:40:53.273000,SBX_ANAES_WAVE,inspExpMarker,,,0,,,
2026-04-22T11:40:53.618000,SBX_ANAES_WAVE,respGas,,,0,,,
2026-04-22T11:40:53.618000,SBX_ANAES_WAVE,respGas,,,0,,,
2026-04-22T11:40:53.618000,SBX_ANAES_WAVE,flow,,,10,0.0,0.01,0.0015
2026-04-22T11:40:53.618000,SBX_ANAES_WAVE,volume,,,10,2.0,2.0,2.0
2026-04-22T11:40:53.618000,SBX_ANAES_WAVE,pressure,,,10,-0.09,-0.09,-0.09
2026-04-22T11:40:53.618000,SBX_ANAES_WAVE,inspExpMarker,,,0,,,
2026-04-22T11:40:54.065000,SBX_ANAES_WAVE,respGas,,,0,,,
2026-04-22T11:40:54.065000,SBX_ANAES_WAVE,respGas,,,0,,,
2026-04-22T11:40:54.065000,SBX_ANAES_WAVE,flow,,,10,0.0,0.003,0.0007
2026-04-22T11:40:54.065000,SBX_ANAES_WAVE,volume,,,10,2.0,2.0,2.0
2026-04-22T11:40:54.065000,SBX_ANAES_WAVE,pressure,,,10,-0.09,-0.09,-0.09
2026-04-22T11:40:54.065000,SBX_ANAES_WAVE,inspExpMarker,,,0,,,
2026-04-22T11:40:54.419000,SBX_ANAES_WAVE,respGas,,,0,,,
2026-04-22T11:40:54.419000,SBX_ANAES_WAVE,respGas,,,0,,,
2026-04-22T11:40:54.419000,SBX_ANAES_WAVE,flow,,,10,0.0,0.007,0.0016
2026-04-22T11:40:54.419000,SBX_ANAES_WAVE,volume,,,10,2.0,2.0,2.0
2026-04-22T11:40:54.419000,SBX_ANAES_WAVE,pressure,,,10,-0.09,-0.09,-0.09
2026-04-22T11:40:54.419000,SBX_ANAES_WAVE,inspExpMarker,,,0,,,
2026-04-22T11:40:54.817000,SBX_ANAES_WAVE,respGas,,,0,,,
2026-04-22T11:40:54.817000,SBX_ANAES_WAVE,respGas,,,0,,,
2026-04-22T11:40:54.817000,SBX_ANAES_WAVE,flow,,,10,0.0,0.004,0.0011
2026-04-22T11:40:54.817000,SBX_ANAES_WAVE,volume,,,10,2.0,2.0,2.0
2026-04-22T11:40:54.817000,SBX_ANAES_WAVE,pressure,,,10,-0.09,-0.09,-0.09
2026-04-22T11:40:54.817000,SBX_ANAES_WAVE,inspExpMarker,,,0,,,
2026-04-22T11:40:55.262000,SBX_ANAES_WAVE,respGas,,,0,,,
2026-04-22T11:40:55.262000,SBX_ANAES_WAVE,respGas,,,0,,,
2026-04-22T11:40:55.262000,SBX_ANAES_WAVE,flow,,,10,0.0,0.001,0.0002
2026-04-22T11:40:55.262000,SBX_ANAES_WAVE,volume,,,10,2.0,2.0,2.0
2026-04-22T11:40:55.262000,SBX_ANAES_WAVE,pressure,,,10,-0.09,-0.05,-0.074
2026-04-22T11:40:55.262000,SBX_ANAES_WAVE,inspExpMarker,,,0,,,
2026-04-22T11:40:55.619000,SBX_ANAES_WAVE,respGas,,,0,,,
2026-04-22T11:40:55.619000,SBX_ANAES_WAVE,respGas,,,0,,,
2026-04-22T11:40:55.619000,SBX_ANAES_WAVE,flow,,,10,0.0,0.001,0.0001
2026-04-22T11:40:55.619000,SBX_ANAES_WAVE,volume,,,10,2.0,2.0,2.0
2026-04-22T11:40:55.619000,SBX_ANAES_WAVE,pressure,,,10,-0.09,-0.05,-0.078
2026-04-22T11:40:55.619000,SBX_ANAES_WAVE,inspExpMarker,,,0,,,
2026-04-22T11:40:56.022000,SBX_ANAES_WAVE,respGas,,,0,,,
2026-04-22T11:40:56.022000,SBX_ANAES_WAVE,respGas,,,0,,,
2026-04-22T11:40:56.022000,SBX_ANAES_WAVE,flow,,,10,0.0,0.003,0.0009
2026-04-22T11:40:56.022000,SBX_ANAES_WAVE,volume,,,10,2.0,2.0,2.0
2026-04-22T11:40:56.022000,SBX_ANAES_WAVE,pressure,,,10,-0.09,-0.09,-0.09
2026-04-22T11:40:56.022000,SBX_ANAES_WAVE,inspExpMarker,,,0,,,
2026-04-22T11:40:56.417000,SBX_ANAES_WAVE,respGas,,,0,,,
2026-04-22T11:40:56.417000,SBX_ANAES_WAVE,respGas,,,0,,,
2026-04-22T11:40:56.417000,SBX_ANAES_WAVE,flow,,,10,0.0,0.002,0.0004
2026-04-22T11:40:56.417000,SBX_ANAES_WAVE,volume,,,10,2.0,2.0,2.0
2026-04-22T11:40:56.417000,SBX_ANAES_WAVE,pressure,,,10,-0.09,-0.09,-0.09
2026-04-22T11:40:56.417000,SBX_ANAES_WAVE,inspExpMarker,,,0,,,
2026-04-22T11:40:56.818000,SBX_ANAES_WAVE,respGas,,,0,,,
2026-04-22T11:40:56.818000,SBX_ANAES_WAVE,respGas,,,0,,,
2026-04-22T11:40:56.818000,SBX_ANAES_WAVE,flow,,,10,0.0,0.001,0.0002
2026-04-22T11:40:56.818000,SBX_ANAES_WAVE,volume,,,10,2.0,2.0,2.0
2026-04-22T11:40:56.818000,SBX_ANAES_WAVE,pressure,,,10,-0.09,-0.09,-0.09
2026-04-22T11:40:56.818000,SBX_ANAES_WAVE,inspExpMarker,,,0,,,
2026-04-22T11:40:57.266000,SBX_ANAES_WAVE,respGas,,,0,,,
2026-04-22T11:40:57.266000,SBX_ANAES_WAVE,respGas,,,0,,,
2026-04-22T11:40:57.266000,SBX_ANAES_WAVE,flow,,,10,0.0,0.002,0.0003
2026-04-22T11:40:57.266000,SBX_ANAES_WAVE,volume,,,10,2.0,2.0,2.0
2026-04-22T11:40:57.266000,SBX_ANAES_WAVE,pressure,,,10,-0.09,-0.09,-0.09
2026-04-22T11:40:57.266000,SBX_ANAES_WAVE,inspExpMarker,,,0,,,
2026-04-22T11:40:57.619000,SBX_ANAES_WAVE,respGas,,,0,,,
2026-04-22T11:40:57.619000,SBX_ANAES_WAVE,respGas,,,0,,,
2026-04-22T11:40:57.619000,SBX_ANAES_WAVE,flow,,,10,0.0,0.001,0.0003
2026-04-22T11:40:57.619000,SBX_ANAES_WAVE,volume,,,10,2.0,2.0,2.0
2026-04-22T11:40:57.619000,SBX_ANAES_WAVE,pressure,,,10,-0.09,-0.09,-0.09
2026-04-22T11:40:57.619000,SBX_ANAES_WAVE,inspExpMarker,,,0,,,
2026-04-22T11:40:58.018000,SBX_ANAES_WAVE,respGas,,,0,,,
2026-04-22T11:40:58.018000,SBX_ANAES_WAVE,respGas,,,0,,,
2026-04-22T11:40:58.018000,SBX_ANAES_WAVE,flow,,,10,0.0,0.005,0.0012
2026-04-22T11:40:58.018000,SBX_ANAES_WAVE,volume,,,10,2.0,2.0,2.0
2026-04-22T11:40:58.018000,SBX_ANAES_WAVE,pressure,,,10,-0.09,-0.09,-0.09
2026-04-22T11:40:58.018000,SBX_ANAES_WAVE,inspExpMarker,,,0,,,
2026-04-22T11:40:58.418000,SBX_ANAES_WAVE,respGas,,,0,,,
2026-04-22T11:40:58.418000,SBX_ANAES_WAVE,respGas,,,0,,,
2026-04-22T11:40:58.418000,SBX_ANAES_WAVE,flow,,,10,0.0,0.002,0.0004
2026-04-22T11:40:58.418000,SBX_ANAES_WAVE,volume,,,10,2.0,2.0,2.0
2026-04-22T11:40:58.418000,SBX_ANAES_WAVE,pressure,,,10,-0.09,-0.09,-0.09
2026-04-22T11:40:58.418000,SBX_ANAES_WAVE,inspExpMarker,,,0,,,
2026-04-22T11:40:58.818000,SBX_ANAES_WAVE,respGas,,,0,,,
2026-04-22T11:40:58.818000,SBX_ANAES_WAVE,respGas,,,0,,,
2026-04-22T11:40:58.818000,SBX_ANAES_WAVE,flow,,,10,0.0,0.0,0.0
2026-04-22T11:40:58.818000,SBX_ANAES_WAVE,volume,,,10,2.0,2.0,2.0
2026-04-22T11:40:58.818000,SBX_ANAES_WAVE,pressure,,,10,-0.09,-0.09,-0.09
2026-04-22T11:40:58.818000,SBX_ANAES_WAVE,inspExpMarker,,,0,,,
2026-04-22T11:40:59.274000,SBX_ANAES_WAVE,respGas,,,0,,,
2026-04-22T11:40:59.274000,SBX_ANAES_WAVE,respGas,,,0,,,
2026-04-22T11:40:59.274000,SBX_ANAES_WAVE,flow,,,10,0.0,0.004,0.0009
2026-04-22T11:40:59.274000,SBX_ANAES_WAVE,volume,,,10,2.0,2.0,2.0
2026-04-22T11:40:59.274000,SBX_ANAES_WAVE,pressure,,,10,-0.09,-0.09,-0.09
2026-04-22T11:40:59.274000,SBX_ANAES_WAVE,inspExpMarker,,,0,,,
2026-04-22T11:40:59.617000,SBX_ANAES_WAVE,respGas,,,0,,,
2026-04-22T11:40:59.617000,SBX_ANAES_WAVE,respGas,,,0,,,
2026-04-22T11:40:59.617000,SBX_ANAES_WAVE,flow,,,10,0.0,0.0,0.0
2026-04-22T11:40:59.617000,SBX_ANAES_WAVE,volume,,,10,2.0,2.0,2.0
2026-04-22T11:40:59.617000,SBX_ANAES_WAVE,pressure,,,10,-0.09,-0.09,-0.09
2026-04-22T11:40:59.617000,SBX_ANAES_WAVE,inspExpMarker,,,0,,,
2026-04-22T11:41:00.018000,SBX_ANAES_WAVE,respGas,,,0,,,
2026-04-22T11:41:00.018000,SBX_ANAES_WAVE,respGas,,,0,,,
2026-04-22T11:41:00.018000,SBX_ANAES_WAVE,flow,,,10,0.0,0.0,0.0
2026-04-22T11:41:00.018000,SBX_ANAES_WAVE,volume,,,10,2.0,2.0,2.0
2026-04-22T11:41:00.018000,SBX_ANAES_WAVE,pressure,,,10,-0.09,-0.09,-0.09
2026-04-22T11:41:00.018000,SBX_ANAES_WAVE,inspExpMarker,,,0,,,
2026-04-22T11:41:00.417000,SBX_ANAES_WAVE,respGas,,,0,,,
2026-04-22T11:41:00.417000,SBX_ANAES_WAVE,respGas,,,0,,,
2026-04-22T11:41:00.417000,SBX_ANAES_WAVE,flow,,,10,0.0,0.006,0.0011
2026-04-22T11:41:00.417000,SBX_ANAES_WAVE,volume,,,10,2.0,2.0,2.0
2026-04-22T11:41:00.417000,SBX_ANAES_WAVE,pressure,,,10,-0.09,-0.06,-0.086
2026-04-22T11:41:00.417000,SBX_ANAES_WAVE,inspExpMarker,,,0,,,
2026-04-22T11:41:00.831000,SBX_ANAES_WAVE,respGas,,,0,,,
2026-04-22T11:41:00.831000,SBX_ANAES_WAVE,respGas,,,0,,,
2026-04-22T11:41:00.831000,SBX_ANAES_WAVE,flow,,,10,0.0,0.004,0.0008
2026-04-22T11:41:00.831000,SBX_ANAES_WAVE,volume,,,10,2.0,2.0,2.0
2026-04-22T11:41:00.831000,SBX_ANAES_WAVE,pressure,,,10,-0.09,-0.05,-0.066
2026-04-22T11:41:00.831000,SBX_ANAES_WAVE,inspExpMarker,,,0,,,
2026-04-22T11:41:01.270000,SBX_ANAES_WAVE,respGas,,,0,,,
2026-04-22T11:41:01.270000,SBX_ANAES_WAVE,respGas,,,0,,,
2026-04-22T11:41:01.270000,SBX_ANAES_WAVE,flow,,,10,0.0,0.0,0.0
2026-04-22T11:41:01.270000,SBX_ANAES_WAVE,volume,,,10,2.0,2.0,2.0
2026-04-22T11:41:01.270000,SBX_ANAES_WAVE,pressure,,,10,-0.09,-0.09,-0.09
2026-04-22T11:41:01.270000,SBX_ANAES_WAVE,inspExpMarker,,,0,,,
2026-04-22T11:41:01.616000,SBX_ANAES_WAVE,respGas,,,0,,,
2026-04-22T11:41:01.616000,SBX_ANAES_WAVE,respGas,,,0,,,
2026-04-22T11:41:01.616000,SBX_ANAES_WAVE,flow,,,10,0.0,0.003,0.0007
2026-04-22T11:41:01.616000,SBX_ANAES_WAVE,volume,,,10,2.0,2.0,2.0
2026-04-22T11:41:01.616000,SBX_ANAES_WAVE,pressure,,,10,-0.09,-0.09,-0.09
2026-04-22T11:41:01.616000,SBX_ANAES_WAVE,inspExpMarker,,,0,,,
2026-04-22T11:41:02.018000,SBX_ANAES_WAVE,respGas,,,0,,,
2026-04-22T11:41:02.018000,SBX_ANAES_WAVE,respGas,,,0,,,
2026-04-22T11:41:02.018000,SBX_ANAES_WAVE,flow,,,10,0.0,0.005,0.0011
2026-04-22T11:41:02.018000,SBX_ANAES_WAVE,volume,,,10,2.0,2.0,2.0
2026-04-22T11:41:02.018000,SBX_ANAES_WAVE,pressure,,,10,-0.09,-0.09,-0.09
2026-04-22T11:41:02.018000,SBX_ANAES_WAVE,inspExpMarker,,,0,,,
2026-04-22T11:41:02.418000,SBX_ANAES_WAVE,respGas,,,0,,,
2026-04-22T11:41:02.418000,SBX_ANAES_WAVE,respGas,,,0,,,
2026-04-22T11:41:02.418000,SBX_ANAES_WAVE,flow,,,10,0.0,0.001,0.0002
2026-04-22T11:41:02.418000,SBX_ANAES_WAVE,volume,,,10,2.0,2.0,2.0
2026-04-22T11:41:02.418000,SBX_ANAES_WAVE,pressure,,,10,-0.09,-0.05,-0.08
2026-04-22T11:41:02.418000,SBX_ANAES_WAVE,inspExpMarker,,,0,,,
2026-04-22T11:41:02.818000,SBX_ANAES_WAVE,respGas,,,0,,,
2026-04-22T11:41:02.818000,SBX_ANAES_WAVE,respGas,,,0,,,
2026-04-22T11:41:02.818000,SBX_ANAES_WAVE,flow,,,10,0.0,0.005,0.0007
2026-04-22T11:41:02.818000,SBX_ANAES_WAVE,volume,,,10,2.0,2.0,2.0
2026-04-22T11:41:02.818000,SBX_ANAES_WAVE,pressure,,,10,-0.09,-0.05,-0.072
2026-04-22T11:41:02.818000,SBX_ANAES_WAVE,inspExpMarker,,,0,,,
2026-04-22T11:41:03.283000,SBX_ANAES_WAVE,respGas,,,0,,,
2026-04-22T11:41:03.283000,SBX_ANAES_WAVE,respGas,,,0,,,
2026-04-22T11:41:03.283000,SBX_ANAES_WAVE,flow,,,10,0.0,0.009,0.0018
2026-04-22T11:41:03.283000,SBX_ANAES_WAVE,volume,,,10,2.0,2.0,2.0
2026-04-22T11:41:03.283000,SBX_ANAES_WAVE,pressure,,,10,-0.09,-0.09,-0.09
2026-04-22T11:41:03.283000,SBX_ANAES_WAVE,inspExpMarker,,,0,,,
2026-04-22T11:41:03.618000,SBX_ANAES_WAVE,respGas,,,0,,,
2026-04-22T11:41:03.618000,SBX_ANAES_WAVE,respGas,,,0,,,
2026-04-22T11:41:03.618000,SBX_ANAES_WAVE,flow,,,10,0.0,0.001,0.0002
2026-04-22T11:41:03.618000,SBX_ANAES_WAVE,volume,,,10,2.0,2.0,2.0
2026-04-22T11:41:03.618000,SBX_ANAES_WAVE,pressure,,,10,-0.09,-0.09,-0.09
2026-04-22T11:41:03.618000,SBX_ANAES_WAVE,inspExpMarker,,,0,,,
2026-04-22T11:41:04.022000,SBX_ANAES_WAVE,respGas,,,0,,,
2026-04-22T11:41:04.022000,SBX_ANAES_WAVE,respGas,,,0,,,
2026-04-22T11:41:04.022000,SBX_ANAES_WAVE,flow,,,10,0.0,0.0,0.0
2026-04-22T11:41:04.022000,SBX_ANAES_WAVE,volume,,,10,2.0,2.0,2.0
2026-04-22T11:41:04.022000,SBX_ANAES_WAVE,pressure,,,10,-0.09,-0.09,-0.09
2026-04-22T11:41:04.022000,SBX_ANAES_WAVE,inspExpMarker,,,0,,,
2026-04-22T11:41:04.417000,SBX_ANAES_WAVE,respGas,,,0,,,
2026-04-22T11:41:04.417000,SBX_ANAES_WAVE,respGas,,,0,,,
2026-04-22T11:41:04.417000,SBX_ANAES_WAVE,flow,,,10,0.0,0.008,0.0051
2026-04-22T11:41:04.417000,SBX_ANAES_WAVE,volume,,,10,2.0,2.0,2.0
2026-04-22T11:41:04.417000,SBX_ANAES_WAVE,pressure,,,10,-0.09,-0.09,-0.09
2026-04-22T11:41:04.417000,SBX_ANAES_WAVE,inspExpMarker,,,0,,,
2026-04-22T11:41:04.817000,SBX_ANAES_WAVE,respGas,,,0,,,
2026-04-22T11:41:04.817000,SBX_ANAES_WAVE,respGas,,,0,,,
2026-04-22T11:41:04.817000,SBX_ANAES_WAVE,flow,,,10,0.0,0.003,0.0009
2026-04-22T11:41:04.817000,SBX_ANAES_WAVE,volume,,,10,2.0,2.0,2.0
2026-04-22T11:41:04.817000,SBX_ANAES_WAVE,pressure,,,10,-0.09,-0.09,-0.09
2026-04-22T11:41:04.817000,SBX_ANAES_WAVE,inspExpMarker,,,0,,,
2026-04-22T11:41:05.272000,SBX_ANAES_WAVE,respGas,,,0,,,
2026-04-22T11:41:05.272000,SBX_ANAES_WAVE,respGas,,,0,,,
2026-04-22T11:41:05.272000,SBX_ANAES_WAVE,flow,,,10,0.0,0.003,0.0009
2026-04-22T11:41:05.272000,SBX_ANAES_WAVE,volume,,,10,2.0,2.0,2.0
2026-04-22T11:41:05.272000,SBX_ANAES_WAVE,pressure,,,10,-0.09,-0.06,-0.081
2026-04-22T11:41:05.272000,SBX_ANAES_WAVE,inspExpMarker,,,0,,,
2026-04-22T11:41:05.617000,SBX_ANAES_WAVE,respGas,,,0,,,
2026-04-22T11:41:05.617000,SBX_ANAES_WAVE,respGas,,,0,,,
2026-04-22T11:41:05.617000,SBX_ANAES_WAVE,flow,,,10,0.0,0.002,0.0004
2026-04-22T11:41:05.617000,SBX_ANAES_WAVE,volume,,,10,2.0,2.0,2.0
2026-04-22T11:41:05.617000,SBX_ANAES_WAVE,pressure,,,10,-0.09,-0.05,-0.079
2026-04-22T11:41:05.617000,SBX_ANAES_WAVE,inspExpMarker,,,0,,,
2026-04-22T11:41:06.018000,SBX_ANAES_WAVE,respGas,,,0,,,
2026-04-22T11:41:06.018000,SBX_ANAES_WAVE,respGas,,,0,,,
2026-04-22T11:41:06.018000,SBX_ANAES_WAVE,flow,,,10,0.0,0.001,0.0001
2026-04-22T11:41:06.018000,SBX_ANAES_WAVE,volume,,,10,2.0,2.0,2.0
2026-04-22T11:41:06.018000,SBX_ANAES_WAVE,pressure,,,10,-0.09,-0.09,-0.09
2026-04-22T11:41:06.018000,SBX_ANAES_WAVE,inspExpMarker,,,0,,,
2026-04-22T11:41:06.417000,SBX_ANAES_WAVE,respGas,,,0,,,
2026-04-22T11:41:06.417000,SBX_ANAES_WAVE,respGas,,,0,,,
2026-04-22T11:41:06.417000,SBX_ANAES_WAVE,flow,,,10,0.0,0.007,0.0015
2026-04-22T11:41:06.417000,SBX_ANAES_WAVE,volume,,,10,2.0,2.0,2.0
2026-04-22T11:41:06.417000,SBX_ANAES_WAVE,pressure,,,10,-0.09,-0.09,-0.09
2026-04-22T11:41:06.417000,SBX_ANAES_WAVE,inspExpMarker,,,0,,,
2026-04-22T11:41:06.817000,SBX_ANAES_WAVE,respGas,,,0,,,
2026-04-22T11:41:06.817000,SBX_ANAES_WAVE,respGas,,,0,,,
2026-04-22T11:41:06.817000,SBX_ANAES_WAVE,flow,,,10,0.0,0.003,0.0007
2026-04-22T11:41:06.817000,SBX_ANAES_WAVE,volume,,,10,2.0,2.0,2.0
2026-04-22T11:41:06.817000,SBX_ANAES_WAVE,pressure,,,10,-0.09,-0.09,-0.09
2026-04-22T11:41:06.817000,SBX_ANAES_WAVE,inspExpMarker,,,0,,,
2026-04-22T11:41:07.313000,SBX_ANAES_WAVE,respGas,,,0,,,
2026-04-22T11:41:07.313000,SBX_ANAES_WAVE,respGas,,,0,,,
2026-04-22T11:41:07.313000,SBX_ANAES_WAVE,flow,,,10,0.0,0.0,0.0
2026-04-22T11:41:07.313000,SBX_ANAES_WAVE,volume,,,10,2.0,2.0,2.0
2026-04-22T11:41:07.313000,SBX_ANAES_WAVE,pressure,,,10,-0.09,-0.09,-0.09
2026-04-22T11:41:07.313000,SBX_ANAES_WAVE,inspExpMarker,,,0,,,
2026-04-22T11:41:07.618000,SBX_ANAES_WAVE,respGas,,,0,,,
2026-04-22T11:41:07.618000,SBX_ANAES_WAVE,respGas,,,0,,,
2026-04-22T11:41:07.618000,SBX_ANAES_WAVE,flow,,,10,0.001,19.316,8.1598
2026-04-22T11:41:07.618000,SBX_ANAES_WAVE,volume,,,10,2.0,41.0,11.9
2026-04-22T11:41:07.618000,SBX_ANAES_WAVE,pressure,,,10,-0.09,0.62,0.093
2026-04-22T11:41:07.618000,SBX_ANAES_WAVE,inspExpMarker,,,0,,,
2026-04-22T11:41:08.018000,SBX_ANAES_WAVE,respGas,,,0,,,
2026-04-22T11:41:08.018000,SBX_ANAES_WAVE,respGas,,,0,,,
2026-04-22T11:41:08.018000,SBX_ANAES_WAVE,flow,,,10,36.95,46.156,40.8892
2026-04-22T11:41:08.018000,SBX_ANAES_WAVE,volume,,,10,60.0,308.0,186.6
2026-04-22T11:41:08.018000,SBX_ANAES_WAVE,pressure,,,10,0.96,1.33,1.086
2026-04-22T11:41:08.018000,SBX_ANAES_WAVE,inspExpMarker,,,0,,,
2026-04-22T11:41:08.417000,SBX_ANAES_WAVE,respGas,,,0,,,
2026-04-22T11:41:08.417000,SBX_ANAES_WAVE,respGas,,,0,,,
2026-04-22T11:41:08.417000,SBX_ANAES_WAVE,flow,,,10,39.394,40.143,39.7822
2026-04-22T11:41:08.417000,SBX_ANAES_WAVE,volume,,,10,335.0,573.0,454.2
2026-04-22T11:41:08.417000,SBX_ANAES_WAVE,pressure,,,10,1.09,1.26,1.206
2026-04-22T11:41:08.417000,SBX_ANAES_WAVE,inspExpMarker,,,0,,,
2026-04-22T11:41:08.822000,SBX_ANAES_WAVE,respGas,,,0,,,
2026-04-22T11:41:08.822000,SBX_ANAES_WAVE,respGas,,,0,,,
2026-04-22T11:41:08.822000,SBX_ANAES_WAVE,flow,,,10,6.696,40.202,23.5561
2026-04-22T11:41:08.822000,SBX_ANAES_WAVE,volume,,,10,600.0,740.0,691.2
2026-04-22T11:41:08.822000,SBX_ANAES_WAVE,pressure,,,10,-0.03,1.24,0.623
2026-04-22T11:41:08.822000,SBX_ANAES_WAVE,inspExpMarker,,,0,,,
2026-04-22T11:41:09.273000,SBX_ANAES_WAVE,respGas,,,0,,,
2026-04-22T11:41:09.273000,SBX_ANAES_WAVE,respGas,,,0,,,
2026-04-22T11:41:09.273000,SBX_ANAES_WAVE,flow,,,10,7.341,7.663,7.5462
2026-04-22T11:41:09.273000,SBX_ANAES_WAVE,volume,,,10,745.0,790.0,767.5
2026-04-22T11:41:09.273000,SBX_ANAES_WAVE,pressure,,,10,0.16,0.21,0.182
2026-04-22T11:41:09.273000,SBX_ANAES_WAVE,inspExpMarker,,,0,,,
2026-04-22T11:41:09.617000,SBX_ANAES_WAVE,respGas,,,0,,,
2026-04-22T11:41:09.617000,SBX_ANAES_WAVE,respGas,,,0,,,
2026-04-22T11:41:09.617000,SBX_ANAES_WAVE,flow,,,10,7.715,7.874,7.7957
2026-04-22T11:41:09.617000,SBX_ANAES_WAVE,volume,,,10,795.0,842.0,818.6
2026-04-22T11:41:09.617000,SBX_ANAES_WAVE,pressure,,,10,0.18,0.23,0.215
2026-04-22T11:41:09.617000,SBX_ANAES_WAVE,inspExpMarker,,,0,,,
2026-04-22T11:41:10.017000,SBX_ANAES_WAVE,respGas,,,0,,,
2026-04-22T11:41:10.017000,SBX_ANAES_WAVE,respGas,,,0,,,
2026-04-22T11:41:10.017000,SBX_ANAES_WAVE,flow,,,10,7.876,8.06,7.9533
2026-04-22T11:41:10.017000,SBX_ANAES_WAVE,volume,,,10,847.0,895.0,871.1
2026-04-22T11:41:10.017000,SBX_ANAES_WAVE,pressure,,,10,0.23,0.3,0.263
2026-04-22T11:41:10.017000,SBX_ANAES_WAVE,inspExpMarker,,,0,,,
2026-04-22T11:41:10.417000,SBX_ANAES_WAVE,respGas,,,0,,,
2026-04-22T11:41:10.417000,SBX_ANAES_WAVE,respGas,,,0,,,
2026-04-22T11:41:10.417000,SBX_ANAES_WAVE,flow,,,10,7.996,8.15,8.0947
2026-04-22T11:41:10.417000,SBX_ANAES_WAVE,volume,,,10,900.0,949.0,924.7
2026-04-22T11:41:10.417000,SBX_ANAES_WAVE,pressure,,,10,0.28,0.29,0.281
2026-04-22T11:41:10.417000,SBX_ANAES_WAVE,inspExpMarker,,,0,,,
2026-04-22T11:41:10.818000,SBX_ANAES_WAVE,respGas,,,0,,,
2026-04-22T11:41:10.818000,SBX_ANAES_WAVE,respGas,,,0,,,
2026-04-22T11:41:10.818000,SBX_ANAES_WAVE,flow,,,10,8.124,8.338,8.2478
2026-04-22T11:41:10.818000,SBX_ANAES_WAVE,volume,,,10,954.0,1004.0,979.0
2026-04-22T11:41:10.818000,SBX_ANAES_WAVE,pressure,,,10,0.28,0.31,0.299
2026-04-22T11:41:10.818000,SBX_ANAES_WAVE,inspExpMarker,,,0,,,
2026-04-22T11:41:11.271000,SBX_ANAES_WAVE,respGas,,,0,,,
2026-04-22T11:41:11.271000,SBX_ANAES_WAVE,respGas,,,0,,,
2026-04-22T11:41:11.271000,SBX_ANAES_WAVE,flow,,,10,8.293,8.429,8.3781
2026-04-22T11:41:11.271000,SBX_ANAES_WAVE,volume,,,10,1009.0,1060.0,1034.6
2026-04-22T11:41:11.271000,SBX_ANAES_WAVE,pressure,,,10,0.32,0.32,0.32
2026-04-22T11:41:11.271000,SBX_ANAES_WAVE,inspExpMarker,,,0,,,
2026-04-22T11:41:11.617000,SBX_ANAES_WAVE,respGas,,,0,,,
2026-04-22T11:41:11.617000,SBX_ANAES_WAVE,respGas,,,0,,,
2026-04-22T11:41:11.617000,SBX_ANAES_WAVE,flow,,,10,8.427,8.569,8.4964
2026-04-22T11:41:11.617000,SBX_ANAES_WAVE,volume,,,10,1065.0,1116.0,1090.8
2026-04-22T11:41:11.617000,SBX_ANAES_WAVE,pressure,,,10,0.3,0.32,0.315
2026-04-22T11:41:11.617000,SBX_ANAES_WAVE,inspExpMarker,,,0,,,
2026-04-22T11:41:12.017000,SBX_ANAES_WAVE,respGas,,,0,,,
2026-04-22T11:41:12.017000,SBX_ANAES_WAVE,respGas,,,0,,,
2026-04-22T11:41:12.017000,SBX_ANAES_WAVE,flow,,,10,8.518,8.821,8.7009
2026-04-22T11:41:12.017000,SBX_ANAES_WAVE,volume,,,10,1122.0,1174.0,1148.1
2026-04-22T11:41:12.017000,SBX_ANAES_WAVE,pressure,,,10,0.23,0.29,0.243
2026-04-22T11:41:12.017000,SBX_ANAES_WAVE,inspExpMarker,,,0,,,
2026-04-22T11:41:12.418000,SBX_ANAES_WAVE,respGas,,,0,,,
2026-04-22T11:41:12.418000,SBX_ANAES_WAVE,respGas,,,0,,,
2026-04-22T11:41:12.418000,SBX_ANAES_WAVE,flow,,,10,8.69,8.875,8.7981
2026-04-22T11:41:12.418000,SBX_ANAES_WAVE,volume,,,10,1056.0,1227.0,1188.7
2026-04-22T11:41:12.418000,SBX_ANAES_WAVE,pressure,,,10,0.21,0.23,0.228
2026-04-22T11:41:12.418000,SBX_ANAES_WAVE,inspExpMarker,,,0,,,
2026-04-22T11:41:12.817000,SBX_ANAES_WAVE,respGas,,,0,,,
2026-04-22T11:41:12.817000,SBX_ANAES_WAVE,respGas,,,0,,,
2026-04-22T11:41:12.817000,SBX_ANAES_WAVE,flow,,,10,10.149,39.442,33.693
2026-04-22T11:41:12.817000,SBX_ANAES_WAVE,volume,,,10,12.0,360.0,133.7
2026-04-22T11:41:12.817000,SBX_ANAES_WAVE,pressure,,,10,0.33,1.4,1.141
2026-04-22T11:41:12.817000,SBX_ANAES_WAVE,inspExpMarker,,,0,,,
2026-04-22T11:41:13.266000,SBX_ANAES_WAVE,respGas,,,0,,,
2026-04-22T11:41:13.266000,SBX_ANAES_WAVE,respGas,,,0,,,
2026-04-22T11:41:13.266000,SBX_ANAES_WAVE,flow,,,10,37.88,39.403,38.8126
2026-04-22T11:41:13.266000,SBX_ANAES_WAVE,volume,,,10,238.0,471.0,354.8
2026-04-22T11:41:13.266000,SBX_ANAES_WAVE,pressure,,,10,1.44,2.25,1.792
2026-04-22T11:41:13.266000,SBX_ANAES_WAVE,inspExpMarker,,,0,,,
2026-04-22T11:41:13.617000,SBX_ANAES_WAVE,respGas,,,0,,,
2026-04-22T11:41:13.617000,SBX_ANAES_WAVE,respGas,,,0,,,
2026-04-22T11:41:13.617000,SBX_ANAES_WAVE,flow,,,10,25.743,38.021,35.3025
2026-04-22T11:41:13.617000,SBX_ANAES_WAVE,volume,,,10,496.0,711.0,606.7
2026-04-22T11:41:13.617000,SBX_ANAES_WAVE,pressure,,,10,2.42,4.91,3.617
2026-04-22T11:41:13.617000,SBX_ANAES_WAVE,inspExpMarker,,,0,,,
2026-04-22T11:41:14.016000,SBX_ANAES_WAVE,respGas,,,0,,,
2026-04-22T11:41:14.016000,SBX_ANAES_WAVE,respGas,,,0,,,
2026-04-22T11:41:14.016000,SBX_ANAES_WAVE,flow,,,10,4.666,10.452,6.2486
2026-04-22T11:41:14.016000,SBX_ANAES_WAVE,volume,,,10,722.0,758.0,740.1
2026-04-22T11:41:14.016000,SBX_ANAES_WAVE,pressure,,,10,4.79,6.0,5.481
2026-04-22T11:41:14.016000,SBX_ANAES_WAVE,inspExpMarker,,,0,,,
2026-04-22T11:41:14.417000,SBX_ANAES_WAVE,respGas,,,0,,,
2026-04-22T11:41:14.417000,SBX_ANAES_WAVE,respGas,,,0,,,
2026-04-22T11:41:14.417000,SBX_ANAES_WAVE,flow,,,10,3.292,5.528,4.5034
2026-04-22T11:41:14.417000,SBX_ANAES_WAVE,volume,,,10,762.0,789.0,776.1
2026-04-22T11:41:14.417000,SBX_ANAES_WAVE,pressure,,,10,6.1,6.89,6.526
2026-04-22T11:41:14.417000,SBX_ANAES_WAVE,inspExpMarker,,,0,,,
2026-04-22T11:41:14.817000,SBX_ANAES_WAVE,respGas,,,0,,,
2026-04-22T11:41:14.817000,SBX_ANAES_WAVE,respGas,,,0,,,
2026-04-22T11:41:14.817000,SBX_ANAES_WAVE,flow,,,10,2.172,26.441,12.4891
2026-04-22T11:41:14.817000,SBX_ANAES_WAVE,volume,,,10,4.0,794.0,353.8
2026-04-22T11:41:14.817000,SBX_ANAES_WAVE,pressure,,,10,6.96,10.31,8.026
2026-04-22T11:41:14.817000,SBX_ANAES_WAVE,inspExpMarker,,,0,,,
2026-04-22T11:41:15.268000,SBX_ANAES_WAVE,respGas,,,0,,,
2026-04-22T11:41:15.268000,SBX_ANAES_WAVE,respGas,,,0,,,
2026-04-22T11:41:15.268000,SBX_ANAES_WAVE,flow,,,10,25.372,26.23,25.6097
2026-04-22T11:41:15.268000,SBX_ANAES_WAVE,volume,,,10,86.0,239.0,162.5
2026-04-22T11:41:15.268000,SBX_ANAES_WAVE,pressure,,,10,10.99,16.94,14.037
2026-04-22T11:41:15.268000,SBX_ANAES_WAVE,inspExpMarker,,,0,,,
2026-04-22T11:41:15.617000,SBX_ANAES_WAVE,respGas,,,0,,,
2026-04-22T11:41:15.617000,SBX_ANAES_WAVE,respGas,,,0,,,
2026-04-22T11:41:15.617000,SBX_ANAES_WAVE,flow,,,10,24.807,25.164,25.0185
2026-04-22T11:41:15.617000,SBX_ANAES_WAVE,volume,,,10,256.0,406.0,331.0
2026-04-22T11:41:15.617000,SBX_ANAES_WAVE,pressure,,,10,17.55,22.68,20.189
2026-04-22T11:41:15.617000,SBX_ANAES_WAVE,inspExpMarker,,,0,,,
2026-04-22T11:41:16.023000,SBX_ANAES_WAVE,respGas,,,0,,,
2026-04-22T11:41:16.023000,SBX_ANAES_WAVE,respGas,,,0,,,
2026-04-22T11:41:16.023000,SBX_ANAES_WAVE,flow,,,10,-61.87,25.243,-4.96
2026-04-22T11:41:16.023000,SBX_ANAES_WAVE,volume,,,10,399.0,487.0,455.3
2026-04-22T11:41:16.023000,SBX_ANAES_WAVE,pressure,,,10,19.38,24.44,23.176
2026-04-22T11:41:16.023000,SBX_ANAES_WAVE,inspExpMarker,,,0,,,
2026-04-22T11:41:16.419000,SBX_ANAES_WAVE,respGas,,,0,,,
2026-04-22T11:41:16.419000,SBX_ANAES_WAVE,respGas,,,0,,,
2026-04-22T11:41:16.419000,SBX_ANAES_WAVE,flow,,,10,-63.616,-18.185,-44.4107
2026-04-22T11:41:16.419000,SBX_ANAES_WAVE,volume,,,10,89.0,357.0,201.4
2026-04-22T11:41:16.419000,SBX_ANAES_WAVE,pressure,,,10,7.99,17.6,11.875
2026-04-22T11:41:16.419000,SBX_ANAES_WAVE,inspExpMarker,,,0,,,
2026-04-22T11:41:16.816000,SBX_ANAES_WAVE,respGas,,,0,,,
2026-04-22T11:41:16.816000,SBX_ANAES_WAVE,respGas,,,0,,,
2026-04-22T11:41:16.816000,SBX_ANAES_WAVE,flow,,,10,-12.269,-0.883,-3.2989
2026-04-22T11:41:16.816000,SBX_ANAES_WAVE,volume,,,10,63.0,80.0,67.5
2026-04-22T11:41:16.816000,SBX_ANAES_WAVE,pressure,,,10,7.33,7.71,7.435
2026-04-22T11:41:16.816000,SBX_ANAES_WAVE,inspExpMarker,,,0,,,
2026-04-22T11:41:17.271000,SBX_ANAES_WAVE,respGas,,,0,,,
2026-04-22T11:41:17.271000,SBX_ANAES_WAVE,respGas,,,0,,,
2026-04-22T11:41:17.271000,SBX_ANAES_WAVE,flow,,,10,-0.92,-0.456,-0.6915
2026-04-22T11:41:17.271000,SBX_ANAES_WAVE,volume,,,10,58.0,62.0,59.7
2026-04-22T11:41:17.271000,SBX_ANAES_WAVE,pressure,,,10,7.15,7.29,7.202
2026-04-22T11:41:17.271000,SBX_ANAES_WAVE,inspExpMarker,,,0,,,
2026-04-22T11:41:17.616000,SBX_ANAES_WAVE,respGas,,,0,,,
2026-04-22T11:41:17.616000,SBX_ANAES_WAVE,respGas,,,0,,,
2026-04-22T11:41:17.616000,SBX_ANAES_WAVE,flow,,,10,-0.411,0.0,-0.192
2026-04-22T11:41:17.616000,SBX_ANAES_WAVE,volume,,,10,57.0,58.0,57.1
2026-04-22T11:41:17.616000,SBX_ANAES_WAVE,pressure,,,10,7.0,7.12,7.047
2026-04-22T11:41:17.616000,SBX_ANAES_WAVE,inspExpMarker,,,0,,,
2026-04-22T11:41:18.017000,SBX_ANAES_WAVE,respGas,,,0,,,
2026-04-22T11:41:18.017000,SBX_ANAES_WAVE,respGas,,,0,,,
2026-04-22T11:41:18.017000,SBX_ANAES_WAVE,flow,,,10,-0.047,0.202,0.0577
2026-04-22T11:41:18.017000,SBX_ANAES_WAVE,volume,,,10,56.0,57.0,56.3
2026-04-22T11:41:18.017000,SBX_ANAES_WAVE,pressure,,,10,6.87,6.98,6.909
2026-04-22T11:41:18.017000,SBX_ANAES_WAVE,inspExpMarker,,,0,,,
2026-04-22T11:41:18.423000,SBX_ANAES_WAVE,respGas,,,0,,,
2026-04-22T11:41:18.423000,SBX_ANAES_WAVE,respGas,,,0,,,
2026-04-22T11:41:18.423000,SBX_ANAES_WAVE,flow,,,10,0.229,0.399,0.3079
2026-04-22T11:41:18.423000,SBX_ANAES_WAVE,volume,,,10,57.0,59.0,57.8
2026-04-22T11:41:18.423000,SBX_ANAES_WAVE,pressure,,,10,6.87,6.87,6.87
2026-04-22T11:41:18.423000,SBX_ANAES_WAVE,inspExpMarker,,,0,,,
2026-04-22T11:41:18.823000,SBX_ANAES_WAVE,respGas,,,0,,,
2026-04-22T11:41:18.823000,SBX_ANAES_WAVE,respGas,,,0,,,
2026-04-22T11:41:18.823000,SBX_ANAES_WAVE,flow,,,10,0.257,0.453,0.3963
2026-04-22T11:41:18.823000,SBX_ANAES_WAVE,volume,,,10,59.0,61.0,60.3
2026-04-22T11:41:18.823000,SBX_ANAES_WAVE,pressure,,,10,6.86,6.87,6.869
2026-04-22T11:41:18.823000,SBX_ANAES_WAVE,inspExpMarker,,,0,,,
2026-04-22T11:41:19.282000,SBX_ANAES_WAVE,respGas,,,0,,,
2026-04-22T11:41:19.282000,SBX_ANAES_WAVE,respGas,,,0,,,
2026-04-22T11:41:19.282000,SBX_ANAES_WAVE,flow,,,10,0.147,0.409,0.281
2026-04-22T11:41:19.282000,SBX_ANAES_WAVE,volume,,,10,62.0,63.0,62.4
2026-04-22T11:41:19.282000,SBX_ANAES_WAVE,pressure,,,10,6.82,6.87,6.841
2026-04-22T11:41:19.282000,SBX_ANAES_WAVE,inspExpMarker,,,0,,,
2026-04-22T11:41:19.625000,SBX_ANAES_WAVE,respGas,,,0,,,
2026-04-22T11:41:19.625000,SBX_ANAES_WAVE,respGas,,,0,,,
2026-04-22T11:41:19.625000,SBX_ANAES_WAVE,flow,,,10,0.406,0.516,0.4559
2026-04-22T11:41:19.625000,SBX_ANAES_WAVE,volume,,,10,64.0,66.0,64.9
2026-04-22T11:41:19.625000,SBX_ANAES_WAVE,pressure,,,10,6.82,6.82,6.82
2026-04-22T11:41:19.625000,SBX_ANAES_WAVE,inspExpMarker,,,0,,,
2026-04-22T11:41:20.016000,SBX_ANAES_WAVE,respGas,,,0,,,
2026-04-22T11:41:20.016000,SBX_ANAES_WAVE,respGas,,,0,,,
2026-04-22T11:41:20.016000,SBX_ANAES_WAVE,flow,,,10,0.502,0.585,0.5476
2026-04-22T11:41:20.016000,SBX_ANAES_WAVE,volume,,,10,67.0,70.0,68.3
2026-04-22T11:41:20.016000,SBX_ANAES_WAVE,pressure,,,10,6.82,6.82,6.82
2026-04-22T11:41:20.016000,SBX_ANAES_WAVE,inspExpMarker,,,0,,,
2026-04-22T11:41:20.419000,SBX_ANAES_WAVE,respGas,,,0,,,
2026-04-22T11:41:20.419000,SBX_ANAES_WAVE,respGas,,,0,,,
2026-04-22T11:41:20.419000,SBX_ANAES_WAVE,flow,,,10,0.547,0.654,0.5923
2026-04-22T11:41:20.419000,SBX_ANAES_WAVE,volume,,,10,70.0,74.0,72.0
2026-04-22T11:41:20.419000,SBX_ANAES_WAVE,pressure,,,10,6.82,6.87,6.86
2026-04-22T11:41:20.419000,SBX_ANAES_WAVE,inspExpMarker,,,0,,,
2026-04-22T11:41:20.850000,SBX_ANAES_WAVE,respGas,,,0,,,
2026-04-22T11:41:20.850000,SBX_ANAES_WAVE,respGas,,,0,,,
2026-04-22T11:41:20.850000,SBX_ANAES_WAVE,flow,,,10,0.565,0.601,0.5842
2026-04-22T11:41:20.850000,SBX_ANAES_WAVE,volume,,,10,74.0,78.0,76.0
2026-04-22T11:41:20.850000,SBX_ANAES_WAVE,pressure,,,10,6.87,6.91,6.883
2026-04-22T11:41:20.850000,SBX_ANAES_WAVE,inspExpMarker,,,0,,,
2026-04-22T11:41:21.267000,SBX_ANAES_WAVE,respGas,,,0,,,
2026-04-22T11:41:21.267000,SBX_ANAES_WAVE,respGas,,,0,,,
2026-04-22T11:41:21.267000,SBX_ANAES_WAVE,flow,,,10,0.255,0.589,0.473
2026-04-22T11:41:21.267000,SBX_ANAES_WAVE,volume,,,10,78.0,81.0,79.8
2026-04-22T11:41:21.267000,SBX_ANAES_WAVE,pressure,,,10,6.91,6.91,6.91
2026-04-22T11:41:21.267000,SBX_ANAES_WAVE,inspExpMarker,,,0,,,
2026-04-22T11:41:21.618000,SBX_ANAES_WAVE,respGas,,,0,,,
2026-04-22T11:41:21.618000,SBX_ANAES_WAVE,respGas,,,0,,,
2026-04-22T11:41:21.618000,SBX_ANAES_WAVE,flow,,,10,0.334,0.47,0.4137
2026-04-22T11:41:21.618000,SBX_ANAES_WAVE,volume,,,10,81.0,84.0,82.4
2026-04-22T11:41:21.618000,SBX_ANAES_WAVE,pressure,,,10,6.87,6.9,6.874
2026-04-22T11:41:21.618000,SBX_ANAES_WAVE,inspExpMarker,,,0,,,
2026-04-22T11:41:22.019000,SBX_ANAES_WAVE,respGas,,,0,,,
2026-04-22T11:41:22.019000,SBX_ANAES_WAVE,respGas,,,0,,,
2026-04-22T11:41:22.019000,SBX_ANAES_WAVE,flow,,,10,0.496,0.573,0.5388
2026-04-22T11:41:22.019000,SBX_ANAES_WAVE,volume,,,10,84.0,87.0,85.6
2026-04-22T11:41:22.019000,SBX_ANAES_WAVE,pressure,,,10,6.87,6.88,6.871
2026-04-22T11:41:22.019000,SBX_ANAES_WAVE,inspExpMarker,,,0,,,
2026-04-22T11:41:22.421000,SBX_ANAES_WAVE,respGas,,,0,,,
2026-04-22T11:41:22.421000,SBX_ANAES_WAVE,respGas,,,0,,,
2026-04-22T11:41:22.421000,SBX_ANAES_WAVE,flow,,,10,0.555,0.597,0.5808
2026-04-22T11:41:22.421000,SBX_ANAES_WAVE,volume,,,10,78.0,91.0,88.1
2026-04-22T11:41:22.421000,SBX_ANAES_WAVE,pressure,,,10,6.89,6.93,6.911
2026-04-22T11:41:22.421000,SBX_ANAES_WAVE,inspExpMarker,,,0,,,
2026-04-22T11:41:22.818000,SBX_ANAES_WAVE,respGas,,,0,,,
2026-04-22T11:41:22.818000,SBX_ANAES_WAVE,respGas,,,0,,,
2026-04-22T11:41:22.818000,SBX_ANAES_WAVE,flow,,,10,1.443,28.331,23.2854
2026-04-22T11:41:22.818000,SBX_ANAES_WAVE,volume,,,10,4.0,147.0,69.1
2026-04-22T11:41:22.818000,SBX_ANAES_WAVE,pressure,,,10,7.07,13.71,10.289
2026-04-22T11:41:22.818000,SBX_ANAES_WAVE,inspExpMarker,,,0,,,
2026-04-22T11:41:23.266000,SBX_ANAES_WAVE,respGas,,,0,,,
2026-04-22T11:41:23.266000,SBX_ANAES_WAVE,respGas,,,0,,,
2026-04-22T11:41:23.266000,SBX_ANAES_WAVE,flow,,,10,26.93,27.589,27.2147
2026-04-22T11:41:23.266000,SBX_ANAES_WAVE,volume,,,10,165.0,328.0,246.8
2026-04-22T11:41:23.266000,SBX_ANAES_WAVE,pressure,,,10,14.43,20.58,17.561
2026-04-22T11:41:23.266000,SBX_ANAES_WAVE,inspExpMarker,,,0,,,
2026-04-22T11:41:23.616000,SBX_ANAES_WAVE,respGas,,,0,,,
2026-04-22T11:41:23.616000,SBX_ANAES_WAVE,respGas,,,0,,,
2026-04-22T11:41:23.616000,SBX_ANAES_WAVE,flow,,,10,21.438,27.575,26.6373
2026-04-22T11:41:23.616000,SBX_ANAES_WAVE,volume,,,10,347.0,508.0,428.3
2026-04-22T11:41:23.616000,SBX_ANAES_WAVE,pressure,,,10,21.16,25.75,23.734
2026-04-22T11:41:23.616000,SBX_ANAES_WAVE,inspExpMarker,,,0,,,
2026-04-22T11:41:24.031000,SBX_ANAES_WAVE,respGas,,,0,,,
2026-04-22T11:41:24.031000,SBX_ANAES_WAVE,respGas,,,0,,,
2026-04-22T11:41:24.031000,SBX_ANAES_WAVE,flow,,,10,-68.477,9.879,-42.5139
2026-04-22T11:41:24.031000,SBX_ANAES_WAVE,volume,,,10,249.0,522.0,420.3
2026-04-22T11:41:24.031000,SBX_ANAES_WAVE,pressure,,,10,13.58,25.81,20.697
2026-04-22T11:41:24.031000,SBX_ANAES_WAVE,inspExpMarker,,,0,,,
2026-04-22T11:41:24.423000,SBX_ANAES_WAVE,respGas,,,0,,,
2026-04-22T11:41:24.423000,SBX_ANAES_WAVE,respGas,,,0,,,
2026-04-22T11:41:24.423000,SBX_ANAES_WAVE,flow,,,10,-55.781,-3.173,-26.7003
2026-04-22T11:41:24.423000,SBX_ANAES_WAVE,volume,,,10,54.0,210.0,107.2
2026-04-22T11:41:24.423000,SBX_ANAES_WAVE,pressure,,,10,7.29,12.17,8.857
2026-04-22T11:41:24.423000,SBX_ANAES_WAVE,inspExpMarker,,,0,,,
2026-04-22T11:41:24.816000,SBX_ANAES_WAVE,respGas,,,0,,,
2026-04-22T11:41:24.816000,SBX_ANAES_WAVE,respGas,,,0,,,
2026-04-22T11:41:24.816000,SBX_ANAES_WAVE,flow,,,10,-1.851,-0.626,-0.8574
2026-04-22T11:41:24.816000,SBX_ANAES_WAVE,volume,,,10,47.0,52.0,49.5
2026-04-22T11:41:24.816000,SBX_ANAES_WAVE,pressure,,,10,7.16,7.24,7.213
2026-04-22T11:41:24.816000,SBX_ANAES_WAVE,inspExpMarker,,,0,,,
2026-04-22T11:41:25.282000,SBX_ANAES_WAVE,respGas,,,0,,,
2026-04-22T11:41:25.282000,SBX_ANAES_WAVE,respGas,,,0,,,
2026-04-22T11:41:25.282000,SBX_ANAES_WAVE,flow,,,10,-0.621,-0.278,-0.4685
2026-04-22T11:41:25.282000,SBX_ANAES_WAVE,volume,,,10,44.0,47.0,45.2
2026-04-22T11:41:25.282000,SBX_ANAES_WAVE,pressure,,,10,7.01,7.15,7.069
2026-04-22T11:41:25.282000,SBX_ANAES_WAVE,inspExpMarker,,,0,,,
2026-04-22T11:41:25.618000,SBX_ANAES_WAVE,respGas,,,0,,,
2026-04-22T11:41:25.618000,SBX_ANAES_WAVE,respGas,,,0,,,
2026-04-22T11:41:25.618000,SBX_ANAES_WAVE,flow,,,10,-0.267,0.002,-0.1377
2026-04-22T11:41:25.618000,SBX_ANAES_WAVE,volume,,,10,43.0,44.0,43.3
2026-04-22T11:41:25.618000,SBX_ANAES_WAVE,pressure,,,10,6.87,7.0,6.924
2026-04-22T11:41:25.618000,SBX_ANAES_WAVE,inspExpMarker,,,0,,,
2026-04-22T11:41:26.016000,SBX_ANAES_WAVE,respGas,,,0,,,
2026-04-22T11:41:26.016000,SBX_ANAES_WAVE,respGas,,,0,,,
2026-04-22T11:41:26.016000,SBX_ANAES_WAVE,flow,,,10,0.056,29.549,14.4724
2026-04-22T11:41:26.016000,SBX_ANAES_WAVE,volume,,,10,6.0,86.0,40.1
2026-04-22T11:41:26.016000,SBX_ANAES_WAVE,pressure,,,10,6.87,11.17,8.269
2026-04-22T11:41:26.016000,SBX_ANAES_WAVE,inspExpMarker,,,0,,,
2026-04-22T11:41:26.416000,SBX_ANAES_WAVE,respGas,,,0,,,
2026-04-22T11:41:26.416000,SBX_ANAES_WAVE,respGas,,,0,,,
2026-04-22T11:41:26.416000,SBX_ANAES_WAVE,flow,,,10,28.782,29.584,29.2352
2026-04-22T11:41:26.416000,SBX_ANAES_WAVE,volume,,,10,106.0,281.0,193.9
2026-04-22T11:41:26.416000,SBX_ANAES_WAVE,pressure,,,10,12.01,18.93,15.556
2026-04-22T11:41:26.416000,SBX_ANAES_WAVE,inspExpMarker,,,0,,,
2026-04-22T11:41:26.818000,SBX_ANAES_WAVE,respGas,,,0,,,
2026-04-22T11:41:26.818000,SBX_ANAES_WAVE,respGas,,,0,,,
2026-04-22T11:41:26.818000,SBX_ANAES_WAVE,flow,,,10,28.684,29.099,28.9114
2026-04-22T11:41:26.818000,SBX_ANAES_WAVE,volume,,,10,301.0,474.0,387.2
2026-04-22T11:41:26.818000,SBX_ANAES_WAVE,pressure,,,10,19.64,25.29,22.523
2026-04-22T11:41:26.818000,SBX_ANAES_WAVE,inspExpMarker,,,0,,,
2026-04-22T11:41:27.279000,SBX_ANAES_WAVE,respGas,,,0,,,
2026-04-22T11:41:27.279000,SBX_ANAES_WAVE,respGas,,,0,,,
2026-04-22T11:41:27.279000,SBX_ANAES_WAVE,flow,,,10,-72.336,28.988,-11.5041
2026-04-22T11:41:27.279000,SBX_ANAES_WAVE,volume,,,10,428.0,556.0,515.9
2026-04-22T11:41:27.279000,SBX_ANAES_WAVE,pressure,,,10,19.96,26.75,25.047
2026-04-22T11:41:27.279000,SBX_ANAES_WAVE,inspExpMarker,,,0,,,
2026-04-22T11:41:27.616000,SBX_ANAES_WAVE,respGas,,,0,,,
2026-04-22T11:41:27.616000,SBX_ANAES_WAVE,respGas,,,0,,,
2026-04-22T11:41:27.616000,SBX_ANAES_WAVE,flow,,,10,-73.293,-10.248,-44.7408
2026-04-22T11:41:27.616000,SBX_ANAES_WAVE,volume,,,10,111.0,379.0,211.9
2026-04-22T11:41:27.616000,SBX_ANAES_WAVE,pressure,,,10,9.31,18.06,12.439
2026-04-22T11:41:27.616000,SBX_ANAES_WAVE,inspExpMarker,,,0,,,
2026-04-22T11:41:28.018000,SBX_ANAES_WAVE,respGas,,,0,,,
2026-04-22T11:41:28.018000,SBX_ANAES_WAVE,respGas,,,0,,,
2026-04-22T11:41:28.018000,SBX_ANAES_WAVE,flow,,,10,-6.586,-2.546,-3.537
2026-04-22T11:41:28.018000,SBX_ANAES_WAVE,volume,,,10,85.0,105.0,94.3
2026-04-22T11:41:28.018000,SBX_ANAES_WAVE,pressure,,,10,8.42,9.16,8.782
2026-04-22T11:41:28.018000,SBX_ANAES_WAVE,inspExpMarker,,,0,,,
2026-04-22T11:41:28.416000,SBX_ANAES_WAVE,respGas,,,0,,,
2026-04-22T11:41:28.416000,SBX_ANAES_WAVE,respGas,,,0,,,
2026-04-22T11:41:28.416000,SBX_ANAES_WAVE,flow,,,10,-2.363,-1.107,-1.6755
2026-04-22T11:41:28.416000,SBX_ANAES_WAVE,volume,,,10,73.0,83.0,77.7
2026-04-22T11:41:28.416000,SBX_ANAES_WAVE,pressure,,,10,7.95,8.36,8.144
2026-04-22T11:41:28.416000,SBX_ANAES_WAVE,inspExpMarker,,,0,,,
2026-04-22T11:41:28.825000,SBX_ANAES_WAVE,respGas,,,0,,,
2026-04-22T11:41:28.825000,SBX_ANAES_WAVE,respGas,,,0,,,
2026-04-22T11:41:28.825000,SBX_ANAES_WAVE,flow,,,10,-1.048,-0.52,-0.7817
2026-04-22T11:41:28.825000,SBX_ANAES_WAVE,volume,,,10,68.0,73.0,70.1
2026-04-22T11:41:28.825000,SBX_ANAES_WAVE,pressure,,,10,7.7,7.92,7.807
2026-04-22T11:41:28.825000,SBX_ANAES_WAVE,inspExpMarker,,,0,,,
2026-04-22T11:41:29.262000,SBX_ANAES_WAVE,respGas,,,0,,,
2026-04-22T11:41:29.262000,SBX_ANAES_WAVE,respGas,,,0,,,
2026-04-22T11:41:29.262000,SBX_ANAES_WAVE,flow,,,10,-0.497,-0.081,-0.3202
2026-04-22T11:41:29.262000,SBX_ANAES_WAVE,volume,,,10,66.0,68.0,66.6
2026-04-22T11:41:29.262000,SBX_ANAES_WAVE,pressure,,,10,7.56,7.67,7.616
2026-04-22T11:41:29.262000,SBX_ANAES_WAVE,inspExpMarker,,,0,,,
2026-04-22T11:41:29.616000,SBX_ANAES_WAVE,respGas,,,0,,,
2026-04-22T11:41:29.616000,SBX_ANAES_WAVE,respGas,,,0,,,
2026-04-22T11:41:29.616000,SBX_ANAES_WAVE,flow,,,10,0.0,0.033,0.005
2026-04-22T11:41:29.616000,SBX_ANAES_WAVE,volume,,,10,66.0,66.0,66.0
2026-04-22T11:41:29.616000,SBX_ANAES_WAVE,pressure,,,10,7.42,7.56,7.48
2026-04-22T11:41:29.616000,SBX_ANAES_WAVE,inspExpMarker,,,0,,,
2026-04-22T11:41:30.016000,SBX_ANAES_WAVE,respGas,,,0,,,
2026-04-22T11:41:30.016000,SBX_ANAES_WAVE,respGas,,,0,,,
2026-04-22T11:41:30.016000,SBX_ANAES_WAVE,flow,,,10,0.081,0.263,0.1897
2026-04-22T11:41:30.016000,SBX_ANAES_WAVE,volume,,,10,66.0,67.0,66.3
2026-04-22T11:41:30.016000,SBX_ANAES_WAVE,pressure,,,10,7.38,7.42,7.396
2026-04-22T11:41:30.016000,SBX_ANAES_WAVE,inspExpMarker,,,0,,,
2026-04-22T11:41:30.417000,SBX_ANAES_WAVE,respGas,,,0,,,
2026-04-22T11:41:30.417000,SBX_ANAES_WAVE,respGas,,,0,,,
2026-04-22T11:41:30.417000,SBX_ANAES_WAVE,flow,,,10,0.255,0.382,0.3353
2026-04-22T11:41:30.417000,SBX_ANAES_WAVE,volume,,,10,67.0,69.0,68.0
2026-04-22T11:41:30.417000,SBX_ANAES_WAVE,pressure,,,10,7.34,7.38,7.372
2026-04-22T11:41:30.417000,SBX_ANAES_WAVE,inspExpMarker,,,0,,,
2026-04-22T11:41:30.816000,SBX_ANAES_WAVE,respGas,,,0,,,
2026-04-22T11:41:30.816000,SBX_ANAES_WAVE,respGas,,,0,,,
2026-04-22T11:41:30.816000,SBX_ANAES_WAVE,flow,,,10,0.36,0.406,0.387
2026-04-22T11:41:30.816000,SBX_ANAES_WAVE,volume,,,10,69.0,72.0,70.5
2026-04-22T11:41:30.816000,SBX_ANAES_WAVE,pressure,,,10,7.33,7.33,7.33
2026-04-22T11:41:30.816000,SBX_ANAES_WAVE,inspExpMarker,,,0,,,
2026-04-22T11:41:31.277000,SBX_ANAES_WAVE,respGas,,,0,,,
2026-04-22T11:41:31.277000,SBX_ANAES_WAVE,respGas,,,0,,,
2026-04-22T11:41:31.277000,SBX_ANAES_WAVE,flow,,,10,0.397,0.49,0.4452
2026-04-22T11:41:31.277000,SBX_ANAES_WAVE,volume,,,10,72.0,75.0,73.3
2026-04-22T11:41:31.277000,SBX_ANAES_WAVE,pressure,,,10,7.33,7.34,7.331
2026-04-22T11:41:31.277000,SBX_ANAES_WAVE,inspExpMarker,,,0,,,
2026-04-22T11:41:31.616000,SBX_ANAES_WAVE,respGas,,,0,,,
2026-04-22T11:41:31.616000,SBX_ANAES_WAVE,respGas,,,0,,,
2026-04-22T11:41:31.616000,SBX_ANAES_WAVE,flow,,,10,0.435,0.511,0.4683
2026-04-22T11:41:31.616000,SBX_ANAES_WAVE,volume,,,10,75.0,78.0,76.3
2026-04-22T11:41:31.616000,SBX_ANAES_WAVE,pressure,,,10,7.33,7.33,7.33
2026-04-22T11:41:31.616000,SBX_ANAES_WAVE,inspExpMarker,,,0,,,
2026-04-22T11:41:32.016000,SBX_ANAES_WAVE,respGas,,,0,,,
2026-04-22T11:41:32.016000,SBX_ANAES_WAVE,respGas,,,0,,,
2026-04-22T11:41:32.016000,SBX_ANAES_WAVE,flow,,,10,0.454,0.549,0.4893
2026-04-22T11:41:32.016000,SBX_ANAES_WAVE,volume,,,10,78.0,81.0,79.5
2026-04-22T11:41:32.016000,SBX_ANAES_WAVE,pressure,,,10,7.33,7.33,7.33
2026-04-22T11:41:32.016000,SBX_ANAES_WAVE,inspExpMarker,,,0,,,
2026-04-22T11:41:32.416000,SBX_ANAES_WAVE,respGas,,,0,,,
2026-04-22T11:41:32.416000,SBX_ANAES_WAVE,respGas,,,0,,,
2026-04-22T11:41:32.416000,SBX_ANAES_WAVE,flow,,,10,0.451,0.533,0.4829
2026-04-22T11:41:32.416000,SBX_ANAES_WAVE,volume,,,10,72.0,84.0,81.6
2026-04-22T11:41:32.416000,SBX_ANAES_WAVE,pressure,,,10,7.33,7.33,7.33
2026-04-22T11:41:32.416000,SBX_ANAES_WAVE,inspExpMarker,,,0,,,
2026-04-22T11:41:32.816000,SBX_ANAES_WAVE,respGas,,,0,,,
2026-04-22T11:41:32.816000,SBX_ANAES_WAVE,respGas,,,0,,,
2026-04-22T11:41:32.816000,SBX_ANAES_WAVE,flow,,,10,1.344,31.12,25.42
2026-04-22T11:41:32.816000,SBX_ANAES_WAVE,volume,,,10,4.0,160.0,74.4
2026-04-22T11:41:32.816000,SBX_ANAES_WAVE,pressure,,,10,7.47,14.71,10.991
2026-04-22T11:41:32.816000,SBX_ANAES_WAVE,inspExpMarker,,,0,,,
2026-04-22T11:41:33.273000,SBX_ANAES_WAVE,respGas,,,0,,,
2026-04-22T11:41:33.273000,SBX_ANAES_WAVE,respGas,,,0,,,
2026-04-22T11:41:33.273000,SBX_ANAES_WAVE,flow,,,10,29.762,30.668,30.0547
2026-04-22T11:41:33.273000,SBX_ANAES_WAVE,volume,,,10,180.0,361.0,270.3
2026-04-22T11:41:33.273000,SBX_ANAES_WAVE,pressure,,,10,15.51,22.05,18.875
2026-04-22T11:41:33.273000,SBX_ANAES_WAVE,inspExpMarker,,,0,,,
2026-04-22T11:41:33.616000,SBX_ANAES_WAVE,respGas,,,0,,,
2026-04-22T11:41:33.616000,SBX_ANAES_WAVE,respGas,,,0,,,
2026-04-22T11:41:33.616000,SBX_ANAES_WAVE,flow,,,10,23.356,30.311,29.3974
2026-04-22T11:41:33.616000,SBX_ANAES_WAVE,volume,,,10,381.0,559.0,470.8
2026-04-22T11:41:33.616000,SBX_ANAES_WAVE,pressure,,,10,22.72,27.43,25.386
2026-04-22T11:41:33.616000,SBX_ANAES_WAVE,inspExpMarker,,,0,,,
2026-04-22T11:41:34.022000,SBX_ANAES_WAVE,respGas,,,0,,,
2026-04-22T11:41:34.022000,SBX_ANAES_WAVE,respGas,,,0,,,
2026-04-22T11:41:34.022000,SBX_ANAES_WAVE,flow,,,10,-78.746,10.486,-49.6671
2026-04-22T11:41:34.022000,SBX_ANAES_WAVE,volume,,,10,255.0,574.0,453.1
2026-04-22T11:41:34.022000,SBX_ANAES_WAVE,pressure,,,10,13.87,27.39,21.611
2026-04-22T11:41:34.022000,SBX_ANAES_WAVE,inspExpMarker,,,0,,,
2026-04-22T11:41:34.416000,SBX_ANAES_WAVE,respGas,,,0,,,
2026-04-22T11:41:34.416000,SBX_ANAES_WAVE,respGas,,,0,,,
2026-04-22T11:41:34.416000,SBX_ANAES_WAVE,flow,,,10,-61.267,-4.828,-23.6445
2026-04-22T11:41:34.416000,SBX_ANAES_WAVE,volume,,,10,78.0,212.0,121.1
2026-04-22T11:41:34.416000,SBX_ANAES_WAVE,pressure,,,10,8.46,12.4,9.763
2026-04-22T11:41:34.416000,SBX_ANAES_WAVE,inspExpMarker,,,0,,,
2026-04-22T11:41:34.815000,SBX_ANAES_WAVE,respGas,,,0,,,
2026-04-22T11:41:34.815000,SBX_ANAES_WAVE,respGas,,,0,,,
2026-04-22T11:41:34.815000,SBX_ANAES_WAVE,flow,,,10,-4.29,-2.492,-3.4048
2026-04-22T11:41:34.815000,SBX_ANAES_WAVE,volume,,,10,55.0,75.0,64.6
2026-04-22T11:41:34.815000,SBX_ANAES_WAVE,pressure,,,10,7.62,8.36,7.971
2026-04-22T11:41:34.815000,SBX_ANAES_WAVE,inspExpMarker,,,0,,,
2026-04-22T11:41:35.277000,SBX_ANAES_WAVE,respGas,,,0,,,
2026-04-22T11:41:35.277000,SBX_ANAES_WAVE,respGas,,,0,,,
2026-04-22T11:41:35.277000,SBX_ANAES_WAVE,flow,,,10,-2.276,-1.075,-1.6313
2026-04-22T11:41:35.277000,SBX_ANAES_WAVE,volume,,,10,44.0,53.0,48.0
2026-04-22T11:41:35.277000,SBX_ANAES_WAVE,pressure,,,10,7.16,7.56,7.347
2026-04-22T11:41:35.277000,SBX_ANAES_WAVE,inspExpMarker,,,0,,,
2026-04-22T11:41:35.620000,SBX_ANAES_WAVE,respGas,,,0,,,
2026-04-22T11:41:35.620000,SBX_ANAES_WAVE,respGas,,,0,,,
2026-04-22T11:41:35.620000,SBX_ANAES_WAVE,flow,,,10,-1.004,-0.487,-0.7143
2026-04-22T11:41:35.620000,SBX_ANAES_WAVE,volume,,,10,39.0,43.0,40.7
2026-04-22T11:41:35.620000,SBX_ANAES_WAVE,pressure,,,10,6.96,7.15,7.045
2026-04-22T11:41:35.620000,SBX_ANAES_WAVE,inspExpMarker,,,0,,,
2026-04-22T11:41:36.018000,SBX_ANAES_WAVE,respGas,,,0,,,
2026-04-22T11:41:36.018000,SBX_ANAES_WAVE,respGas,,,0,,,
2026-04-22T11:41:36.018000,SBX_ANAES_WAVE,flow,,,10,-0.415,-0.083,-0.2347
2026-04-22T11:41:36.018000,SBX_ANAES_WAVE,volume,,,10,37.0,39.0,37.7
2026-04-22T11:41:36.018000,SBX_ANAES_WAVE,pressure,,,10,6.82,6.95,6.882
2026-04-22T11:41:36.018000,SBX_ANAES_WAVE,inspExpMarker,,,0,,,
2026-04-22T11:41:36.416000,SBX_ANAES_WAVE,respGas,,,0,,,
2026-04-22T11:41:36.416000,SBX_ANAES_WAVE,respGas,,,0,,,
2026-04-22T11:41:36.416000,SBX_ANAES_WAVE,flow,,,10,0.0,0.061,0.0128
2026-04-22T11:41:36.416000,SBX_ANAES_WAVE,volume,,,10,37.0,37.0,37.0
2026-04-22T11:41:36.416000,SBX_ANAES_WAVE,pressure,,,10,6.73,6.82,6.781
2026-04-22T11:41:36.416000,SBX_ANAES_WAVE,inspExpMarker,,,0,,,
2026-04-22T11:41:36.824000,SBX_ANAES_WAVE,respGas,,,0,,,
2026-04-22T11:41:36.824000,SBX_ANAES_WAVE,respGas,,,0,,,
2026-04-22T11:41:36.824000,SBX_ANAES_WAVE,flow,,,10,0.107,0.261,0.1955
2026-04-22T11:41:36.824000,SBX_ANAES_WAVE,volume,,,10,37.0,38.0,37.7
2026-04-22T11:41:36.824000,SBX_ANAES_WAVE,pressure,,,10,6.68,6.71,6.684
2026-04-22T11:41:36.824000,SBX_ANAES_WAVE,inspExpMarker,,,0,,,
2026-04-22T11:41:37.287000,SBX_ANAES_WAVE,respGas,,,0,,,
2026-04-22T11:41:37.287000,SBX_ANAES_WAVE,respGas,,,0,,,
2026-04-22T11:41:37.287000,SBX_ANAES_WAVE,flow,,,10,0.237,0.347,0.3165
2026-04-22T11:41:37.287000,SBX_ANAES_WAVE,volume,,,10,39.0,40.0,39.5
2026-04-22T11:41:37.287000,SBX_ANAES_WAVE,pressure,,,10,6.64,6.68,6.652
2026-04-22T11:41:37.287000,SBX_ANAES_WAVE,inspExpMarker,,,0,,,
2026-04-22T11:41:37.621000,SBX_ANAES_WAVE,respGas,,,0,,,
2026-04-22T11:41:37.621000,SBX_ANAES_WAVE,respGas,,,0,,,
2026-04-22T11:41:37.621000,SBX_ANAES_WAVE,flow,,,10,0.358,31.385,10.5222
2026-04-22T11:41:37.621000,SBX_ANAES_WAVE,volume,,,10,4.0,60.0,33.5
2026-04-22T11:41:37.621000,SBX_ANAES_WAVE,pressure,,,10,6.64,9.83,7.444
2026-04-22T11:41:37.621000,SBX_ANAES_WAVE,inspExpMarker,,,0,,,
2026-04-22T11:41:38.016000,SBX_ANAES_WAVE,respGas,,,0,,,
2026-04-22T11:41:38.016000,SBX_ANAES_WAVE,respGas,,,0,,,
2026-04-22T11:41:38.016000,SBX_ANAES_WAVE,flow,,,10,30.484,31.334,30.9556
2026-04-22T11:41:38.016000,SBX_ANAES_WAVE,volume,,,10,80.0,266.0,173.7
2026-04-22T11:41:38.016000,SBX_ANAES_WAVE,pressure,,,10,10.71,18.12,14.516
2026-04-22T11:41:38.016000,SBX_ANAES_WAVE,inspExpMarker,,,0,,,
2026-04-22T11:41:38.415000,SBX_ANAES_WAVE,respGas,,,0,,,
2026-04-22T11:41:38.415000,SBX_ANAES_WAVE,respGas,,,0,,,
2026-04-22T11:41:38.415000,SBX_ANAES_WAVE,flow,,,10,30.315,30.936,30.5783
2026-04-22T11:41:38.415000,SBX_ANAES_WAVE,volume,,,10,286.0,470.0,378.1
2026-04-22T11:41:38.415000,SBX_ANAES_WAVE,pressure,,,10,18.9,25.02,22.036
2026-04-22T11:41:38.415000,SBX_ANAES_WAVE,inspExpMarker,,,0,,,
2026-04-22T11:41:38.815000,SBX_ANAES_WAVE,respGas,,,0,,,
2026-04-22T11:41:38.815000,SBX_ANAES_WAVE,respGas,,,0,,,
2026-04-22T11:41:38.815000,SBX_ANAES_WAVE,flow,,,10,-69.857,31.075,1.6568
2026-04-22T11:41:38.815000,SBX_ANAES_WAVE,volume,,,10,490.0,585.0,546.5
2026-04-22T11:41:38.815000,SBX_ANAES_WAVE,pressure,,,10,22.78,27.31,26.2
2026-04-22T11:41:38.815000,SBX_ANAES_WAVE,inspExpMarker,,,0,,,
2026-04-22T11:41:39.259000,SBX_ANAES_WAVE,respGas,,,0,,,
2026-04-22T11:41:39.259000,SBX_ANAES_WAVE,respGas,,,0,,,
2026-04-22T11:41:39.259000,SBX_ANAES_WAVE,flow,,,10,-81.068,-20.777,-57.7852
2026-04-22T11:41:39.259000,SBX_ANAES_WAVE,volume,,,10,111.0,462.0,255.4
2026-04-22T11:41:39.259000,SBX_ANAES_WAVE,pressure,,,10,9.04,20.66,13.588
2026-04-22T11:41:39.259000,SBX_ANAES_WAVE,inspExpMarker,,,0,,,
2026-04-22T11:41:39.616000,SBX_ANAES_WAVE,respGas,,,0,,,
2026-04-22T11:41:39.616000,SBX_ANAES_WAVE,respGas,,,0,,,
2026-04-22T11:41:39.616000,SBX_ANAES_WAVE,flow,,,10,-15.483,-3.332,-6.1174
2026-04-22T11:41:39.616000,SBX_ANAES_WAVE,volume,,,10,65.0,99.0,77.8
2026-04-22T11:41:39.616000,SBX_ANAES_WAVE,pressure,,,10,7.63,8.66,8.049
2026-04-22T11:41:39.616000,SBX_ANAES_WAVE,inspExpMarker,,,0,,,
2026-04-22T11:41:40.018000,SBX_ANAES_WAVE,respGas,,,0,,,
2026-04-22T11:41:40.018000,SBX_ANAES_WAVE,respGas,,,0,,,
2026-04-22T11:41:40.018000,SBX_ANAES_WAVE,flow,,,10,-3.205,-1.608,-2.3417
2026-04-22T11:41:40.018000,SBX_ANAES_WAVE,volume,,,10,49.0,63.0,55.3
2026-04-22T11:41:40.018000,SBX_ANAES_WAVE,pressure,,,10,7.02,7.55,7.266
2026-04-22T11:41:40.018000,SBX_ANAES_WAVE,inspExpMarker,,,0,,,
2026-04-22T11:41:40.415000,SBX_ANAES_WAVE,respGas,,,0,,,
2026-04-22T11:41:40.415000,SBX_ANAES_WAVE,respGas,,,0,,,
2026-04-22T11:41:40.415000,SBX_ANAES_WAVE,flow,,,10,-1.493,-0.755,-1.0734
2026-04-22T11:41:40.415000,SBX_ANAES_WAVE,volume,,,10,42.0,48.0,44.5
2026-04-22T11:41:40.415000,SBX_ANAES_WAVE,pressure,,,10,6.7,6.99,6.836
2026-04-22T11:41:40.415000,SBX_ANAES_WAVE,inspExpMarker,,,0,,,
2026-04-22T11:41:40.818000,SBX_ANAES_WAVE,respGas,,,0,,,
2026-04-22T11:41:40.818000,SBX_ANAES_WAVE,respGas,,,0,,,
2026-04-22T11:41:40.818000,SBX_ANAES_WAVE,flow,,,10,-0.691,-0.264,-0.4803
2026-04-22T11:41:40.818000,SBX_ANAES_WAVE,volume,,,10,38.0,41.0,39.4
2026-04-22T11:41:40.818000,SBX_ANAES_WAVE,pressure,,,10,6.53,6.68,6.603
2026-04-22T11:41:40.818000,SBX_ANAES_WAVE,inspExpMarker,,,0,,,
2026-04-22T11:41:41.274000,SBX_ANAES_WAVE,respGas,,,0,,,
2026-04-22T11:41:41.274000,SBX_ANAES_WAVE,respGas,,,0,,,
2026-04-22T11:41:41.274000,SBX_ANAES_WAVE,flow,,,10,-0.24,0.0,-0.0863
2026-04-22T11:41:41.274000,SBX_ANAES_WAVE,volume,,,10,38.0,38.0,38.0
2026-04-22T11:41:41.274000,SBX_ANAES_WAVE,pressure,,,10,6.4,6.5,6.439
2026-04-22T11:41:41.274000,SBX_ANAES_WAVE,inspExpMarker,,,0,,,
2026-04-22T11:41:41.616000,SBX_ANAES_WAVE,respGas,,,0,,,
2026-04-22T11:41:41.616000,SBX_ANAES_WAVE,respGas,,,0,,,
2026-04-22T11:41:41.616000,SBX_ANAES_WAVE,flow,,,10,0.0,0.107,0.045
2026-04-22T11:41:41.616000,SBX_ANAES_WAVE,volume,,,10,38.0,38.0,38.0
2026-04-22T11:41:41.616000,SBX_ANAES_WAVE,pressure,,,10,6.32,6.38,6.338
2026-04-22T11:41:41.616000,SBX_ANAES_WAVE,inspExpMarker,,,0,,,
2026-04-22T11:41:42.016000,SBX_ANAES_WAVE,respGas,,,0,,,
2026-04-22T11:41:42.016000,SBX_ANAES_WAVE,respGas,,,0,,,
2026-04-22T11:41:42.016000,SBX_ANAES_WAVE,flow,,,10,0.127,0.296,0.2163
2026-04-22T11:41:42.016000,SBX_ANAES_WAVE,volume,,,10,38.0,39.0,38.5
2026-04-22T11:41:42.016000,SBX_ANAES_WAVE,pressure,,,10,6.3,6.32,6.315
2026-04-22T11:41:42.016000,SBX_ANAES_WAVE,inspExpMarker,,,0,,,
2026-04-22T11:41:42.415000,SBX_ANAES_WAVE,respGas,,,0,,,
2026-04-22T11:41:42.415000,SBX_ANAES_WAVE,respGas,,,0,,,
2026-04-22T11:41:42.415000,SBX_ANAES_WAVE,flow,,,10,0.267,0.378,0.3267
2026-04-22T11:41:42.415000,SBX_ANAES_WAVE,volume,,,10,35.0,41.0,39.7
2026-04-22T11:41:42.415000,SBX_ANAES_WAVE,pressure,,,10,6.27,6.32,6.278
2026-04-22T11:41:42.415000,SBX_ANAES_WAVE,inspExpMarker,,,0,,,
2026-04-22T11:41:42.815000,SBX_ANAES_WAVE,respGas,,,0,,,
2026-04-22T11:41:42.815000,SBX_ANAES_WAVE,respGas,,,0,,,
2026-04-22T11:41:42.815000,SBX_ANAES_WAVE,flow,,,10,1.292,32.592,26.5336
2026-04-22T11:41:42.815000,SBX_ANAES_WAVE,volume,,,10,4.0,167.0,76.2
2026-04-22T11:41:42.815000,SBX_ANAES_WAVE,pressure,,,10,6.41,13.91,10.033
2026-04-22T11:41:42.815000,SBX_ANAES_WAVE,inspExpMarker,,,0,,,
2026-04-22T11:41:43.275000,SBX_ANAES_WAVE,respGas,,,0,,,
2026-04-22T11:41:43.275000,SBX_ANAES_WAVE,respGas,,,0,,,
2026-04-22T11:41:43.275000,SBX_ANAES_WAVE,flow,,,10,30.85,31.58,31.2877
2026-04-22T11:41:43.275000,SBX_ANAES_WAVE,volume,,,10,188.0,376.0,282.1
2026-04-22T11:41:43.275000,SBX_ANAES_WAVE,pressure,,,10,14.73,21.6,18.259
2026-04-22T11:41:43.275000,SBX_ANAES_WAVE,inspExpMarker,,,0,,,
2026-04-22T11:41:43.620000,SBX_ANAES_WAVE,respGas,,,0,,,
2026-04-22T11:41:43.620000,SBX_ANAES_WAVE,respGas,,,0,,,
2026-04-22T11:41:43.620000,SBX_ANAES_WAVE,flow,,,10,24.539,31.77,30.7294
2026-04-22T11:41:43.620000,SBX_ANAES_WAVE,volume,,,10,397.0,583.0,490.6
2026-04-22T11:41:43.620000,SBX_ANAES_WAVE,pressure,,,10,22.3,27.26,25.107
2026-04-22T11:41:43.620000,SBX_ANAES_WAVE,inspExpMarker,,,0,,,
2026-04-22T11:41:44.016000,SBX_ANAES_WAVE,respGas,,,0,,,
2026-04-22T11:41:44.016000,SBX_ANAES_WAVE,respGas,,,0,,,
2026-04-22T11:41:44.016000,SBX_ANAES_WAVE,flow,,,10,-82.77,10.787,-52.1629
2026-04-22T11:41:44.016000,SBX_ANAES_WAVE,volume,,,10,263.0,598.0,469.9
2026-04-22T11:41:44.016000,SBX_ANAES_WAVE,pressure,,,10,13.06,27.19,21.094
2026-04-22T11:41:44.016000,SBX_ANAES_WAVE,inspExpMarker,,,0,,,
2026-04-22T11:41:44.416000,SBX_ANAES_WAVE,respGas,,,0,,,
2026-04-22T11:41:44.416000,SBX_ANAES_WAVE,respGas,,,0,,,
2026-04-22T11:41:44.416000,SBX_ANAES_WAVE,flow,,,10,-61.848,-3.795,-23.8199
2026-04-22T11:41:44.416000,SBX_ANAES_WAVE,volume,,,10,85.0,219.0,126.9
2026-04-22T11:41:44.416000,SBX_ANAES_WAVE,pressure,,,10,7.8,11.58,8.977
2026-04-22T11:41:44.416000,SBX_ANAES_WAVE,inspExpMarker,,,0,,,
2026-04-22T11:41:44.816000,SBX_ANAES_WAVE,respGas,,,0,,,
2026-04-22T11:41:44.816000,SBX_ANAES_WAVE,respGas,,,0,,,
2026-04-22T11:41:44.816000,SBX_ANAES_WAVE,flow,,,10,-3.333,-2.326,-2.9077
2026-04-22T11:41:44.816000,SBX_ANAES_WAVE,volume,,,10,65.0,82.0,73.2
2026-04-22T11:41:44.816000,SBX_ANAES_WAVE,pressure,,,10,7.11,7.73,7.409
2026-04-22T11:41:44.816000,SBX_ANAES_WAVE,inspExpMarker,,,0,,,
2026-04-22T11:41:45.273000,SBX_ANAES_WAVE,respGas,,,0,,,
2026-04-22T11:41:45.273000,SBX_ANAES_WAVE,respGas,,,0,,,
2026-04-22T11:41:45.273000,SBX_ANAES_WAVE,flow,,,10,-2.159,-1.057,-1.5163
2026-04-22T11:41:45.273000,SBX_ANAES_WAVE,volume,,,10,55.0,64.0,58.7
2026-04-22T11:41:45.273000,SBX_ANAES_WAVE,pressure,,,10,6.68,7.04,6.849
2026-04-22T11:41:45.273000,SBX_ANAES_WAVE,inspExpMarker,,,0,,,
2026-04-22T11:41:45.615000,SBX_ANAES_WAVE,respGas,,,0,,,
2026-04-22T11:41:45.615000,SBX_ANAES_WAVE,respGas,,,0,,,
2026-04-22T11:41:45.615000,SBX_ANAES_WAVE,flow,,,10,-1.012,-0.47,-0.7265
2026-04-22T11:41:45.615000,SBX_ANAES_WAVE,volume,,,10,49.0,54.0,51.5
2026-04-22T11:41:45.615000,SBX_ANAES_WAVE,pressure,,,10,6.41,6.66,6.509
2026-04-22T11:41:45.615000,SBX_ANAES_WAVE,inspExpMarker,,,0,,,
2026-04-22T11:41:46.016000,SBX_ANAES_WAVE,respGas,,,0,,,
2026-04-22T11:41:46.016000,SBX_ANAES_WAVE,respGas,,,0,,,
2026-04-22T11:41:46.016000,SBX_ANAES_WAVE,flow,,,10,-0.389,-0.12,-0.246
2026-04-22T11:41:46.016000,SBX_ANAES_WAVE,volume,,,10,48.0,49.0,48.4
2026-04-22T11:41:46.016000,SBX_ANAES_WAVE,pressure,,,10,6.32,6.41,6.354
2026-04-22T11:41:46.016000,SBX_ANAES_WAVE,inspExpMarker,,,0,,,
2026-04-22T11:41:46.449000,SBX_ANAES_WAVE,respGas,,,0,,,
2026-04-22T11:41:46.449000,SBX_ANAES_WAVE,respGas,,,0,,,
2026-04-22T11:41:46.449000,SBX_ANAES_WAVE,flow,,,10,-0.209,0.005,-0.0349
2026-04-22T11:41:46.449000,SBX_ANAES_WAVE,volume,,,10,47.0,48.0,47.2
2026-04-22T11:41:46.449000,SBX_ANAES_WAVE,pressure,,,10,6.22,6.31,6.25
2026-04-22T11:41:46.449000,SBX_ANAES_WAVE,inspExpMarker,,,0,,,
2026-04-22T11:41:46.816000,SBX_ANAES_WAVE,respGas,,,0,,,
2026-04-22T11:41:46.816000,SBX_ANAES_WAVE,respGas,,,0,,,
2026-04-22T11:41:46.816000,SBX_ANAES_WAVE,flow,,,10,0.014,0.186,0.1137
2026-04-22T11:41:46.816000,SBX_ANAES_WAVE,volume,,,10,47.0,48.0,47.8
2026-04-22T11:41:46.816000,SBX_ANAES_WAVE,pressure,,,10,6.13,6.22,6.172
2026-04-22T11:41:46.816000,SBX_ANAES_WAVE,inspExpMarker,,,0,,,
2026-04-22T11:41:47.273000,SBX_ANAES_WAVE,respGas,,,0,,,
2026-04-22T11:41:47.273000,SBX_ANAES_WAVE,respGas,,,0,,,
2026-04-22T11:41:47.273000,SBX_ANAES_WAVE,flow,,,10,0.174,0.326,0.2353
2026-04-22T11:41:47.273000,SBX_ANAES_WAVE,volume,,,10,48.0,50.0,48.9
2026-04-22T11:41:47.273000,SBX_ANAES_WAVE,pressure,,,10,6.08,6.13,6.103
2026-04-22T11:41:47.273000,SBX_ANAES_WAVE,inspExpMarker,,,0,,,
2026-04-22T11:41:47.616000,SBX_ANAES_WAVE,respGas,,,0,,,
2026-04-22T11:41:47.616000,SBX_ANAES_WAVE,respGas,,,0,,,
2026-04-22T11:41:47.616000,SBX_ANAES_WAVE,flow,,,10,0.351,32.167,10.7616
2026-04-22T11:41:47.616000,SBX_ANAES_WAVE,volume,,,10,4.0,61.0,38.4
2026-04-22T11:41:47.616000,SBX_ANAES_WAVE,pressure,,,10,6.08,9.32,6.911
2026-04-22T11:41:47.616000,SBX_ANAES_WAVE,inspExpMarker,,,0,,,
2026-04-22T11:41:48.015000,SBX_ANAES_WAVE,respGas,,,0,,,
2026-04-22T11:41:48.015000,SBX_ANAES_WAVE,respGas,,,0,,,
2026-04-22T11:41:48.015000,SBX_ANAES_WAVE,flow,,,10,31.009,32.098,31.5369
2026-04-22T11:41:48.015000,SBX_ANAES_WAVE,volume,,,10,82.0,271.0,177.0
2026-04-22T11:41:48.015000,SBX_ANAES_WAVE,pressure,,,10,10.22,17.73,14.064
2026-04-22T11:41:48.015000,SBX_ANAES_WAVE,inspExpMarker,,,0,,,
2026-04-22T11:41:48.415000,SBX_ANAES_WAVE,respGas,,,0,,,
2026-04-22T11:41:48.415000,SBX_ANAES_WAVE,respGas,,,0,,,
2026-04-22T11:41:48.415000,SBX_ANAES_WAVE,flow,,,10,30.765,31.439,31.1199
2026-04-22T11:41:48.415000,SBX_ANAES_WAVE,volume,,,10,292.0,479.0,385.5
2026-04-22T11:41:48.415000,SBX_ANAES_WAVE,pressure,,,10,18.53,24.78,21.744
2026-04-22T11:41:48.415000,SBX_ANAES_WAVE,inspExpMarker,,,0,,,
2026-04-22T11:41:48.815000,SBX_ANAES_WAVE,respGas,,,0,,,
2026-04-22T11:41:48.815000,SBX_ANAES_WAVE,respGas,,,0,,,
2026-04-22T11:41:48.815000,SBX_ANAES_WAVE,flow,,,10,-70.355,31.466,1.5342
2026-04-22T11:41:48.815000,SBX_ANAES_WAVE,volume,,,10,500.0,596.0,556.6
2026-04-22T11:41:48.815000,SBX_ANAES_WAVE,pressure,,,10,22.41,27.12,25.973
2026-04-22T11:41:48.815000,SBX_ANAES_WAVE,inspExpMarker,,,0,,,
2026-04-22T11:41:49.258000,SBX_ANAES_WAVE,respGas,,,0,,,
2026-04-22T11:41:49.258000,SBX_ANAES_WAVE,respGas,,,0,,,
2026-04-22T11:41:49.258000,SBX_ANAES_WAVE,flow,,,10,-82.996,-20.158,-58.0969
2026-04-22T11:41:49.258000,SBX_ANAES_WAVE,volume,,,10,117.0,470.0,260.8
2026-04-22T11:41:49.258000,SBX_ANAES_WAVE,pressure,,,10,8.52,20.24,13.05
2026-04-22T11:41:49.258000,SBX_ANAES_WAVE,inspExpMarker,,,0,,,
2026-04-22T11:41:49.614000,SBX_ANAES_WAVE,respGas,,,0,,,
2026-04-22T11:41:49.614000,SBX_ANAES_WAVE,respGas,,,0,,,
2026-04-22T11:41:49.614000,SBX_ANAES_WAVE,flow,,,10,-15.082,-2.788,-5.5157
2026-04-22T11:41:49.614000,SBX_ANAES_WAVE,volume,,,10,75.0,105.0,86.2
2026-04-22T11:41:49.614000,SBX_ANAES_WAVE,pressure,,,10,7.33,8.18,7.661
2026-04-22T11:41:49.614000,SBX_ANAES_WAVE,inspExpMarker,,,0,,,
2026-04-22T11:41:50.018000,SBX_ANAES_WAVE,respGas,,,0,,,
2026-04-22T11:41:50.018000,SBX_ANAES_WAVE,respGas,,,0,,,
2026-04-22T11:41:50.018000,SBX_ANAES_WAVE,flow,,,10,-2.711,-1.446,-2.1002
2026-04-22T11:41:50.018000,SBX_ANAES_WAVE,volume,,,10,61.0,73.0,66.5
2026-04-22T11:41:50.018000,SBX_ANAES_WAVE,pressure,,,10,6.8,7.26,6.999
2026-04-22T11:41:50.018000,SBX_ANAES_WAVE,inspExpMarker,,,0,,,
2026-04-22T11:41:50.415000,SBX_ANAES_WAVE,respGas,,,0,,,
2026-04-22T11:41:50.415000,SBX_ANAES_WAVE,respGas,,,0,,,
2026-04-22T11:41:50.415000,SBX_ANAES_WAVE,flow,,,10,-1.349,-0.722,-0.9994
2026-04-22T11:41:50.415000,SBX_ANAES_WAVE,volume,,,10,54.0,60.0,56.5
2026-04-22T11:41:50.415000,SBX_ANAES_WAVE,pressure,,,10,6.42,6.74,6.571
2026-04-22T11:41:50.415000,SBX_ANAES_WAVE,inspExpMarker,,,0,,,
2026-04-22T11:41:50.816000,SBX_ANAES_WAVE,respGas,,,0,,,
2026-04-22T11:41:50.816000,SBX_ANAES_WAVE,respGas,,,0,,,
2026-04-22T11:41:50.816000,SBX_ANAES_WAVE,flow,,,10,-0.682,-0.237,-0.4615
2026-04-22T11:41:50.816000,SBX_ANAES_WAVE,volume,,,10,51.0,53.0,51.9
2026-04-22T11:41:50.816000,SBX_ANAES_WAVE,pressure,,,10,6.31,6.41,6.356
2026-04-22T11:41:50.816000,SBX_ANAES_WAVE,inspExpMarker,,,0,,,
2026-04-22T11:41:51.270000,SBX_ANAES_WAVE,respGas,,,0,,,
2026-04-22T11:41:51.270000,SBX_ANAES_WAVE,respGas,,,0,,,
2026-04-22T11:41:51.270000,SBX_ANAES_WAVE,flow,,,10,-0.228,0.0,-0.1108
2026-04-22T11:41:51.270000,SBX_ANAES_WAVE,volume,,,10,50.0,50.0,50.0
2026-04-22T11:41:51.270000,SBX_ANAES_WAVE,pressure,,,10,6.22,6.29,6.247
2026-04-22T11:41:51.270000,SBX_ANAES_WAVE,inspExpMarker,,,0,,,
2026-04-22T11:41:51.615000,SBX_ANAES_WAVE,respGas,,,0,,,
2026-04-22T11:41:51.615000,SBX_ANAES_WAVE,respGas,,,0,,,
2026-04-22T11:41:51.615000,SBX_ANAES_WAVE,flow,,,10,0.0,0.15,0.0409
2026-04-22T11:41:51.615000,SBX_ANAES_WAVE,volume,,,10,50.0,50.0,50.0
2026-04-22T11:41:51.615000,SBX_ANAES_WAVE,pressure,,,10,6.08,6.21,6.151
2026-04-22T11:41:51.615000,SBX_ANAES_WAVE,inspExpMarker,,,0,,,
2026-04-22T11:41:52.015000,SBX_ANAES_WAVE,respGas,,,0,,,
2026-04-22T11:41:52.015000,SBX_ANAES_WAVE,respGas,,,0,,,
2026-04-22T11:41:52.015000,SBX_ANAES_WAVE,flow,,,10,0.157,0.214,0.1912
2026-04-22T11:41:52.015000,SBX_ANAES_WAVE,volume,,,10,50.0,51.0,50.6
2026-04-22T11:41:52.015000,SBX_ANAES_WAVE,pressure,,,10,6.07,6.08,6.079
2026-04-22T11:41:52.015000,SBX_ANAES_WAVE,inspExpMarker,,,0,,,
2026-04-22T11:41:52.415000,SBX_ANAES_WAVE,respGas,,,0,,,
2026-04-22T11:41:52.415000,SBX_ANAES_WAVE,respGas,,,0,,,
2026-04-22T11:41:52.415000,SBX_ANAES_WAVE,flow,,,10,0.244,0.389,0.3207
2026-04-22T11:41:52.415000,SBX_ANAES_WAVE,volume,,,10,45.0,53.0,51.5
2026-04-22T11:41:52.415000,SBX_ANAES_WAVE,pressure,,,10,6.04,6.06,6.047
2026-04-22T11:41:52.415000,SBX_ANAES_WAVE,inspExpMarker,,,0,,,
2026-04-22T11:41:52.815000,SBX_ANAES_WAVE,respGas,,,0,,,
2026-04-22T11:41:52.815000,SBX_ANAES_WAVE,respGas,,,0,,,
2026-04-22T11:41:52.815000,SBX_ANAES_WAVE,flow,,,10,1.184,32.436,26.5751
2026-04-22T11:41:52.815000,SBX_ANAES_WAVE,volume,,,10,4.0,168.0,76.5
2026-04-22T11:41:52.815000,SBX_ANAES_WAVE,pressure,,,10,6.19,13.69,9.811
2026-04-22T11:41:52.815000,SBX_ANAES_WAVE,inspExpMarker,,,0,,,
2026-04-22T11:41:53.265000,SBX_ANAES_WAVE,respGas,,,0,,,
2026-04-22T11:41:53.265000,SBX_ANAES_WAVE,respGas,,,0,,,
2026-04-22T11:41:53.265000,SBX_ANAES_WAVE,flow,,,10,30.83,31.776,31.1438
2026-04-22T11:41:53.265000,SBX_ANAES_WAVE,volume,,,10,189.0,375.0,282.2
2026-04-22T11:41:53.265000,SBX_ANAES_WAVE,pressure,,,10,14.51,21.42,18.059
2026-04-22T11:41:53.265000,SBX_ANAES_WAVE,inspExpMarker,,,0,,,
2026-04-22T11:41:53.619000,SBX_ANAES_WAVE,respGas,,,0,,,
2026-04-22T11:41:53.619000,SBX_ANAES_WAVE,respGas,,,0,,,
2026-04-22T11:41:53.619000,SBX_ANAES_WAVE,flow,,,10,24.358,31.411,30.5082
2026-04-22T11:41:53.619000,SBX_ANAES_WAVE,volume,,,10,396.0,581.0,489.5
2026-04-22T11:41:53.619000,SBX_ANAES_WAVE,pressure,,,10,22.11,27.12,24.943
2026-04-22T11:41:53.619000,SBX_ANAES_WAVE,inspExpMarker,,,0,,,
2026-04-22T11:41:54.015000,SBX_ANAES_WAVE,respGas,,,0,,,
2026-04-22T11:41:54.015000,SBX_ANAES_WAVE,respGas,,,0,,,
2026-04-22T11:41:54.015000,SBX_ANAES_WAVE,flow,,,10,-83.202,10.796,-52.7041
2026-04-22T11:41:54.015000,SBX_ANAES_WAVE,volume,,,10,257.0,596.0,465.9
2026-04-22T11:41:54.015000,SBX_ANAES_WAVE,pressure,,,10,12.74,27.07,20.887
2026-04-22T11:41:54.015000,SBX_ANAES_WAVE,inspExpMarker,,,0,,,
2026-04-22T11:41:54.415000,SBX_ANAES_WAVE,respGas,,,0,,,
2026-04-22T11:41:54.415000,SBX_ANAES_WAVE,respGas,,,0,,,
2026-04-22T11:41:54.415000,SBX_ANAES_WAVE,flow,,,10,-61.701,-3.519,-23.463
2026-04-22T11:41:54.415000,SBX_ANAES_WAVE,volume,,,10,81.0,214.0,122.7
2026-04-22T11:41:54.415000,SBX_ANAES_WAVE,pressure,,,10,7.57,11.29,8.726
2026-04-22T11:41:54.415000,SBX_ANAES_WAVE,inspExpMarker,,,0,,,
2026-04-22T11:41:54.815000,SBX_ANAES_WAVE,respGas,,,0,,,
2026-04-22T11:41:54.815000,SBX_ANAES_WAVE,respGas,,,0,,,
2026-04-22T11:41:54.815000,SBX_ANAES_WAVE,flow,,,10,-2.953,-2.084,-2.5405
2026-04-22T11:41:54.815000,SBX_ANAES_WAVE,volume,,,10,64.0,79.0,71.3
2026-04-22T11:41:54.815000,SBX_ANAES_WAVE,pressure,,,10,6.97,7.51,7.238
2026-04-22T11:41:54.815000,SBX_ANAES_WAVE,inspExpMarker,,,0,,,
2026-04-22T11:41:55.300000,SBX_ANAES_WAVE,respGas,,,0,,,
2026-04-22T11:41:55.300000,SBX_ANAES_WAVE,respGas,,,0,,,
2026-04-22T11:41:55.300000,SBX_ANAES_WAVE,flow,,,10,-1.955,-0.946,-1.4086
2026-04-22T11:41:55.300000,SBX_ANAES_WAVE,volume,,,10,54.0,63.0,57.9
2026-04-22T11:41:55.300000,SBX_ANAES_WAVE,pressure,,,10,6.55,6.91,6.727
2026-04-22T11:41:55.300000,SBX_ANAES_WAVE,inspExpMarker,,,0,,,
2026-04-22T11:41:55.615000,SBX_ANAES_WAVE,respGas,,,0,,,
2026-04-22T11:41:55.615000,SBX_ANAES_WAVE,respGas,,,0,,,
2026-04-22T11:41:55.615000,SBX_ANAES_WAVE,flow,,,10,-0.889,-0.445,-0.6729
2026-04-22T11:41:55.615000,SBX_ANAES_WAVE,volume,,,10,50.0,54.0,51.6
2026-04-22T11:41:55.615000,SBX_ANAES_WAVE,pressure,,,10,6.32,6.52,6.415
2026-04-22T11:41:55.615000,SBX_ANAES_WAVE,inspExpMarker,,,0,,,
2026-04-22T11:41:56.016000,SBX_ANAES_WAVE,respGas,,,0,,,
2026-04-22T11:41:56.016000,SBX_ANAES_WAVE,respGas,,,0,,,
2026-04-22T11:41:56.016000,SBX_ANAES_WAVE,flow,,,10,-0.425,-0.217,-0.3033
2026-04-22T11:41:56.016000,SBX_ANAES_WAVE,volume,,,10,48.0,49.0,48.4
2026-04-22T11:41:56.016000,SBX_ANAES_WAVE,pressure,,,10,6.22,6.32,6.277
2026-04-22T11:41:56.016000,SBX_ANAES_WAVE,inspExpMarker,,,0,,,
2026-04-22T11:41:56.432000,SBX_ANAES_WAVE,respGas,,,0,,,
2026-04-22T11:41:56.432000,SBX_ANAES_WAVE,respGas,,,0,,,
2026-04-22T11:41:56.432000,SBX_ANAES_WAVE,flow,,,10,-0.134,0.012,-0.0157
2026-04-22T11:41:56.432000,SBX_ANAES_WAVE,volume,,,10,47.0,47.0,47.0
2026-04-22T11:41:56.432000,SBX_ANAES_WAVE,pressure,,,10,6.09,6.22,6.171
2026-04-22T11:41:56.432000,SBX_ANAES_WAVE,inspExpMarker,,,0,,,
2026-04-22T11:41:56.815000,SBX_ANAES_WAVE,respGas,,,0,,,
2026-04-22T11:41:56.815000,SBX_ANAES_WAVE,respGas,,,0,,,
2026-04-22T11:41:56.815000,SBX_ANAES_WAVE,flow,,,10,0.035,0.203,0.1155
2026-04-22T11:41:56.815000,SBX_ANAES_WAVE,volume,,,10,47.0,48.0,47.7
2026-04-22T11:41:56.815000,SBX_ANAES_WAVE,pressure,,,10,6.07,6.08,6.079
2026-04-22T11:41:56.815000,SBX_ANAES_WAVE,inspExpMarker,,,0,,,
2026-04-22T11:41:57.266000,SBX_ANAES_WAVE,respGas,,,0,,,
2026-04-22T11:41:57.266000,SBX_ANAES_WAVE,respGas,,,0,,,
2026-04-22T11:41:57.266000,SBX_ANAES_WAVE,flow,,,10,0.224,0.301,0.2741
2026-04-22T11:41:57.266000,SBX_ANAES_WAVE,volume,,,10,48.0,50.0,49.0
2026-04-22T11:41:57.266000,SBX_ANAES_WAVE,pressure,,,10,6.04,6.06,6.043
2026-04-22T11:41:57.266000,SBX_ANAES_WAVE,inspExpMarker,,,0,,,
2026-04-22T11:41:57.615000,SBX_ANAES_WAVE,respGas,,,0,,,
2026-04-22T11:41:57.615000,SBX_ANAES_WAVE,respGas,,,0,,,
2026-04-22T11:41:57.615000,SBX_ANAES_WAVE,flow,,,10,0.296,32.193,10.7916
2026-04-22T11:41:57.615000,SBX_ANAES_WAVE,volume,,,10,4.0,61.0,38.5
2026-04-22T11:41:57.615000,SBX_ANAES_WAVE,pressure,,,10,6.02,9.25,6.852
2026-04-22T11:41:57.615000,SBX_ANAES_WAVE,inspExpMarker,,,0,,,
2026-04-22T11:41:58.015000,SBX_ANAES_WAVE,respGas,,,0,,,
2026-04-22T11:41:58.015000,SBX_ANAES_WAVE,respGas,,,0,,,
2026-04-22T11:41:58.015000,SBX_ANAES_WAVE,flow,,,10,31.01,32.34,31.673
2026-04-22T11:41:58.015000,SBX_ANAES_WAVE,volume,,,10,83.0,272.0,178.2
2026-04-22T11:41:58.015000,SBX_ANAES_WAVE,pressure,,,10,10.15,17.7,14.012
2026-04-22T11:41:58.015000,SBX_ANAES_WAVE,inspExpMarker,,,0,,,
2026-04-22T11:41:58.420000,SBX_ANAES_WAVE,respGas,,,0,,,
2026-04-22T11:41:58.420000,SBX_ANAES_WAVE,respGas,,,0,,,
2026-04-22T11:41:58.420000,SBX_ANAES_WAVE,flow,,,10,31.076,31.782,31.3469
2026-04-22T11:41:58.420000,SBX_ANAES_WAVE,volume,,,10,294.0,482.0,387.8
2026-04-22T11:41:58.420000,SBX_ANAES_WAVE,pressure,,,10,18.49,24.77,21.721
2026-04-22T11:41:58.420000,SBX_ANAES_WAVE,inspExpMarker,,,0,,,
2026-04-22T11:41:58.818000,SBX_ANAES_WAVE,respGas,,,0,,,
2026-04-22T11:41:58.818000,SBX_ANAES_WAVE,respGas,,,0,,,
2026-04-22T11:41:58.818000,SBX_ANAES_WAVE,flow,,,10,-72.593,31.604,1.1364
2026-04-22T11:41:58.818000,SBX_ANAES_WAVE,volume,,,10,502.0,599.0,559.5
2026-04-22T11:41:58.818000,SBX_ANAES_WAVE,pressure,,,10,22.29,27.12,25.947
2026-04-22T11:41:58.818000,SBX_ANAES_WAVE,inspExpMarker,,,0,,,
2026-04-22T11:41:59.271000,SBX_ANAES_WAVE,respGas,,,0,,,
2026-04-22T11:41:59.271000,SBX_ANAES_WAVE,respGas,,,0,,,
2026-04-22T11:41:59.271000,SBX_ANAES_WAVE,flow,,,10,-83.646,-19.971,-58.1375
2026-04-22T11:41:59.271000,SBX_ANAES_WAVE,volume,,,10,117.0,469.0,260.1
2026-04-22T11:41:59.271000,SBX_ANAES_WAVE,pressure,,,10,8.39,20.07,12.867
2026-04-22T11:41:59.271000,SBX_ANAES_WAVE,inspExpMarker,,,0,,,
2026-04-22T11:41:59.614000,SBX_ANAES_WAVE,respGas,,,0,,,
2026-04-22T11:41:59.614000,SBX_ANAES_WAVE,respGas,,,0,,,
2026-04-22T11:41:59.614000,SBX_ANAES_WAVE,flow,,,10,-14.972,-2.562,-5.3519
2026-04-22T11:41:59.614000,SBX_ANAES_WAVE,volume,,,10,76.0,105.0,86.3
2026-04-22T11:41:59.614000,SBX_ANAES_WAVE,pressure,,,10,7.23,8.05,7.541
2026-04-22T11:41:59.614000,SBX_ANAES_WAVE,inspExpMarker,,,0,,,
2026-04-22T11:42:00.023000,SBX_ANAES_WAVE,respGas,,,0,,,
2026-04-22T11:42:00.023000,SBX_ANAES_WAVE,respGas,,,0,,,
2026-04-22T11:42:00.023000,SBX_ANAES_WAVE,flow,,,10,-2.598,-1.379,-2.0331
2026-04-22T11:42:00.023000,SBX_ANAES_WAVE,volume,,,10,62.0,74.0,67.5
2026-04-22T11:42:00.023000,SBX_ANAES_WAVE,pressure,,,10,6.69,7.18,6.914
2026-04-22T11:42:00.023000,SBX_ANAES_WAVE,inspExpMarker,,,0,,,
2026-04-22T11:42:00.415000,SBX_ANAES_WAVE,respGas,,,0,,,
2026-04-22T11:42:00.415000,SBX_ANAES_WAVE,respGas,,,0,,,
2026-04-22T11:42:00.415000,SBX_ANAES_WAVE,flow,,,10,-1.292,-0.663,-0.9572
2026-04-22T11:42:00.415000,SBX_ANAES_WAVE,volume,,,10,56.0,61.0,58.1
2026-04-22T11:42:00.415000,SBX_ANAES_WAVE,pressure,,,10,6.39,6.67,6.498
2026-04-22T11:42:00.415000,SBX_ANAES_WAVE,inspExpMarker,,,0,,,
2026-04-22T11:42:00.825000,SBX_ANAES_WAVE,respGas,,,0,,,
2026-04-22T11:42:00.825000,SBX_ANAES_WAVE,respGas,,,0,,,
2026-04-22T11:42:00.825000,SBX_ANAES_WAVE,flow,,,10,-0.599,-0.29,-0.4432
2026-04-22T11:42:00.825000,SBX_ANAES_WAVE,volume,,,10,52.0,55.0,53.6
2026-04-22T11:42:00.825000,SBX_ANAES_WAVE,pressure,,,10,6.25,6.37,6.306
2026-04-22T11:42:00.825000,SBX_ANAES_WAVE,inspExpMarker,,,0,,,
2026-04-22T11:42:01.264000,SBX_ANAES_WAVE,respGas,,,0,,,
2026-04-22T11:42:01.264000,SBX_ANAES_WAVE,respGas,,,0,,,
2026-04-22T11:42:01.264000,SBX_ANAES_WAVE,flow,,,10,-0.262,0.0,-0.1023
2026-04-22T11:42:01.264000,SBX_ANAES_WAVE,volume,,,10,52.0,52.0,52.0
2026-04-22T11:42:01.264000,SBX_ANAES_WAVE,pressure,,,10,6.13,6.23,6.193
2026-04-22T11:42:01.264000,SBX_ANAES_WAVE,inspExpMarker,,,0,,,
2026-04-22T11:42:01.614000,SBX_ANAES_WAVE,respGas,,,0,,,
2026-04-22T11:42:01.614000,SBX_ANAES_WAVE,respGas,,,0,,,
2026-04-22T11:42:01.614000,SBX_ANAES_WAVE,flow,,,10,0.0,0.159,0.061
2026-04-22T11:42:01.614000,SBX_ANAES_WAVE,volume,,,10,52.0,52.0,52.0
2026-04-22T11:42:01.614000,SBX_ANAES_WAVE,pressure,,,10,6.08,6.12,6.085
2026-04-22T11:42:01.614000,SBX_ANAES_WAVE,inspExpMarker,,,0,,,
2026-04-22T11:42:02.013000,SBX_ANAES_WAVE,respGas,,,0,,,
2026-04-22T11:42:02.013000,SBX_ANAES_WAVE,respGas,,,0,,,
2026-04-22T11:42:02.013000,SBX_ANAES_WAVE,flow,,,10,0.17,0.243,0.1988
2026-04-22T11:42:02.013000,SBX_ANAES_WAVE,volume,,,10,52.0,53.0,52.6
2026-04-22T11:42:02.013000,SBX_ANAES_WAVE,pressure,,,10,5.99,6.06,6.031
2026-04-22T11:42:02.013000,SBX_ANAES_WAVE,inspExpMarker,,,0,,,
2026-04-22T11:42:02.416000,SBX_ANAES_WAVE,respGas,,,0,,,
2026-04-22T11:42:02.416000,SBX_ANAES_WAVE,respGas,,,0,,,
2026-04-22T11:42:02.416000,SBX_ANAES_WAVE,flow,,,10,0.256,0.353,0.2986
2026-04-22T11:42:02.416000,SBX_ANAES_WAVE,volume,,,10,47.0,55.0,53.5
2026-04-22T11:42:02.416000,SBX_ANAES_WAVE,pressure,,,10,5.99,5.99,5.99
2026-04-22T11:42:02.416000,SBX_ANAES_WAVE,inspExpMarker,,,0,,,
2026-04-22T11:42:02.814000,SBX_ANAES_WAVE,respGas,,,0,,,
2026-04-22T11:42:02.814000,SBX_ANAES_WAVE,respGas,,,0,,,
2026-04-22T11:42:02.814000,SBX_ANAES_WAVE,flow,,,10,1.216,32.54,26.5126
2026-04-22T11:42:02.814000,SBX_ANAES_WAVE,volume,,,10,4.0,167.0,76.5
2026-04-22T11:42:02.814000,SBX_ANAES_WAVE,pressure,,,10,6.13,13.61,9.735
2026-04-22T11:42:02.814000,SBX_ANAES_WAVE,inspExpMarker,,,0,,,
2026-04-22T11:42:03.262000,SBX_ANAES_WAVE,respGas,,,0,,,
2026-04-22T11:42:03.262000,SBX_ANAES_WAVE,respGas,,,0,,,
2026-04-22T11:42:03.262000,SBX_ANAES_WAVE,flow,,,10,30.991,31.646,31.3034
2026-04-22T11:42:03.262000,SBX_ANAES_WAVE,volume,,,10,188.0,376.0,282.2
2026-04-22T11:42:03.262000,SBX_ANAES_WAVE,pressure,,,10,14.43,21.36,17.989
2026-04-22T11:42:03.262000,SBX_ANAES_WAVE,inspExpMarker,,,0,,,
2026-04-22T11:42:03.615000,SBX_ANAES_WAVE,respGas,,,0,,,
2026-04-22T11:42:03.615000,SBX_ANAES_WAVE,respGas,,,0,,,
2026-04-22T11:42:03.615000,SBX_ANAES_WAVE,flow,,,10,24.329,31.448,30.4357
2026-04-22T11:42:03.615000,SBX_ANAES_WAVE,volume,,,10,397.0,581.0,489.8
2026-04-22T11:42:03.615000,SBX_ANAES_WAVE,pressure,,,10,22.07,27.08,24.904
2026-04-22T11:42:03.615000,SBX_ANAES_WAVE,inspExpMarker,,,0,,,
2026-04-22T11:42:04.015000,SBX_ANAES_WAVE,respGas,,,0,,,
2026-04-22T11:42:04.015000,SBX_ANAES_WAVE,respGas,,,0,,,
2026-04-22T11:42:04.015000,SBX_ANAES_WAVE,flow,,,10,-83.713,10.564,-53.0787
2026-04-22T11:42:04.015000,SBX_ANAES_WAVE,volume,,,10,255.0,596.0,464.7
2026-04-22T11:42:04.015000,SBX_ANAES_WAVE,pressure,,,10,12.55,27.03,20.76
2026-04-22T11:42:04.015000,SBX_ANAES_WAVE,inspExpMarker,,,0,,,
2026-04-22T11:42:04.415000,SBX_ANAES_WAVE,respGas,,,0,,,
2026-04-22T11:42:04.415000,SBX_ANAES_WAVE,respGas,,,0,,,
2026-04-22T11:42:04.415000,SBX_ANAES_WAVE,flow,,,10,-60.568,-3.329,-22.8228
2026-04-22T11:42:04.415000,SBX_ANAES_WAVE,volume,,,10,83.0,212.0,123.7
2026-04-22T11:42:04.415000,SBX_ANAES_WAVE,pressure,,,10,7.51,11.09,8.626
2026-04-22T11:42:04.415000,SBX_ANAES_WAVE,inspExpMarker,,,0,,,
2026-04-22T11:42:04.814000,SBX_ANAES_WAVE,respGas,,,0,,,
2026-04-22T11:42:04.814000,SBX_ANAES_WAVE,respGas,,,0,,,
2026-04-22T11:42:04.814000,SBX_ANAES_WAVE,flow,,,10,-2.715,-2.132,-2.3933
2026-04-22T11:42:04.814000,SBX_ANAES_WAVE,volume,,,10,67.0,81.0,74.1
2026-04-22T11:42:04.814000,SBX_ANAES_WAVE,pressure,,,10,6.95,7.46,7.218
2026-04-22T11:42:04.814000,SBX_ANAES_WAVE,inspExpMarker,,,0,,,
2026-04-22T11:42:05.263000,SBX_ANAES_WAVE,respGas,,,0,,,
2026-04-22T11:42:05.263000,SBX_ANAES_WAVE,respGas,,,0,,,
2026-04-22T11:42:05.263000,SBX_ANAES_WAVE,flow,,,10,-2.005,-1.04,-1.4538
2026-04-22T11:42:05.263000,SBX_ANAES_WAVE,volume,,,10,57.0,66.0,60.8
2026-04-22T11:42:05.263000,SBX_ANAES_WAVE,pressure,,,10,6.52,6.89,6.701
2026-04-22T11:42:05.263000,SBX_ANAES_WAVE,inspExpMarker,,,0,,,
2026-04-22T11:42:05.614000,SBX_ANAES_WAVE,respGas,,,0,,,
2026-04-22T11:42:05.614000,SBX_ANAES_WAVE,respGas,,,0,,,
2026-04-22T11:42:05.614000,SBX_ANAES_WAVE,flow,,,10,-0.955,-0.406,-0.6606
2026-04-22T11:42:05.614000,SBX_ANAES_WAVE,volume,,,10,52.0,56.0,54.1
2026-04-22T11:42:05.614000,SBX_ANAES_WAVE,pressure,,,10,6.32,6.47,6.388
2026-04-22T11:42:05.614000,SBX_ANAES_WAVE,inspExpMarker,,,0,,,
2026-04-22T11:42:06.015000,SBX_ANAES_WAVE,respGas,,,0,,,
2026-04-22T11:42:06.015000,SBX_ANAES_WAVE,respGas,,,0,,,
2026-04-22T11:42:06.015000,SBX_ANAES_WAVE,flow,,,10,-0.365,0.0,-0.1463
2026-04-22T11:42:06.015000,SBX_ANAES_WAVE,volume,,,10,51.0,52.0,51.4
2026-04-22T11:42:06.015000,SBX_ANAES_WAVE,pressure,,,10,6.22,6.32,6.264
2026-04-22T11:42:06.015000,SBX_ANAES_WAVE,inspExpMarker,,,0,,,
2026-04-22T11:42:06.422000,SBX_ANAES_WAVE,respGas,,,0,,,
2026-04-22T11:42:06.422000,SBX_ANAES_WAVE,respGas,,,0,,,
2026-04-22T11:42:06.422000,SBX_ANAES_WAVE,flow,,,10,-0.034,0.074,0.0083
2026-04-22T11:42:06.422000,SBX_ANAES_WAVE,volume,,,10,51.0,51.0,51.0
2026-04-22T11:42:06.422000,SBX_ANAES_WAVE,pressure,,,10,6.09,6.22,6.161
2026-04-22T11:42:06.422000,SBX_ANAES_WAVE,inspExpMarker,,,0,,,
2026-04-22T11:42:06.845000,SBX_ANAES_WAVE,respGas,,,0,,,
2026-04-22T11:42:06.845000,SBX_ANAES_WAVE,respGas,,,0,,,
2026-04-22T11:42:06.845000,SBX_ANAES_WAVE,flow,,,10,0.087,0.164,0.1293
2026-04-22T11:42:06.845000,SBX_ANAES_WAVE,volume,,,10,51.0,52.0,51.8
2026-04-22T11:42:06.845000,SBX_ANAES_WAVE,pressure,,,10,6.06,6.08,6.078
2026-04-22T11:42:06.845000,SBX_ANAES_WAVE,inspExpMarker,,,0,,,
2026-04-22T11:42:07.266000,SBX_ANAES_WAVE,respGas,,,0,,,
2026-04-22T11:42:07.266000,SBX_ANAES_WAVE,respGas,,,0,,,
2026-04-22T11:42:07.266000,SBX_ANAES_WAVE,flow,,,10,0.183,0.329,0.2753
2026-04-22T11:42:07.266000,SBX_ANAES_WAVE,volume,,,10,52.0,54.0,53.1
2026-04-22T11:42:07.266000,SBX_ANAES_WAVE,pressure,,,10,6.04,6.05,6.042
2026-04-22T11:42:07.266000,SBX_ANAES_WAVE,inspExpMarker,,,0,,,
2026-04-22T11:42:07.615000,SBX_ANAES_WAVE,respGas,,,0,,,
2026-04-22T11:42:07.615000,SBX_ANAES_WAVE,respGas,,,0,,,
2026-04-22T11:42:07.615000,SBX_ANAES_WAVE,flow,,,10,0.299,32.713,10.7802
2026-04-22T11:42:07.615000,SBX_ANAES_WAVE,volume,,,10,4.0,61.0,40.5
2026-04-22T11:42:07.615000,SBX_ANAES_WAVE,pressure,,,10,6.03,9.23,6.843
2026-04-22T11:42:07.615000,SBX_ANAES_WAVE,inspExpMarker,,,0,,,
2026-04-22T11:42:08.014000,SBX_ANAES_WAVE,respGas,,,0,,,
2026-04-22T11:42:08.014000,SBX_ANAES_WAVE,respGas,,,0,,,
2026-04-22T11:42:08.014000,SBX_ANAES_WAVE,flow,,,10,31.043,32.536,31.646
2026-04-22T11:42:08.014000,SBX_ANAES_WAVE,volume,,,10,83.0,273.0,178.3
2026-04-22T11:42:08.014000,SBX_ANAES_WAVE,pressure,,,10,10.14,17.71,14.018
2026-04-22T11:42:08.014000,SBX_ANAES_WAVE,inspExpMarker,,,0,,,
2026-04-22T11:42:08.414000,SBX_ANAES_WAVE,respGas,,,0,,,
2026-04-22T11:42:08.414000,SBX_ANAES_WAVE,respGas,,,0,,,
2026-04-22T11:42:08.414000,SBX_ANAES_WAVE,flow,,,10,30.898,31.512,31.2186
2026-04-22T11:42:08.414000,SBX_ANAES_WAVE,volume,,,10,293.0,480.0,386.5
2026-04-22T11:42:08.414000,SBX_ANAES_WAVE,pressure,,,10,18.51,24.79,21.742
2026-04-22T11:42:08.414000,SBX_ANAES_WAVE,inspExpMarker,,,0,,,
2026-04-22T11:42:08.813000,SBX_ANAES_WAVE,respGas,,,0,,,
2026-04-22T11:42:08.813000,SBX_ANAES_WAVE,respGas,,,0,,,
2026-04-22T11:42:08.813000,SBX_ANAES_WAVE,flow,,,10,-71.239,32.01,1.4181
2026-04-22T11:42:08.813000,SBX_ANAES_WAVE,volume,,,10,501.0,599.0,558.8
2026-04-22T11:42:08.813000,SBX_ANAES_WAVE,pressure,,,10,22.36,27.13,25.978
2026-04-22T11:42:08.813000,SBX_ANAES_WAVE,inspExpMarker,,,0,,,
2026-04-22T11:42:09.269000,SBX_ANAES_WAVE,respGas,,,0,,,
2026-04-22T11:42:09.269000,SBX_ANAES_WAVE,respGas,,,0,,,
2026-04-22T11:42:09.269000,SBX_ANAES_WAVE,flow,,,10,-82.878,-20.345,-58.3789
2026-04-22T11:42:09.269000,SBX_ANAES_WAVE,volume,,,10,116.0,471.0,260.6
2026-04-22T11:42:09.269000,SBX_ANAES_WAVE,pressure,,,10,8.37,20.18,12.916
2026-04-22T11:42:09.269000,SBX_ANAES_WAVE,inspExpMarker,,,0,,,
2026-04-22T11:42:09.614000,SBX_ANAES_WAVE,respGas,,,0,,,
2026-04-22T11:42:09.614000,SBX_ANAES_WAVE,respGas,,,0,,,
2026-04-22T11:42:09.614000,SBX_ANAES_WAVE,flow,,,10,-15.347,-2.356,-5.3506
2026-04-22T11:42:09.614000,SBX_ANAES_WAVE,volume,,,10,75.0,104.0,85.2
2026-04-22T11:42:09.614000,SBX_ANAES_WAVE,pressure,,,10,7.23,8.03,7.512
2026-04-22T11:42:09.614000,SBX_ANAES_WAVE,inspExpMarker,,,0,,,
2026-04-22T11:42:10.014000,SBX_ANAES_WAVE,respGas,,,0,,,
2026-04-22T11:42:10.014000,SBX_ANAES_WAVE,respGas,,,0,,,
2026-04-22T11:42:10.014000,SBX_ANAES_WAVE,flow,,,10,-2.433,-1.498,-1.9913
2026-04-22T11:42:10.014000,SBX_ANAES_WAVE,volume,,,10,62.0,74.0,67.2
2026-04-22T11:42:10.014000,SBX_ANAES_WAVE,pressure,,,10,6.69,7.17,6.918
2026-04-22T11:42:10.014000,SBX_ANAES_WAVE,inspExpMarker,,,0,,,
2026-04-22T11:42:10.414000,SBX_ANAES_WAVE,respGas,,,0,,,
2026-04-22T11:42:10.414000,SBX_ANAES_WAVE,respGas,,,0,,,
2026-04-22T11:42:10.414000,SBX_ANAES_WAVE,flow,,,10,-1.359,-0.684,-0.9739
2026-04-22T11:42:10.414000,SBX_ANAES_WAVE,volume,,,10,55.0,61.0,57.5
2026-04-22T11:42:10.414000,SBX_ANAES_WAVE,pressure,,,10,6.39,6.67,6.494
2026-04-22T11:42:10.414000,SBX_ANAES_WAVE,inspExpMarker,,,0,,,
2026-04-22T11:42:10.815000,SBX_ANAES_WAVE,respGas,,,0,,,
2026-04-22T11:42:10.815000,SBX_ANAES_WAVE,respGas,,,0,,,
2026-04-22T11:42:10.815000,SBX_ANAES_WAVE,flow,,,10,-0.662,-0.275,-0.4468
2026-04-22T11:42:10.815000,SBX_ANAES_WAVE,volume,,,10,52.0,54.0,52.9
2026-04-22T11:42:10.815000,SBX_ANAES_WAVE,pressure,,,10,6.24,6.36,6.305
2026-04-22T11:42:10.815000,SBX_ANAES_WAVE,inspExpMarker,,,0,,,
2026-04-22T11:42:11.274000,SBX_ANAES_WAVE,respGas,,,0,,,
2026-04-22T11:42:11.274000,SBX_ANAES_WAVE,respGas,,,0,,,
2026-04-22T11:42:11.274000,SBX_ANAES_WAVE,flow,,,10,-0.257,0.0,-0.0832
2026-04-22T11:42:11.274000,SBX_ANAES_WAVE,volume,,,10,51.0,52.0,51.1
2026-04-22T11:42:11.274000,SBX_ANAES_WAVE,pressure,,,10,6.13,6.22,6.196
2026-04-22T11:42:11.274000,SBX_ANAES_WAVE,inspExpMarker,,,0,,,
2026-04-22T11:42:11.614000,SBX_ANAES_WAVE,respGas,,,0,,,
2026-04-22T11:42:11.614000,SBX_ANAES_WAVE,respGas,,,0,,,
2026-04-22T11:42:11.614000,SBX_ANAES_WAVE,flow,,,10,0.0,0.111,0.0281
2026-04-22T11:42:11.614000,SBX_ANAES_WAVE,volume,,,10,51.0,51.0,51.0
2026-04-22T11:42:11.614000,SBX_ANAES_WAVE,pressure,,,10,6.05,6.12,6.083
2026-04-22T11:42:11.614000,SBX_ANAES_WAVE,inspExpMarker,,,0,,,
2026-04-22T11:42:12.016000,SBX_ANAES_WAVE,respGas,,,0,,,
2026-04-22T11:42:12.016000,SBX_ANAES_WAVE,respGas,,,0,,,
2026-04-22T11:42:12.016000,SBX_ANAES_WAVE,flow,,,10,0.158,0.21,0.1929
2026-04-22T11:42:12.016000,SBX_ANAES_WAVE,volume,,,10,51.0,53.0,52.0
2026-04-22T11:42:12.016000,SBX_ANAES_WAVE,pressure,,,10,5.99,6.04,6.017
2026-04-22T11:42:12.016000,SBX_ANAES_WAVE,inspExpMarker,,,0,,,
2026-04-22T11:42:12.415000,SBX_ANAES_WAVE,respGas,,,0,,,
2026-04-22T11:42:12.415000,SBX_ANAES_WAVE,respGas,,,0,,,
2026-04-22T11:42:12.415000,SBX_ANAES_WAVE,flow,,,10,0.229,0.352,0.3134
2026-04-22T11:42:12.415000,SBX_ANAES_WAVE,volume,,,10,47.0,54.0,52.8
2026-04-22T11:42:12.415000,SBX_ANAES_WAVE,pressure,,,10,5.99,5.99,5.99
2026-04-22T11:42:12.415000,SBX_ANAES_WAVE,inspExpMarker,,,0,,,
2026-04-22T11:42:12.815000,SBX_ANAES_WAVE,respGas,,,0,,,
2026-04-22T11:42:12.815000,SBX_ANAES_WAVE,respGas,,,0,,,
2026-04-22T11:42:12.815000,SBX_ANAES_WAVE,flow,,,10,1.154,32.583,26.6765
2026-04-22T11:42:12.815000,SBX_ANAES_WAVE,volume,,,10,4.0,168.0,76.8
2026-04-22T11:42:12.815000,SBX_ANAES_WAVE,pressure,,,10,6.13,13.63,9.746
2026-04-22T11:42:12.815000,SBX_ANAES_WAVE,inspExpMarker,,,0,,,
2026-04-22T11:42:13.288000,SBX_ANAES_WAVE,respGas,,,0,,,
2026-04-22T11:42:13.288000,SBX_ANAES_WAVE,respGas,,,0,,,
2026-04-22T11:42:13.288000,SBX_ANAES_WAVE,flow,,,10,31.256,31.857,31.5162
2026-04-22T11:42:13.288000,SBX_ANAES_WAVE,volume,,,10,190.0,378.0,284.3
2026-04-22T11:42:13.288000,SBX_ANAES_WAVE,pressure,,,10,14.45,21.4,18.017
2026-04-22T11:42:13.288000,SBX_ANAES_WAVE,inspExpMarker,,,0,,,
2026-04-22T11:42:13.613000,SBX_ANAES_WAVE,respGas,,,0,,,
2026-04-22T11:42:13.613000,SBX_ANAES_WAVE,respGas,,,0,,,
2026-04-22T11:42:13.613000,SBX_ANAES_WAVE,flow,,,10,-71.973,32.133,1.4246
2026-04-22T11:42:13.613000,SBX_ANAES_WAVE,volume,,,10,504.0,602.0,562.0
2026-04-22T11:42:13.613000,SBX_ANAES_WAVE,pressure,,,10,22.3,27.11,25.942
2026-04-22T11:42:13.613000,SBX_ANAES_WAVE,inspExpMarker,,,0,,,
2026-04-22T11:42:14.014000,SBX_ANAES_WAVE,respGas,,,0,,,
2026-04-22T11:42:14.014000,SBX_ANAES_WAVE,respGas,,,0,,,
2026-04-22T11:42:14.014000,SBX_ANAES_WAVE,flow,,,10,-83.258,-20.297,-58.5581
2026-04-22T11:42:14.014000,SBX_ANAES_WAVE,volume,,,10,118.0,473.0,263.1
2026-04-22T11:42:14.014000,SBX_ANAES_WAVE,pressure,,,10,8.35,20.12,12.897
2026-04-22T11:42:14.014000,SBX_ANAES_WAVE,inspExpMarker,,,0,,,
2026-04-22T11:42:14.413000,SBX_ANAES_WAVE,respGas,,,0,,,
2026-04-22T11:42:14.413000,SBX_ANAES_WAVE,respGas,,,0,,,
2026-04-22T11:42:14.413000,SBX_ANAES_WAVE,flow,,,10,-15.365,-2.312,-5.365
2026-04-22T11:42:14.413000,SBX_ANAES_WAVE,volume,,,10,77.0,106.0,86.7
2026-04-22T11:42:14.413000,SBX_ANAES_WAVE,pressure,,,10,7.21,8.01,7.498
2026-04-22T11:42:14.413000,SBX_ANAES_WAVE,inspExpMarker,,,0,,,
2026-04-22T11:42:14.815000,SBX_ANAES_WAVE,respGas,,,0,,,
2026-04-22T11:42:14.815000,SBX_ANAES_WAVE,respGas,,,0,,,
2026-04-22T11:42:14.815000,SBX_ANAES_WAVE,flow,,,10,-2.34,-1.368,-1.8932
2026-04-22T11:42:14.815000,SBX_ANAES_WAVE,volume,,,10,64.0,75.0,69.1
2026-04-22T11:42:14.815000,SBX_ANAES_WAVE,pressure,,,10,6.7,7.16,6.917
2026-04-22T11:42:14.815000,SBX_ANAES_WAVE,inspExpMarker,,,0,,,
2026-04-22T11:42:15.268000,SBX_ANAES_WAVE,respGas,,,0,,,
2026-04-22T11:42:15.268000,SBX_ANAES_WAVE,respGas,,,0,,,
2026-04-22T11:42:15.268000,SBX_ANAES_WAVE,flow,,,10,-1.283,-0.678,-0.9624
2026-04-22T11:42:15.268000,SBX_ANAES_WAVE,volume,,,10,57.0,63.0,59.8
2026-04-22T11:42:15.268000,SBX_ANAES_WAVE,pressure,,,10,6.4,6.67,6.507
2026-04-22T11:42:15.268000,SBX_ANAES_WAVE,inspExpMarker,,,0,,,
2026-04-22T11:42:15.615000,SBX_ANAES_WAVE,respGas,,,0,,,
2026-04-22T11:42:15.615000,SBX_ANAES_WAVE,respGas,,,0,,,
2026-04-22T11:42:15.615000,SBX_ANAES_WAVE,flow,,,10,-0.641,-0.261,-0.4344
2026-04-22T11:42:15.615000,SBX_ANAES_WAVE,volume,,,10,54.0,57.0,55.3
2026-04-22T11:42:15.615000,SBX_ANAES_WAVE,pressure,,,10,6.26,6.36,6.306
2026-04-22T11:42:15.615000,SBX_ANAES_WAVE,inspExpMarker,,,0,,,
2026-04-22T11:42:16.016000,SBX_ANAES_WAVE,respGas,,,0,,,
2026-04-22T11:42:16.016000,SBX_ANAES_WAVE,respGas,,,0,,,
2026-04-22T11:42:16.016000,SBX_ANAES_WAVE,flow,,,10,-0.25,0.0,-0.0723
2026-04-22T11:42:16.016000,SBX_ANAES_WAVE,volume,,,10,54.0,54.0,54.0
2026-04-22T11:42:16.016000,SBX_ANAES_WAVE,pressure,,,10,6.14,6.23,6.201
2026-04-22T11:42:16.016000,SBX_ANAES_WAVE,inspExpMarker,,,0,,,
2026-04-22T11:42:16.414000,SBX_ANAES_WAVE,respGas,,,0,,,
2026-04-22T11:42:16.414000,SBX_ANAES_WAVE,respGas,,,0,,,
2026-04-22T11:42:16.414000,SBX_ANAES_WAVE,flow,,,10,0.0,0.126,0.0436
2026-04-22T11:42:16.414000,SBX_ANAES_WAVE,volume,,,10,54.0,54.0,54.0
2026-04-22T11:42:16.414000,SBX_ANAES_WAVE,pressure,,,10,6.07,6.13,6.086
2026-04-22T11:42:16.414000,SBX_ANAES_WAVE,inspExpMarker,,,0,,,
2026-04-22T11:42:16.813000,SBX_ANAES_WAVE,respGas,,,0,,,
2026-04-22T11:42:16.813000,SBX_ANAES_WAVE,respGas,,,0,,,
2026-04-22T11:42:16.813000,SBX_ANAES_WAVE,flow,,,10,0.134,0.336,0.2258
2026-04-22T11:42:16.813000,SBX_ANAES_WAVE,volume,,,10,54.0,55.0,54.4
2026-04-22T11:42:16.813000,SBX_ANAES_WAVE,pressure,,,10,5.99,6.05,6.026
2026-04-22T11:42:16.813000,SBX_ANAES_WAVE,inspExpMarker,,,0,,,
2026-04-22T11:42:17.267000,SBX_ANAES_WAVE,respGas,,,0,,,
2026-04-22T11:42:17.267000,SBX_ANAES_WAVE,respGas,,,0,,,
2026-04-22T11:42:17.267000,SBX_ANAES_WAVE,flow,,,10,0.307,0.341,0.3238
2026-04-22T11:42:17.267000,SBX_ANAES_WAVE,volume,,,10,49.0,57.0,55.6
2026-04-22T11:42:17.267000,SBX_ANAES_WAVE,pressure,,,10,5.99,6.0,5.991
2026-04-22T11:42:17.267000,SBX_ANAES_WAVE,inspExpMarker,,,0,,,
2026-04-22T11:42:17.614000,SBX_ANAES_WAVE,respGas,,,0,,,
2026-04-22T11:42:17.614000,SBX_ANAES_WAVE,respGas,,,0,,,
2026-04-22T11:42:17.614000,SBX_ANAES_WAVE,flow,,,10,1.18,32.519,26.5593
2026-04-22T11:42:17.614000,SBX_ANAES_WAVE,volume,,,10,4.0,167.0,76.6
2026-04-22T11:42:17.614000,SBX_ANAES_WAVE,pressure,,,10,6.13,13.65,9.759
2026-04-22T11:42:17.614000,SBX_ANAES_WAVE,inspExpMarker,,,0,,,
2026-04-22T11:42:18.013000,SBX_ANAES_WAVE,respGas,,,0,,,
2026-04-22T11:42:18.013000,SBX_ANAES_WAVE,respGas,,,0,,,
2026-04-22T11:42:18.013000,SBX_ANAES_WAVE,flow,,,10,31.121,31.871,31.4128
2026-04-22T11:42:18.013000,SBX_ANAES_WAVE,volume,,,10,189.0,377.0,282.6
2026-04-22T11:42:18.013000,SBX_ANAES_WAVE,pressure,,,10,14.47,21.42,18.036
2026-04-22T11:42:18.013000,SBX_ANAES_WAVE,inspExpMarker,,,0,,,
2026-04-22T11:42:18.413000,SBX_ANAES_WAVE,respGas,,,0,,,
2026-04-22T11:42:18.413000,SBX_ANAES_WAVE,respGas,,,0,,,
2026-04-22T11:42:18.413000,SBX_ANAES_WAVE,flow,,,10,24.38,31.973,30.8144
2026-04-22T11:42:18.413000,SBX_ANAES_WAVE,volume,,,10,398.0,585.0,492.3
2026-04-22T11:42:18.413000,SBX_ANAES_WAVE,pressure,,,10,22.11,27.11,24.947
2026-04-22T11:42:18.413000,SBX_ANAES_WAVE,inspExpMarker,,,0,,,
2026-04-22T11:42:18.814000,SBX_ANAES_WAVE,respGas,,,0,,,
2026-04-22T11:42:18.814000,SBX_ANAES_WAVE,respGas,,,0,,,
2026-04-22T11:42:18.814000,SBX_ANAES_WAVE,flow,,,10,-83.574,10.505,-52.81
2026-04-22T11:42:18.814000,SBX_ANAES_WAVE,volume,,,10,260.0,600.0,470.4
2026-04-22T11:42:18.814000,SBX_ANAES_WAVE,pressure,,,10,12.67,27.06,20.88
2026-04-22T11:42:18.814000,SBX_ANAES_WAVE,inspExpMarker,,,0,,,
2026-04-22T11:42:19.367000,SBX_ANAES_WAVE,respGas,,,0,,,
2026-04-22T11:42:19.367000,SBX_ANAES_WAVE,respGas,,,0,,,
2026-04-22T11:42:19.367000,SBX_ANAES_WAVE,flow,,,10,-61.879,-3.301,-23.4001
2026-04-22T11:42:19.367000,SBX_ANAES_WAVE,volume,,,10,85.0,217.0,126.4
2026-04-22T11:42:19.367000,SBX_ANAES_WAVE,pressure,,,10,7.45,11.19,8.632
2026-04-22T11:42:19.367000,SBX_ANAES_WAVE,inspExpMarker,,,0,,,
2026-04-22T11:42:19.613000,SBX_ANAES_WAVE,respGas,,,0,,,
2026-04-22T11:42:19.613000,SBX_ANAES_WAVE,respGas,,,0,,,
2026-04-22T11:42:19.613000,SBX_ANAES_WAVE,flow,,,10,-2.568,-2.084,-2.2916
2026-04-22T11:42:19.613000,SBX_ANAES_WAVE,volume,,,10,69.0,83.0,76.0
2026-04-22T11:42:19.613000,SBX_ANAES_WAVE,pressure,,,10,6.97,7.41,7.207
2026-04-22T11:42:19.613000,SBX_ANAES_WAVE,inspExpMarker,,,0,,,
2026-04-22T11:42:20.077000,SBX_ANAES_WAVE,respGas,,,0,,,
2026-04-22T11:42:20.077000,SBX_ANAES_WAVE,respGas,,,0,,,
2026-04-22T11:42:20.077000,SBX_ANAES_WAVE,flow,,,10,-1.947,-0.938,-1.3774
2026-04-22T11:42:20.077000,SBX_ANAES_WAVE,volume,,,10,60.0,68.0,63.2
2026-04-22T11:42:20.077000,SBX_ANAES_WAVE,pressure,,,10,6.55,6.91,6.707
2026-04-22T11:42:20.077000,SBX_ANAES_WAVE,inspExpMarker,,,0,,,
2026-04-22T11:42:20.413000,SBX_ANAES_WAVE,respGas,,,0,,,
2026-04-22T11:42:20.413000,SBX_ANAES_WAVE,respGas,,,0,,,
2026-04-22T11:42:20.413000,SBX_ANAES_WAVE,flow,,,10,-0.925,-0.47,-0.6922
2026-04-22T11:42:20.413000,SBX_ANAES_WAVE,volume,,,10,55.0,59.0,56.7
2026-04-22T11:42:20.413000,SBX_ANAES_WAVE,pressure,,,10,6.32,6.53,6.408
2026-04-22T11:42:20.413000,SBX_ANAES_WAVE,inspExpMarker,,,0,,,
2026-04-22T11:42:20.817000,SBX_ANAES_WAVE,respGas,,,0,,,
2026-04-22T11:42:20.817000,SBX_ANAES_WAVE,respGas,,,0,,,
2026-04-22T11:42:20.817000,SBX_ANAES_WAVE,flow,,,10,-0.403,-0.075,-0.25
2026-04-22T11:42:20.817000,SBX_ANAES_WAVE,volume,,,10,53.0,55.0,53.7
2026-04-22T11:42:20.817000,SBX_ANAES_WAVE,pressure,,,10,6.22,6.31,6.253
2026-04-22T11:42:20.817000,SBX_ANAES_WAVE,inspExpMarker,,,0,,,
2026-04-22T11:42:21.270000,SBX_ANAES_WAVE,respGas,,,0,,,
2026-04-22T11:42:21.270000,SBX_ANAES_WAVE,respGas,,,0,,,
2026-04-22T11:42:21.270000,SBX_ANAES_WAVE,flow,,,10,0.0,0.033,0.0056
2026-04-22T11:42:21.270000,SBX_ANAES_WAVE,volume,,,10,53.0,53.0,53.0
2026-04-22T11:42:21.270000,SBX_ANAES_WAVE,pressure,,,10,6.08,6.22,6.14
2026-04-22T11:42:21.270000,SBX_ANAES_WAVE,inspExpMarker,,,0,,,
2026-04-22T11:42:21.626000,SBX_ANAES_WAVE,respGas,,,0,,,
2026-04-22T11:42:21.626000,SBX_ANAES_WAVE,respGas,,,0,,,
2026-04-22T11:42:21.626000,SBX_ANAES_WAVE,flow,,,10,0.047,0.231,0.1462
2026-04-22T11:42:21.626000,SBX_ANAES_WAVE,volume,,,10,53.0,54.0,53.3
2026-04-22T11:42:21.626000,SBX_ANAES_WAVE,pressure,,,10,6.04,6.08,6.067
2026-04-22T11:42:21.626000,SBX_ANAES_WAVE,inspExpMarker,,,0,,,
2026-04-22T11:42:22.013000,SBX_ANAES_WAVE,respGas,,,0,,,
2026-04-22T11:42:22.013000,SBX_ANAES_WAVE,respGas,,,0,,,
2026-04-22T11:42:22.013000,SBX_ANAES_WAVE,flow,,,10,0.229,0.319,0.2647
2026-04-22T11:42:22.013000,SBX_ANAES_WAVE,volume,,,10,54.0,56.0,54.8
2026-04-22T11:42:22.013000,SBX_ANAES_WAVE,pressure,,,10,5.99,6.04,6.015
2026-04-22T11:42:22.013000,SBX_ANAES_WAVE,inspExpMarker,,,0,,,
2026-04-22T11:42:22.414000,SBX_ANAES_WAVE,respGas,,,0,,,
2026-04-22T11:42:22.414000,SBX_ANAES_WAVE,respGas,,,0,,,
2026-04-22T11:42:22.414000,SBX_ANAES_WAVE,flow,,,10,0.325,32.382,10.7357
2026-04-22T11:42:22.414000,SBX_ANAES_WAVE,volume,,,10,4.0,61.0,41.5
2026-04-22T11:42:22.414000,SBX_ANAES_WAVE,pressure,,,10,5.99,9.21,6.812
2026-04-22T11:42:22.414000,SBX_ANAES_WAVE,inspExpMarker,,,0,,,
2026-04-22T11:42:22.813000,SBX_ANAES_WAVE,respGas,,,0,,,
2026-04-22T11:42:22.813000,SBX_ANAES_WAVE,respGas,,,0,,,
2026-04-22T11:42:22.813000,SBX_ANAES_WAVE,flow,,,10,30.984,32.104,31.5961
2026-04-22T11:42:22.813000,SBX_ANAES_WAVE,volume,,,10,82.0,272.0,177.4
2026-04-22T11:42:22.813000,SBX_ANAES_WAVE,pressure,,,10,10.11,17.67,13.987
2026-04-22T11:42:22.813000,SBX_ANAES_WAVE,inspExpMarker,,,0,,,
2026-04-22T11:42:23.269000,SBX_ANAES_WAVE,respGas,,,0,,,
2026-04-22T11:42:23.269000,SBX_ANAES_WAVE,respGas,,,0,,,
2026-04-22T11:42:23.269000,SBX_ANAES_WAVE,flow,,,10,30.784,31.536,31.2366
2026-04-22T11:42:23.269000,SBX_ANAES_WAVE,volume,,,10,293.0,480.0,386.0
2026-04-22T11:42:23.269000,SBX_ANAES_WAVE,pressure,,,10,18.46,24.75,21.696
2026-04-22T11:42:23.269000,SBX_ANAES_WAVE,inspExpMarker,,,0,,,
2026-04-22T11:42:23.613000,SBX_ANAES_WAVE,respGas,,,0,,,
2026-04-22T11:42:23.613000,SBX_ANAES_WAVE,respGas,,,0,,,
2026-04-22T11:42:23.613000,SBX_ANAES_WAVE,flow,,,10,-71.318,31.799,1.6183
2026-04-22T11:42:23.613000,SBX_ANAES_WAVE,volume,,,10,501.0,597.0,558.2
2026-04-22T11:42:23.613000,SBX_ANAES_WAVE,pressure,,,10,22.4,27.09,25.954
2026-04-22T11:42:23.613000,SBX_ANAES_WAVE,inspExpMarker,,,0,,,
2026-04-22T11:42:24.013000,SBX_ANAES_WAVE,respGas,,,0,,,
2026-04-22T11:42:24.013000,SBX_ANAES_WAVE,respGas,,,0,,,
2026-04-22T11:42:24.013000,SBX_ANAES_WAVE,flow,,,10,-83.612,-20.463,-58.9635
2026-04-22T11:42:24.013000,SBX_ANAES_WAVE,volume,,,10,113.0,471.0,258.9
2026-04-22T11:42:24.013000,SBX_ANAES_WAVE,pressure,,,10,8.36,20.21,12.929
2026-04-22T11:42:24.013000,SBX_ANAES_WAVE,inspExpMarker,,,0,,,
2026-04-22T11:42:24.413000,SBX_ANAES_WAVE,respGas,,,0,,,
2026-04-22T11:42:24.413000,SBX_ANAES_WAVE,respGas,,,0,,,
2026-04-22T11:42:24.413000,SBX_ANAES_WAVE,flow,,,10,-15.552,-2.117,-5.2952
2026-04-22T11:42:24.413000,SBX_ANAES_WAVE,volume,,,10,72.0,101.0,81.9
2026-04-22T11:42:24.413000,SBX_ANAES_WAVE,pressure,,,10,7.23,8.01,7.505
2026-04-22T11:42:24.413000,SBX_ANAES_WAVE,inspExpMarker,,,0,,,
2026-04-22T11:42:24.813000,SBX_ANAES_WAVE,respGas,,,0,,,
2026-04-22T11:42:24.813000,SBX_ANAES_WAVE,respGas,,,0,,,
2026-04-22T11:42:24.813000,SBX_ANAES_WAVE,flow,,,10,-2.276,-1.39,-1.9288
2026-04-22T11:42:24.813000,SBX_ANAES_WAVE,volume,,,10,59.0,71.0,64.5
2026-04-22T11:42:24.813000,SBX_ANAES_WAVE,pressure,,,10,6.72,7.18,6.938
2026-04-22T11:42:24.813000,SBX_ANAES_WAVE,inspExpMarker,,,0,,,
2026-04-22T11:42:25.258000,SBX_ANAES_WAVE,respGas,,,0,,,
2026-04-22T11:42:25.258000,SBX_ANAES_WAVE,respGas,,,0,,,
2026-04-22T11:42:25.258000,SBX_ANAES_WAVE,flow,,,10,-1.277,-0.746,-0.9716
2026-04-22T11:42:25.258000,SBX_ANAES_WAVE,volume,,,10,53.0,58.0,55.3
2026-04-22T11:42:25.258000,SBX_ANAES_WAVE,pressure,,,10,6.41,6.68,6.524
2026-04-22T11:42:25.258000,SBX_ANAES_WAVE,inspExpMarker,,,0,,,
2026-04-22T11:42:25.613000,SBX_ANAES_WAVE,respGas,,,0,,,
2026-04-22T11:42:25.613000,SBX_ANAES_WAVE,respGas,,,0,,,
2026-04-22T11:42:25.613000,SBX_ANAES_WAVE,flow,,,10,-0.707,-0.261,-0.4588
2026-04-22T11:42:25.613000,SBX_ANAES_WAVE,volume,,,10,49.0,52.0,50.6
2026-04-22T11:42:25.613000,SBX_ANAES_WAVE,pressure,,,10,6.27,6.4,6.325
2026-04-22T11:42:25.613000,SBX_ANAES_WAVE,inspExpMarker,,,0,,,
2026-04-22T11:42:26.013000,SBX_ANAES_WAVE,respGas,,,0,,,
2026-04-22T11:42:26.013000,SBX_ANAES_WAVE,respGas,,,0,,,
2026-04-22T11:42:26.013000,SBX_ANAES_WAVE,flow,,,10,-0.255,0.0,-0.0932
2026-04-22T11:42:26.013000,SBX_ANAES_WAVE,volume,,,10,49.0,49.0,49.0
2026-04-22T11:42:26.013000,SBX_ANAES_WAVE,pressure,,,10,6.18,6.27,6.218
2026-04-22T11:42:26.013000,SBX_ANAES_WAVE,inspExpMarker,,,0,,,
2026-04-22T11:42:26.414000,SBX_ANAES_WAVE,respGas,,,0,,,
2026-04-22T11:42:26.414000,SBX_ANAES_WAVE,respGas,,,0,,,
2026-04-22T11:42:26.414000,SBX_ANAES_WAVE,flow,,,10,0.0,0.174,0.0492
2026-04-22T11:42:26.414000,SBX_ANAES_WAVE,volume,,,10,49.0,49.0,49.0
2026-04-22T11:42:26.414000,SBX_ANAES_WAVE,pressure,,,10,6.08,6.15,6.097
2026-04-22T11:42:26.414000,SBX_ANAES_WAVE,inspExpMarker,,,0,,,
2026-04-22T11:42:26.814000,SBX_ANAES_WAVE,respGas,,,0,,,
2026-04-22T11:42:26.814000,SBX_ANAES_WAVE,respGas,,,0,,,
2026-04-22T11:42:26.814000,SBX_ANAES_WAVE,flow,,,10,0.214,0.305,0.2414
2026-04-22T11:42:26.814000,SBX_ANAES_WAVE,volume,,,10,49.0,50.0,49.7
2026-04-22T11:42:26.814000,SBX_ANAES_WAVE,pressure,,,10,6.04,6.08,6.052
2026-04-22T11:42:26.814000,SBX_ANAES_WAVE,inspExpMarker,,,0,,,
2026-04-22T11:42:27.261000,SBX_ANAES_WAVE,respGas,,,0,,,
2026-04-22T11:42:27.261000,SBX_ANAES_WAVE,respGas,,,0,,,
2026-04-22T11:42:27.261000,SBX_ANAES_WAVE,flow,,,10,0.261,0.397,0.3307
2026-04-22T11:42:27.261000,SBX_ANAES_WAVE,volume,,,10,45.0,52.0,50.8
2026-04-22T11:42:27.261000,SBX_ANAES_WAVE,pressure,,,10,5.99,6.04,6.013
2026-04-22T11:42:27.261000,SBX_ANAES_WAVE,inspExpMarker,,,0,,,
2026-04-22T11:42:27.616000,SBX_ANAES_WAVE,respGas,,,0,,,
2026-04-22T11:42:27.616000,SBX_ANAES_WAVE,respGas,,,0,,,
2026-04-22T11:42:27.616000,SBX_ANAES_WAVE,flow,,,10,1.186,32.389,26.6876
2026-04-22T11:42:27.616000,SBX_ANAES_WAVE,volume,,,10,4.0,168.0,76.7
2026-04-22T11:42:27.616000,SBX_ANAES_WAVE,pressure,,,10,6.14,13.67,9.777
2026-04-22T11:42:27.616000,SBX_ANAES_WAVE,inspExpMarker,,,0,,,
2026-04-22T11:42:28.017000,SBX_ANAES_WAVE,respGas,,,0,,,
2026-04-22T11:42:28.017000,SBX_ANAES_WAVE,respGas,,,0,,,
2026-04-22T11:42:28.017000,SBX_ANAES_WAVE,flow,,,10,30.825,31.821,31.269
2026-04-22T11:42:28.017000,SBX_ANAES_WAVE,volume,,,10,190.0,377.0,283.4
2026-04-22T11:42:28.017000,SBX_ANAES_WAVE,pressure,,,10,14.49,21.44,18.056
2026-04-22T11:42:28.017000,SBX_ANAES_WAVE,inspExpMarker,,,0,,,
2026-04-22T11:42:28.413000,SBX_ANAES_WAVE,respGas,,,0,,,
2026-04-22T11:42:28.413000,SBX_ANAES_WAVE,respGas,,,0,,,
2026-04-22T11:42:28.413000,SBX_ANAES_WAVE,flow,,,10,24.303,31.42,30.5242
2026-04-22T11:42:28.413000,SBX_ANAES_WAVE,volume,,,10,398.0,583.0,491.3
2026-04-22T11:42:28.413000,SBX_ANAES_WAVE,pressure,,,10,22.12,27.13,24.959
2026-04-22T11:42:28.413000,SBX_ANAES_WAVE,inspExpMarker,,,0,,,
2026-04-22T11:42:28.813000,SBX_ANAES_WAVE,respGas,,,0,,,
2026-04-22T11:42:28.813000,SBX_ANAES_WAVE,respGas,,,0,,,
2026-04-22T11:42:28.813000,SBX_ANAES_WAVE,flow,,,10,-83.129,10.449,-52.7245
2026-04-22T11:42:28.813000,SBX_ANAES_WAVE,volume,,,10,259.0,598.0,469.1
2026-04-22T11:42:28.813000,SBX_ANAES_WAVE,pressure,,,10,12.71,27.07,20.897
2026-04-22T11:42:28.813000,SBX_ANAES_WAVE,inspExpMarker,,,0,,,
2026-04-22T11:42:29.256000,SBX_ANAES_WAVE,respGas,,,0,,,
2026-04-22T11:42:29.256000,SBX_ANAES_WAVE,respGas,,,0,,,
2026-04-22T11:42:29.256000,SBX_ANAES_WAVE,flow,,,10,-62.89,-3.385,-23.7766
2026-04-22T11:42:29.256000,SBX_ANAES_WAVE,volume,,,10,81.0,215.0,123.0
2026-04-22T11:42:29.256000,SBX_ANAES_WAVE,pressure,,,10,7.46,11.23,8.652
2026-04-22T11:42:29.256000,SBX_ANAES_WAVE,inspExpMarker,,,0,,,
2026-04-22T11:42:29.613000,SBX_ANAES_WAVE,respGas,,,0,,,
2026-04-22T11:42:29.613000,SBX_ANAES_WAVE,respGas,,,0,,,
2026-04-22T11:42:29.613000,SBX_ANAES_WAVE,flow,,,10,-2.654,-2.028,-2.2358
2026-04-22T11:42:29.613000,SBX_ANAES_WAVE,volume,,,10,66.0,79.0,72.1
2026-04-22T11:42:29.613000,SBX_ANAES_WAVE,pressure,,,10,6.95,7.41,7.201
2026-04-22T11:42:29.613000,SBX_ANAES_WAVE,inspExpMarker,,,0,,,
2026-04-22T11:42:30.013000,SBX_ANAES_WAVE,respGas,,,0,,,
2026-04-22T11:42:30.013000,SBX_ANAES_WAVE,respGas,,,0,,,
2026-04-22T11:42:30.013000,SBX_ANAES_WAVE,flow,,,10,-1.917,-0.939,-1.3978
2026-04-22T11:42:30.013000,SBX_ANAES_WAVE,volume,,,10,56.0,64.0,59.7
2026-04-22T11:42:30.013000,SBX_ANAES_WAVE,pressure,,,10,6.53,6.89,6.709
2026-04-22T11:42:30.013000,SBX_ANAES_WAVE,inspExpMarker,,,0,,,
2026-04-22T11:42:30.413000,SBX_ANAES_WAVE,respGas,,,0,,,
2026-04-22T11:42:30.413000,SBX_ANAES_WAVE,respGas,,,0,,,
2026-04-22T11:42:30.413000,SBX_ANAES_WAVE,flow,,,10,-0.911,-0.452,-0.6906
2026-04-22T11:42:30.413000,SBX_ANAES_WAVE,volume,,,10,51.0,55.0,53.0
2026-04-22T11:42:30.413000,SBX_ANAES_WAVE,pressure,,,10,6.32,6.49,6.395
2026-04-22T11:42:30.413000,SBX_ANAES_WAVE,inspExpMarker,,,0,,,
2026-04-22T11:42:30.812000,SBX_ANAES_WAVE,respGas,,,0,,,
2026-04-22T11:42:30.812000,SBX_ANAES_WAVE,respGas,,,0,,,
2026-04-22T11:42:30.812000,SBX_ANAES_WAVE,flow,,,10,-0.385,-0.101,-0.2359
2026-04-22T11:42:30.812000,SBX_ANAES_WAVE,volume,,,10,49.0,51.0,50.1
2026-04-22T11:42:30.812000,SBX_ANAES_WAVE,pressure,,,10,6.22,6.32,6.266
2026-04-22T11:42:30.812000,SBX_ANAES_WAVE,inspExpMarker,,,0,,,
2026-04-22T11:42:31.288000,SBX_ANAES_WAVE,respGas,,,0,,,
2026-04-22T11:42:31.288000,SBX_ANAES_WAVE,respGas,,,0,,,
2026-04-22T11:42:31.288000,SBX_ANAES_WAVE,flow,,,10,-0.03,0.071,0.0076
2026-04-22T11:42:31.288000,SBX_ANAES_WAVE,volume,,,10,49.0,49.0,49.0
2026-04-22T11:42:31.288000,SBX_ANAES_WAVE,pressure,,,10,6.08,6.22,6.155
2026-04-22T11:42:31.288000,SBX_ANAES_WAVE,inspExpMarker,,,0,,,
2026-04-22T11:42:31.613000,SBX_ANAES_WAVE,respGas,,,0,,,
2026-04-22T11:42:31.613000,SBX_ANAES_WAVE,respGas,,,0,,,
2026-04-22T11:42:31.613000,SBX_ANAES_WAVE,flow,,,10,0.097,0.234,0.1627
2026-04-22T11:42:31.613000,SBX_ANAES_WAVE,volume,,,10,50.0,50.0,50.0
2026-04-22T11:42:31.613000,SBX_ANAES_WAVE,pressure,,,10,6.06,6.08,6.078
2026-04-22T11:42:31.613000,SBX_ANAES_WAVE,inspExpMarker,,,0,,,
2026-04-22T11:42:32.013000,SBX_ANAES_WAVE,respGas,,,0,,,
2026-04-22T11:42:32.013000,SBX_ANAES_WAVE,respGas,,,0,,,
2026-04-22T11:42:32.013000,SBX_ANAES_WAVE,flow,,,10,0.243,0.327,0.2874
2026-04-22T11:42:32.013000,SBX_ANAES_WAVE,volume,,,10,51.0,52.0,51.5
2026-04-22T11:42:32.013000,SBX_ANAES_WAVE,pressure,,,10,6.04,6.04,6.04
2026-04-22T11:42:32.013000,SBX_ANAES_WAVE,inspExpMarker,,,0,,,
2026-04-22T11:42:32.413000,SBX_ANAES_WAVE,respGas,,,0,,,
2026-04-22T11:42:32.413000,SBX_ANAES_WAVE,respGas,,,0,,,
2026-04-22T11:42:32.413000,SBX_ANAES_WAVE,flow,,,10,0.333,32.802,10.858
2026-04-22T11:42:32.413000,SBX_ANAES_WAVE,volume,,,10,4.0,61.0,39.8
2026-04-22T11:42:32.413000,SBX_ANAES_WAVE,pressure,,,10,6.0,9.23,6.834
2026-04-22T11:42:32.413000,SBX_ANAES_WAVE,inspExpMarker,,,0,,,
2026-04-22T11:42:32.813000,SBX_ANAES_WAVE,respGas,,,0,,,
2026-04-22T11:42:32.813000,SBX_ANAES_WAVE,respGas,,,0,,,
2026-04-22T11:42:32.813000,SBX_ANAES_WAVE,flow,,,10,31.206,32.379,31.7889
2026-04-22T11:42:32.813000,SBX_ANAES_WAVE,volume,,,10,83.0,274.0,179.1
2026-04-22T11:42:32.813000,SBX_ANAES_WAVE,pressure,,,10,10.13,17.7,14.01
2026-04-22T11:42:32.813000,SBX_ANAES_WAVE,inspExpMarker,,,0,,,
2026-04-22T11:42:33.317000,SBX_ANAES_WAVE,respGas,,,0,,,
2026-04-22T11:42:33.317000,SBX_ANAES_WAVE,respGas,,,0,,,
2026-04-22T11:42:33.317000,SBX_ANAES_WAVE,flow,,,10,31.04,31.665,31.3894
2026-04-22T11:42:33.317000,SBX_ANAES_WAVE,volume,,,10,295.0,483.0,388.7
2026-04-22T11:42:33.317000,SBX_ANAES_WAVE,pressure,,,10,18.49,24.78,21.728
2026-04-22T11:42:33.317000,SBX_ANAES_WAVE,inspExpMarker,,,0,,,
2026-04-22T11:42:33.613000,SBX_ANAES_WAVE,respGas,,,0,,,
2026-04-22T11:42:33.613000,SBX_ANAES_WAVE,respGas,,,0,,,
2026-04-22T11:42:33.613000,SBX_ANAES_WAVE,flow,,,10,-71.493,31.673,1.531
2026-04-22T11:42:33.613000,SBX_ANAES_WAVE,volume,,,10,504.0,600.0,561.2
2026-04-22T11:42:33.613000,SBX_ANAES_WAVE,pressure,,,10,22.44,27.13,25.991
2026-04-22T11:42:33.613000,SBX_ANAES_WAVE,inspExpMarker,,,0,,,
2026-04-22T11:42:34.013000,SBX_ANAES_WAVE,respGas,,,0,,,
2026-04-22T11:42:34.013000,SBX_ANAES_WAVE,respGas,,,0,,,
2026-04-22T11:42:34.013000,SBX_ANAES_WAVE,flow,,,10,-84.491,-20.614,-59.3351
2026-04-22T11:42:34.013000,SBX_ANAES_WAVE,volume,,,10,113.0,473.0,259.9
2026-04-22T11:42:34.013000,SBX_ANAES_WAVE,pressure,,,10,8.38,20.24,12.958
2026-04-22T11:42:34.013000,SBX_ANAES_WAVE,inspExpMarker,,,0,,,
2026-04-22T11:42:34.412000,SBX_ANAES_WAVE,respGas,,,0,,,
2026-04-22T11:42:34.412000,SBX_ANAES_WAVE,respGas,,,0,,,
2026-04-22T11:42:34.412000,SBX_ANAES_WAVE,flow,,,10,-15.721,-2.134,-5.3956
2026-04-22T11:42:34.412000,SBX_ANAES_WAVE,volume,,,10,72.0,101.0,81.5
2026-04-22T11:42:34.412000,SBX_ANAES_WAVE,pressure,,,10,7.23,8.02,7.507
2026-04-22T11:42:34.412000,SBX_ANAES_WAVE,inspExpMarker,,,0,,,
2026-04-22T11:42:34.821000,SBX_ANAES_WAVE,respGas,,,0,,,
2026-04-22T11:42:34.821000,SBX_ANAES_WAVE,respGas,,,0,,,
2026-04-22T11:42:34.821000,SBX_ANAES_WAVE,flow,,,10,-2.254,-1.398,-1.9094
2026-04-22T11:42:34.821000,SBX_ANAES_WAVE,volume,,,10,59.0,70.0,64.1
2026-04-22T11:42:34.821000,SBX_ANAES_WAVE,pressure,,,10,6.72,7.19,6.942
2026-04-22T11:42:34.821000,SBX_ANAES_WAVE,inspExpMarker,,,0,,,
2026-04-22T11:42:35.270000,SBX_ANAES_WAVE,respGas,,,0,,,
2026-04-22T11:42:35.270000,SBX_ANAES_WAVE,respGas,,,0,,,
2026-04-22T11:42:35.270000,SBX_ANAES_WAVE,flow,,,10,-1.288,-0.682,-0.9663
2026-04-22T11:42:35.270000,SBX_ANAES_WAVE,volume,,,10,52.0,58.0,54.8
2026-04-22T11:42:35.270000,SBX_ANAES_WAVE,pressure,,,10,6.41,6.68,6.526
2026-04-22T11:42:35.270000,SBX_ANAES_WAVE,inspExpMarker,,,0,,,
2026-04-22T11:42:35.613000,SBX_ANAES_WAVE,respGas,,,0,,,
2026-04-22T11:42:35.613000,SBX_ANAES_WAVE,respGas,,,0,,,
2026-04-22T11:42:35.613000,SBX_ANAES_WAVE,flow,,,10,-0.654,-0.283,-0.4388
2026-04-22T11:42:35.613000,SBX_ANAES_WAVE,volume,,,10,49.0,52.0,50.2
2026-04-22T11:42:35.613000,SBX_ANAES_WAVE,pressure,,,10,6.27,6.4,6.328
2026-04-22T11:42:35.613000,SBX_ANAES_WAVE,inspExpMarker,,,0,,,
2026-04-22T11:42:36.012000,SBX_ANAES_WAVE,respGas,,,0,,,
2026-04-22T11:42:36.012000,SBX_ANAES_WAVE,respGas,,,0,,,
2026-04-22T11:42:36.012000,SBX_ANAES_WAVE,flow,,,10,-0.267,0.0,-0.1376
2026-04-22T11:42:36.012000,SBX_ANAES_WAVE,volume,,,10,48.0,49.0,48.3
2026-04-22T11:42:36.012000,SBX_ANAES_WAVE,pressure,,,10,6.18,6.26,6.219
2026-04-22T11:42:36.012000,SBX_ANAES_WAVE,inspExpMarker,,,0,,,
2026-04-22T11:42:36.414000,SBX_ANAES_WAVE,respGas,,,0,,,
2026-04-22T11:42:36.414000,SBX_ANAES_WAVE,respGas,,,0,,,
2026-04-22T11:42:36.414000,SBX_ANAES_WAVE,flow,,,10,0.0,0.153,0.0659
2026-04-22T11:42:36.414000,SBX_ANAES_WAVE,volume,,,10,48.0,48.0,48.0
2026-04-22T11:42:36.414000,SBX_ANAES_WAVE,pressure,,,10,6.08,6.16,6.103
2026-04-22T11:42:36.414000,SBX_ANAES_WAVE,inspExpMarker,,,0,,,
2026-04-22T11:42:36.813000,SBX_ANAES_WAVE,respGas,,,0,,,
2026-04-22T11:42:36.813000,SBX_ANAES_WAVE,respGas,,,0,,,
2026-04-22T11:42:36.813000,SBX_ANAES_WAVE,flow,,,10,0.189,0.261,0.2196
2026-04-22T11:42:36.813000,SBX_ANAES_WAVE,volume,,,10,49.0,50.0,49.3
2026-04-22T11:42:36.813000,SBX_ANAES_WAVE,pressure,,,10,6.04,6.08,6.059
2026-04-22T11:42:36.813000,SBX_ANAES_WAVE,inspExpMarker,,,0,,,
2026-04-22T11:42:37.270000,SBX_ANAES_WAVE,respGas,,,0,,,
2026-04-22T11:42:37.270000,SBX_ANAES_WAVE,respGas,,,0,,,
2026-04-22T11:42:37.270000,SBX_ANAES_WAVE,flow,,,10,0.272,0.324,0.3023
2026-04-22T11:42:37.270000,SBX_ANAES_WAVE,volume,,,10,45.0,52.0,50.2
2026-04-22T11:42:37.270000,SBX_ANAES_WAVE,pressure,,,10,5.99,6.04,6.022
2026-04-22T11:42:37.270000,SBX_ANAES_WAVE,inspExpMarker,,,0,,,
2026-04-22T11:42:37.616000,SBX_ANAES_WAVE,respGas,,,0,,,
2026-04-22T11:42:37.616000,SBX_ANAES_WAVE,respGas,,,0,,,
2026-04-22T11:42:37.616000,SBX_ANAES_WAVE,flow,,,10,1.112,32.794,26.4994
2026-04-22T11:42:37.616000,SBX_ANAES_WAVE,volume,,,10,4.0,167.0,76.4
2026-04-22T11:42:37.616000,SBX_ANAES_WAVE,pressure,,,10,6.14,13.66,9.768
2026-04-22T11:42:37.616000,SBX_ANAES_WAVE,inspExpMarker,,,0,,,
2026-04-22T11:42:38.013000,SBX_ANAES_WAVE,respGas,,,0,,,
2026-04-22T11:42:38.013000,SBX_ANAES_WAVE,respGas,,,0,,,
2026-04-22T11:42:38.013000,SBX_ANAES_WAVE,flow,,,10,30.972,31.612,31.2089
2026-04-22T11:42:38.013000,SBX_ANAES_WAVE,volume,,,10,188.0,375.0,281.5
2026-04-22T11:42:38.013000,SBX_ANAES_WAVE,pressure,,,10,14.48,21.42,18.041
2026-04-22T11:42:38.013000,SBX_ANAES_WAVE,inspExpMarker,,,0,,,
2026-04-22T11:42:38.416000,SBX_ANAES_WAVE,respGas,,,0,,,
2026-04-22T11:42:38.416000,SBX_ANAES_WAVE,respGas,,,0,,,
2026-04-22T11:42:38.416000,SBX_ANAES_WAVE,flow,,,10,24.648,31.608,30.6899
2026-04-22T11:42:38.416000,SBX_ANAES_WAVE,volume,,,10,396.0,583.0,490.1
2026-04-22T11:42:38.416000,SBX_ANAES_WAVE,pressure,,,10,22.12,27.12,24.954
2026-04-22T11:42:38.416000,SBX_ANAES_WAVE,inspExpMarker,,,0,,,
2026-04-22T11:42:38.825000,SBX_ANAES_WAVE,respGas,,,0,,,
2026-04-22T11:42:38.825000,SBX_ANAES_WAVE,respGas,,,0,,,
2026-04-22T11:42:38.825000,SBX_ANAES_WAVE,flow,,,10,-82.24,10.451,-52.08
2026-04-22T11:42:38.825000,SBX_ANAES_WAVE,volume,,,10,263.0,597.0,470.5
2026-04-22T11:42:38.825000,SBX_ANAES_WAVE,pressure,,,10,12.75,27.08,20.938
2026-04-22T11:42:38.825000,SBX_ANAES_WAVE,inspExpMarker,,,0,,,
2026-04-22T11:42:39.262000,SBX_ANAES_WAVE,respGas,,,0,,,
2026-04-22T11:42:39.262000,SBX_ANAES_WAVE,respGas,,,0,,,
2026-04-22T11:42:39.262000,SBX_ANAES_WAVE,flow,,,10,-62.683,-3.394,-24.2329
2026-04-22T11:42:39.262000,SBX_ANAES_WAVE,volume,,,10,82.0,219.0,124.9
2026-04-22T11:42:39.262000,SBX_ANAES_WAVE,pressure,,,10,7.45,11.27,8.659
2026-04-22T11:42:39.262000,SBX_ANAES_WAVE,inspExpMarker,,,0,,,
2026-04-22T11:42:39.612000,SBX_ANAES_WAVE,respGas,,,0,,,
2026-04-22T11:42:39.612000,SBX_ANAES_WAVE,respGas,,,0,,,
2026-04-22T11:42:39.612000,SBX_ANAES_WAVE,flow,,,10,-2.619,-2.072,-2.2123
2026-04-22T11:42:39.612000,SBX_ANAES_WAVE,volume,,,10,66.0,80.0,73.0
2026-04-22T11:42:39.612000,SBX_ANAES_WAVE,pressure,,,10,6.95,7.41,7.197
2026-04-22T11:42:39.612000,SBX_ANAES_WAVE,inspExpMarker,,,0,,,
2026-04-22T11:42:40.012000,SBX_ANAES_WAVE,respGas,,,0,,,
2026-04-22T11:42:40.012000,SBX_ANAES_WAVE,respGas,,,0,,,
2026-04-22T11:42:40.012000,SBX_ANAES_WAVE,flow,,,10,-1.922,-0.965,-1.4221
2026-04-22T11:42:40.012000,SBX_ANAES_WAVE,volume,,,10,57.0,65.0,60.6
2026-04-22T11:42:40.012000,SBX_ANAES_WAVE,pressure,,,10,6.51,6.89,6.698
2026-04-22T11:42:40.012000,SBX_ANAES_WAVE,inspExpMarker,,,0,,,
2026-04-22T11:42:41.269000,SBX_ANAES_WAVE,respGas,,,0,,,
2026-04-22T11:42:41.269000,SBX_ANAES_WAVE,respGas,,,0,,,
2026-04-22T11:42:41.269000,SBX_ANAES_WAVE,flow,,,10,-0.89,-0.48,-0.6767
2026-04-22T11:42:41.269000,SBX_ANAES_WAVE,volume,,,10,52.0,56.0,53.7
2026-04-22T11:42:41.269000,SBX_ANAES_WAVE,pressure,,,10,6.32,6.47,6.385
2026-04-22T11:42:41.269000,SBX_ANAES_WAVE,inspExpMarker,,,0,,,
2026-04-22T11:42:41.612000,SBX_ANAES_WAVE,respGas,,,0,,,
2026-04-22T11:42:41.612000,SBX_ANAES_WAVE,respGas,,,0,,,
2026-04-22T11:42:41.612000,SBX_ANAES_WAVE,flow,,,10,-0.441,-0.145,-0.271
2026-04-22T11:42:41.612000,SBX_ANAES_WAVE,volume,,,10,50.0,52.0,50.8
2026-04-22T11:42:41.612000,SBX_ANAES_WAVE,pressure,,,10,6.22,6.32,6.26
2026-04-22T11:42:41.612000,SBX_ANAES_WAVE,inspExpMarker,,,0,,,
2026-04-22T11:42:42.013000,SBX_ANAES_WAVE,respGas,,,0,,,
2026-04-22T11:42:42.013000,SBX_ANAES_WAVE,respGas,,,0,,,
2026-04-22T11:42:42.013000,SBX_ANAES_WAVE,flow,,,10,0.0,0.167,0.0452
2026-04-22T11:42:42.013000,SBX_ANAES_WAVE,volume,,,10,50.0,50.0,50.0
2026-04-22T11:42:42.013000,SBX_ANAES_WAVE,pressure,,,10,6.08,6.13,6.088
2026-04-22T11:42:42.013000,SBX_ANAES_WAVE,inspExpMarker,,,0,,,
2026-04-22T11:42:42.413000,SBX_ANAES_WAVE,respGas,,,0,,,
2026-04-22T11:42:42.413000,SBX_ANAES_WAVE,respGas,,,0,,,
2026-04-22T11:42:42.413000,SBX_ANAES_WAVE,flow,,,10,0.186,0.341,0.2411
2026-04-22T11:42:42.413000,SBX_ANAES_WAVE,volume,,,10,50.0,52.0,51.0
2026-04-22T11:42:42.413000,SBX_ANAES_WAVE,pressure,,,10,6.0,6.07,6.039
2026-04-22T11:42:42.413000,SBX_ANAES_WAVE,inspExpMarker,,,0,,,
2026-04-22T11:42:42.812000,SBX_ANAES_WAVE,respGas,,,0,,,
2026-04-22T11:42:42.812000,SBX_ANAES_WAVE,respGas,,,0,,,
2026-04-22T11:42:42.812000,SBX_ANAES_WAVE,flow,,,10,0.324,0.359,0.3407
2026-04-22T11:42:42.812000,SBX_ANAES_WAVE,volume,,,10,46.0,54.0,52.2
2026-04-22T11:42:42.812000,SBX_ANAES_WAVE,pressure,,,10,5.99,6.0,5.992
2026-04-22T11:42:42.812000,SBX_ANAES_WAVE,inspExpMarker,,,0,,,
2026-04-22T11:42:43.264000,SBX_ANAES_WAVE,respGas,,,0,,,
2026-04-22T11:42:43.264000,SBX_ANAES_WAVE,respGas,,,0,,,
2026-04-22T11:42:43.264000,SBX_ANAES_WAVE,flow,,,10,1.169,32.468,26.5782
2026-04-22T11:42:43.264000,SBX_ANAES_WAVE,volume,,,10,4.0,168.0,76.5
2026-04-22T11:42:43.264000,SBX_ANAES_WAVE,pressure,,,10,6.13,13.65,9.765
2026-04-22T11:42:43.264000,SBX_ANAES_WAVE,inspExpMarker,,,0,,,
2026-04-22T11:42:43.612000,SBX_ANAES_WAVE,respGas,,,0,,,
2026-04-22T11:42:43.612000,SBX_ANAES_WAVE,respGas,,,0,,,
2026-04-22T11:42:43.612000,SBX_ANAES_WAVE,flow,,,10,30.982,32.006,31.4561
2026-04-22T11:42:43.612000,SBX_ANAES_WAVE,volume,,,10,189.0,377.0,283.1
2026-04-22T11:42:43.612000,SBX_ANAES_WAVE,pressure,,,10,14.47,21.42,18.042
2026-04-22T11:42:43.612000,SBX_ANAES_WAVE,inspExpMarker,,,0,,,
2026-04-22T11:42:44.012000,SBX_ANAES_WAVE,respGas,,,0,,,
2026-04-22T11:42:44.012000,SBX_ANAES_WAVE,respGas,,,0,,,
2026-04-22T11:42:44.012000,SBX_ANAES_WAVE,flow,,,10,24.552,32.04,30.7904
2026-04-22T11:42:44.012000,SBX_ANAES_WAVE,volume,,,10,399.0,585.0,493.2
2026-04-22T11:42:44.012000,SBX_ANAES_WAVE,pressure,,,10,22.12,27.12,24.951
2026-04-22T11:42:44.012000,SBX_ANAES_WAVE,inspExpMarker,,,0,,,
2026-04-22T11:42:44.412000,SBX_ANAES_WAVE,respGas,,,0,,,
2026-04-22T11:42:44.412000,SBX_ANAES_WAVE,respGas,,,0,,,
2026-04-22T11:42:44.412000,SBX_ANAES_WAVE,flow,,,10,-83.689,10.453,-52.6042
2026-04-22T11:42:44.412000,SBX_ANAES_WAVE,volume,,,10,262.0,600.0,471.7
2026-04-22T11:42:44.412000,SBX_ANAES_WAVE,pressure,,,10,12.73,27.07,20.921
2026-04-22T11:42:44.412000,SBX_ANAES_WAVE,inspExpMarker,,,0,,,
2026-04-22T11:42:44.814000,SBX_ANAES_WAVE,respGas,,,0,,,
2026-04-22T11:42:44.814000,SBX_ANAES_WAVE,respGas,,,0,,,
2026-04-22T11:42:44.814000,SBX_ANAES_WAVE,flow,,,10,-61.889,-3.417,-23.8347
2026-04-22T11:42:44.814000,SBX_ANAES_WAVE,volume,,,10,84.0,218.0,126.2
2026-04-22T11:42:44.814000,SBX_ANAES_WAVE,pressure,,,10,7.45,11.23,8.645
2026-04-22T11:42:44.814000,SBX_ANAES_WAVE,inspExpMarker,,,0,,,
2026-04-22T11:42:45.258000,SBX_ANAES_WAVE,respGas,,,0,,,
2026-04-22T11:42:45.258000,SBX_ANAES_WAVE,respGas,,,0,,,
2026-04-22T11:42:45.258000,SBX_ANAES_WAVE,flow,,,10,-2.636,-2.049,-2.2004
2026-04-22T11:42:45.258000,SBX_ANAES_WAVE,volume,,,10,68.0,82.0,75.0
2026-04-22T11:42:45.258000,SBX_ANAES_WAVE,pressure,,,10,6.95,7.41,7.201
2026-04-22T11:42:45.258000,SBX_ANAES_WAVE,inspExpMarker,,,0,,,
2026-04-22T11:42:45.612000,SBX_ANAES_WAVE,respGas,,,0,,,
2026-04-22T11:42:45.612000,SBX_ANAES_WAVE,respGas,,,0,,,
2026-04-22T11:42:45.612000,SBX_ANAES_WAVE,flow,,,10,-1.906,-0.954,-1.3813
2026-04-22T11:42:45.612000,SBX_ANAES_WAVE,volume,,,10,59.0,67.0,62.7
2026-04-22T11:42:45.612000,SBX_ANAES_WAVE,pressure,,,10,6.52,6.89,6.707
2026-04-22T11:42:45.612000,SBX_ANAES_WAVE,inspExpMarker,,,0,,,
2026-04-22T11:42:46.013000,SBX_ANAES_WAVE,respGas,,,0,,,
2026-04-22T11:42:46.013000,SBX_ANAES_WAVE,respGas,,,0,,,
2026-04-22T11:42:46.013000,SBX_ANAES_WAVE,flow,,,10,-0.872,-0.423,-0.6702
2026-04-22T11:42:46.013000,SBX_ANAES_WAVE,volume,,,10,54.0,58.0,56.1
2026-04-22T11:42:46.013000,SBX_ANAES_WAVE,pressure,,,10,6.32,6.48,6.387
2026-04-22T11:42:46.013000,SBX_ANAES_WAVE,inspExpMarker,,,0,,,
2026-04-22T11:42:46.416000,SBX_ANAES_WAVE,respGas,,,0,,,
2026-04-22T11:42:46.416000,SBX_ANAES_WAVE,respGas,,,0,,,
2026-04-22T11:42:46.416000,SBX_ANAES_WAVE,flow,,,10,-0.355,-0.19,-0.2477
2026-04-22T11:42:46.416000,SBX_ANAES_WAVE,volume,,,10,53.0,54.0,53.3
2026-04-22T11:42:46.416000,SBX_ANAES_WAVE,pressure,,,10,6.22,6.32,6.259
2026-04-22T11:42:46.416000,SBX_ANAES_WAVE,inspExpMarker,,,0,,,
2026-04-22T11:42:46.814000,SBX_ANAES_WAVE,respGas,,,0,,,
2026-04-22T11:42:46.814000,SBX_ANAES_WAVE,respGas,,,0,,,
2026-04-22T11:42:46.814000,SBX_ANAES_WAVE,flow,,,10,-0.119,0.063,-0.0065
2026-04-22T11:42:46.814000,SBX_ANAES_WAVE,volume,,,10,52.0,52.0,52.0
2026-04-22T11:42:46.814000,SBX_ANAES_WAVE,pressure,,,10,6.08,6.22,6.155
2026-04-22T11:42:46.814000,SBX_ANAES_WAVE,inspExpMarker,,,0,,,
2026-04-22T11:42:47.261000,SBX_ANAES_WAVE,respGas,,,0,,,
2026-04-22T11:42:47.261000,SBX_ANAES_WAVE,respGas,,,0,,,
2026-04-22T11:42:47.261000,SBX_ANAES_WAVE,flow,,,10,0.084,0.238,0.1444
2026-04-22T11:42:47.261000,SBX_ANAES_WAVE,volume,,,10,53.0,53.0,53.0
2026-04-22T11:42:47.261000,SBX_ANAES_WAVE,pressure,,,10,6.04,6.08,6.071
2026-04-22T11:42:47.261000,SBX_ANAES_WAVE,inspExpMarker,,,0,,,
2026-04-22T11:42:47.611000,SBX_ANAES_WAVE,respGas,,,0,,,
2026-04-22T11:42:47.611000,SBX_ANAES_WAVE,respGas,,,0,,,
2026-04-22T11:42:47.611000,SBX_ANAES_WAVE,flow,,,10,0.257,0.331,0.288
2026-04-22T11:42:47.611000,SBX_ANAES_WAVE,volume,,,10,54.0,55.0,54.5
2026-04-22T11:42:47.611000,SBX_ANAES_WAVE,pressure,,,10,6.0,6.04,6.032
2026-04-22T11:42:47.611000,SBX_ANAES_WAVE,inspExpMarker,,,0,,,
2026-04-22T11:42:48.012000,SBX_ANAES_WAVE,respGas,,,0,,,
2026-04-22T11:42:48.012000,SBX_ANAES_WAVE,respGas,,,0,,,
2026-04-22T11:42:48.012000,SBX_ANAES_WAVE,flow,,,10,0.312,32.919,10.9164
2026-04-22T11:42:48.012000,SBX_ANAES_WAVE,volume,,,10,4.0,62.0,41.2
2026-04-22T11:42:48.012000,SBX_ANAES_WAVE,pressure,,,10,5.99,9.24,6.821
2026-04-22T11:42:48.012000,SBX_ANAES_WAVE,inspExpMarker,,,0,,,
2026-04-22T11:42:48.412000,SBX_ANAES_WAVE,respGas,,,0,,,
2026-04-22T11:42:48.412000,SBX_ANAES_WAVE,respGas,,,0,,,
2026-04-22T11:42:48.412000,SBX_ANAES_WAVE,flow,,,10,31.466,32.599,31.907
2026-04-22T11:42:48.412000,SBX_ANAES_WAVE,volume,,,10,84.0,275.0,179.9
2026-04-22T11:42:48.412000,SBX_ANAES_WAVE,pressure,,,10,10.13,17.69,14.005
2026-04-22T11:42:48.412000,SBX_ANAES_WAVE,inspExpMarker,,,0,,,
2026-04-22T11:42:48.812000,SBX_ANAES_WAVE,respGas,,,0,,,
2026-04-22T11:42:48.812000,SBX_ANAES_WAVE,respGas,,,0,,,
2026-04-22T11:42:48.812000,SBX_ANAES_WAVE,flow,,,10,31.174,31.813,31.4437
2026-04-22T11:42:48.812000,SBX_ANAES_WAVE,volume,,,10,296.0,485.0,390.5
2026-04-22T11:42:48.812000,SBX_ANAES_WAVE,pressure,,,10,18.48,24.78,21.725
2026-04-22T11:42:48.812000,SBX_ANAES_WAVE,inspExpMarker,,,0,,,
2026-04-22T11:42:49.276000,SBX_ANAES_WAVE,respGas,,,0,,,
2026-04-22T11:42:49.276000,SBX_ANAES_WAVE,respGas,,,0,,,
2026-04-22T11:42:49.276000,SBX_ANAES_WAVE,flow,,,10,-69.992,31.628,1.8419
2026-04-22T11:42:49.276000,SBX_ANAES_WAVE,volume,,,10,506.0,602.0,563.0
2026-04-22T11:42:49.276000,SBX_ANAES_WAVE,pressure,,,10,22.5,27.12,25.997
2026-04-22T11:42:49.276000,SBX_ANAES_WAVE,inspExpMarker,,,0,,,
2026-04-22T11:42:49.613000,SBX_ANAES_WAVE,respGas,,,0,,,
2026-04-22T11:42:49.613000,SBX_ANAES_WAVE,respGas,,,0,,,
2026-04-22T11:42:49.613000,SBX_ANAES_WAVE,flow,,,10,-82.694,-21.038,-59.0976
2026-04-22T11:42:49.613000,SBX_ANAES_WAVE,volume,,,10,118.0,478.0,266.4
2026-04-22T11:42:49.613000,SBX_ANAES_WAVE,pressure,,,10,8.39,20.32,13.024
2026-04-22T11:42:49.613000,SBX_ANAES_WAVE,inspExpMarker,,,0,,,
2026-04-22T11:42:50.012000,SBX_ANAES_WAVE,respGas,,,0,,,
2026-04-22T11:42:50.012000,SBX_ANAES_WAVE,respGas,,,0,,,
2026-04-22T11:42:50.012000,SBX_ANAES_WAVE,flow,,,10,-16.085,-1.977,-5.4109
2026-04-22T11:42:50.012000,SBX_ANAES_WAVE,volume,,,10,77.0,106.0,86.2
2026-04-22T11:42:50.012000,SBX_ANAES_WAVE,pressure,,,10,7.24,8.03,7.503
2026-04-22T11:42:50.012000,SBX_ANAES_WAVE,inspExpMarker,,,0,,,
2026-04-22T11:42:50.412000,SBX_ANAES_WAVE,respGas,,,0,,,
2026-04-22T11:42:50.412000,SBX_ANAES_WAVE,respGas,,,0,,,
2026-04-22T11:42:50.412000,SBX_ANAES_WAVE,flow,,,10,-2.202,-1.4,-1.8924
2026-04-22T11:42:50.412000,SBX_ANAES_WAVE,volume,,,10,64.0,75.0,69.2
2026-04-22T11:42:50.412000,SBX_ANAES_WAVE,pressure,,,10,6.72,7.19,6.941
2026-04-22T11:42:50.412000,SBX_ANAES_WAVE,inspExpMarker,,,0,,,
2026-04-22T11:42:50.812000,SBX_ANAES_WAVE,respGas,,,0,,,
2026-04-22T11:42:50.812000,SBX_ANAES_WAVE,respGas,,,0,,,
2026-04-22T11:42:50.812000,SBX_ANAES_WAVE,flow,,,10,-1.285,-0.649,-0.9476
2026-04-22T11:42:50.812000,SBX_ANAES_WAVE,volume,,,10,57.0,63.0,59.9
2026-04-22T11:42:50.812000,SBX_ANAES_WAVE,pressure,,,10,6.41,6.68,6.524
2026-04-22T11:42:50.812000,SBX_ANAES_WAVE,inspExpMarker,,,0,,,
2026-04-22T11:42:51.260000,SBX_ANAES_WAVE,respGas,,,0,,,
2026-04-22T11:42:51.260000,SBX_ANAES_WAVE,respGas,,,0,,,
2026-04-22T11:42:51.260000,SBX_ANAES_WAVE,flow,,,10,-0.603,-0.258,-0.4087
2026-04-22T11:42:51.260000,SBX_ANAES_WAVE,volume,,,10,55.0,57.0,55.7
2026-04-22T11:42:51.260000,SBX_ANAES_WAVE,pressure,,,10,6.27,6.4,6.326
2026-04-22T11:42:51.260000,SBX_ANAES_WAVE,inspExpMarker,,,0,,,
2026-04-22T11:42:51.612000,SBX_ANAES_WAVE,respGas,,,0,,,
2026-04-22T11:42:51.612000,SBX_ANAES_WAVE,respGas,,,0,,,
2026-04-22T11:42:51.612000,SBX_ANAES_WAVE,flow,,,10,-0.247,0.0,-0.1009
2026-04-22T11:42:51.612000,SBX_ANAES_WAVE,volume,,,10,54.0,54.0,54.0
2026-04-22T11:42:51.612000,SBX_ANAES_WAVE,pressure,,,10,6.18,6.27,6.22
2026-04-22T11:42:51.612000,SBX_ANAES_WAVE,inspExpMarker,,,0,,,
2026-04-22T11:42:52.046000,SBX_ANAES_WAVE,respGas,,,0,,,
2026-04-22T11:42:52.046000,SBX_ANAES_WAVE,respGas,,,0,,,
2026-04-22T11:42:52.046000,SBX_ANAES_WAVE,flow,,,10,0.0,0.149,0.055
2026-04-22T11:42:52.046000,SBX_ANAES_WAVE,volume,,,10,54.0,54.0,54.0
2026-04-22T11:42:52.046000,SBX_ANAES_WAVE,pressure,,,10,6.08,6.16,6.104
2026-04-22T11:42:52.046000,SBX_ANAES_WAVE,inspExpMarker,,,0,,,
2026-04-22T11:42:52.412000,SBX_ANAES_WAVE,respGas,,,0,,,
2026-04-22T11:42:52.412000,SBX_ANAES_WAVE,respGas,,,0,,,
2026-04-22T11:42:52.412000,SBX_ANAES_WAVE,flow,,,10,0.142,0.319,0.2376
2026-04-22T11:42:52.412000,SBX_ANAES_WAVE,volume,,,10,54.0,56.0,54.9
2026-04-22T11:42:52.412000,SBX_ANAES_WAVE,pressure,,,10,6.04,6.08,6.062
2026-04-22T11:42:52.412000,SBX_ANAES_WAVE,inspExpMarker,,,0,,,
2026-04-22T11:42:52.813000,SBX_ANAES_WAVE,respGas,,,0,,,
2026-04-22T11:42:52.813000,SBX_ANAES_WAVE,respGas,,,0,,,
2026-04-22T11:42:52.813000,SBX_ANAES_WAVE,flow,,,10,0.267,0.396,0.33
2026-04-22T11:42:52.813000,SBX_ANAES_WAVE,volume,,,10,50.0,58.0,56.0
2026-04-22T11:42:52.813000,SBX_ANAES_WAVE,pressure,,,10,6.04,6.08,6.06
2026-04-22T11:42:52.813000,SBX_ANAES_WAVE,inspExpMarker,,,0,,,
2026-04-22T11:42:53.259000,SBX_ANAES_WAVE,respGas,,,0,,,
2026-04-22T11:42:53.259000,SBX_ANAES_WAVE,respGas,,,0,,,
2026-04-22T11:42:53.259000,SBX_ANAES_WAVE,flow,,,10,1.177,32.645,26.6583
2026-04-22T11:42:53.259000,SBX_ANAES_WAVE,volume,,,10,4.0,168.0,76.9
2026-04-22T11:42:53.259000,SBX_ANAES_WAVE,pressure,,,10,6.17,13.68,9.809
2026-04-22T11:42:53.259000,SBX_ANAES_WAVE,inspExpMarker,,,0,,,
2026-04-22T11:42:53.626000,SBX_ANAES_WAVE,respGas,,,0,,,
2026-04-22T11:42:53.626000,SBX_ANAES_WAVE,respGas,,,0,,,
2026-04-22T11:42:53.626000,SBX_ANAES_WAVE,flow,,,10,31.041,31.801,31.3911
2026-04-22T11:42:53.626000,SBX_ANAES_WAVE,volume,,,10,189.0,377.0,283.3
2026-04-22T11:42:53.626000,SBX_ANAES_WAVE,pressure,,,10,14.49,21.43,18.047
2026-04-22T11:42:53.626000,SBX_ANAES_WAVE,inspExpMarker,,,0,,,
2026-04-22T11:42:54.012000,SBX_ANAES_WAVE,respGas,,,0,,,
2026-04-22T11:42:54.012000,SBX_ANAES_WAVE,respGas,,,0,,,
2026-04-22T11:42:54.012000,SBX_ANAES_WAVE,flow,,,10,24.686,31.842,30.7096
2026-04-22T11:42:54.012000,SBX_ANAES_WAVE,volume,,,10,399.0,585.0,492.8
2026-04-22T11:42:54.012000,SBX_ANAES_WAVE,pressure,,,10,22.12,27.12,24.95
2026-04-22T11:42:54.012000,SBX_ANAES_WAVE,inspExpMarker,,,0,,,
2026-04-22T11:42:54.412000,SBX_ANAES_WAVE,respGas,,,0,,,
2026-04-22T11:42:54.412000,SBX_ANAES_WAVE,respGas,,,0,,,
2026-04-22T11:42:54.412000,SBX_ANAES_WAVE,flow,,,10,-83.377,10.527,-52.8437
2026-04-22T11:42:54.412000,SBX_ANAES_WAVE,volume,,,10,260.0,600.0,470.3
2026-04-22T11:42:54.412000,SBX_ANAES_WAVE,pressure,,,10,12.71,27.08,20.932
2026-04-22T11:42:54.412000,SBX_ANAES_WAVE,inspExpMarker,,,0,,,
2026-04-22T11:42:54.825000,SBX_ANAES_WAVE,respGas,,,0,,,
2026-04-22T11:42:54.825000,SBX_ANAES_WAVE,respGas,,,0,,,
2026-04-22T11:42:54.825000,SBX_ANAES_WAVE,flow,,,10,-62.18,-3.386,-23.8827
2026-04-22T11:42:54.825000,SBX_ANAES_WAVE,volume,,,10,81.0,216.0,124.1
2026-04-22T11:42:54.825000,SBX_ANAES_WAVE,pressure,,,10,7.44,11.23,8.645
2026-04-22T11:42:54.825000,SBX_ANAES_WAVE,inspExpMarker,,,0,,,
2026-04-22T11:42:55.266000,SBX_ANAES_WAVE,respGas,,,0,,,
2026-04-22T11:42:55.266000,SBX_ANAES_WAVE,respGas,,,0,,,
2026-04-22T11:42:55.266000,SBX_ANAES_WAVE,flow,,,10,-2.596,-2.054,-2.216
2026-04-22T11:42:55.266000,SBX_ANAES_WAVE,volume,,,10,66.0,79.0,72.5
2026-04-22T11:42:55.266000,SBX_ANAES_WAVE,pressure,,,10,6.94,7.41,7.196
2026-04-22T11:42:55.266000,SBX_ANAES_WAVE,inspExpMarker,,,0,,,
2026-04-22T11:42:55.617000,SBX_ANAES_WAVE,respGas,,,0,,,
2026-04-22T11:42:55.617000,SBX_ANAES_WAVE,respGas,,,0,,,
2026-04-22T11:42:55.617000,SBX_ANAES_WAVE,flow,,,10,-2.0,-1.003,-1.4387
2026-04-22T11:42:55.617000,SBX_ANAES_WAVE,volume,,,10,56.0,65.0,59.9
2026-04-22T11:42:55.617000,SBX_ANAES_WAVE,pressure,,,10,6.52,6.89,6.701
2026-04-22T11:42:55.617000,SBX_ANAES_WAVE,inspExpMarker,,,0,,,
2026-04-22T11:42:56.018000,SBX_ANAES_WAVE,respGas,,,0,,,
2026-04-22T11:42:56.018000,SBX_ANAES_WAVE,respGas,,,0,,,
2026-04-22T11:42:56.018000,SBX_ANAES_WAVE,flow,,,10,-0.93,-0.433,-0.6708
2026-04-22T11:42:56.018000,SBX_ANAES_WAVE,volume,,,10,52.0,55.0,53.3
2026-04-22T11:42:56.018000,SBX_ANAES_WAVE,pressure,,,10,6.32,6.47,6.381
2026-04-22T11:42:56.018000,SBX_ANAES_WAVE,inspExpMarker,,,0,,,
2026-04-22T11:42:56.411000,SBX_ANAES_WAVE,respGas,,,0,,,
2026-04-22T11:42:56.411000,SBX_ANAES_WAVE,respGas,,,0,,,
2026-04-22T11:42:56.411000,SBX_ANAES_WAVE,flow,,,10,-0.411,-0.063,-0.2251
2026-04-22T11:42:56.411000,SBX_ANAES_WAVE,volume,,,10,50.0,51.0,50.4
2026-04-22T11:42:56.411000,SBX_ANAES_WAVE,pressure,,,10,6.22,6.31,6.257
2026-04-22T11:42:56.411000,SBX_ANAES_WAVE,inspExpMarker,,,0,,,
2026-04-22T11:42:56.814000,SBX_ANAES_WAVE,respGas,,,0,,,
2026-04-22T11:42:56.814000,SBX_ANAES_WAVE,respGas,,,0,,,
2026-04-22T11:42:56.814000,SBX_ANAES_WAVE,flow,,,10,-0.014,0.06,0.0083
2026-04-22T11:42:56.814000,SBX_ANAES_WAVE,volume,,,10,50.0,50.0,50.0
2026-04-22T11:42:56.814000,SBX_ANAES_WAVE,pressure,,,10,6.08,6.21,6.14
2026-04-22T11:42:56.814000,SBX_ANAES_WAVE,inspExpMarker,,,0,,,
2026-04-22T11:42:57.265000,SBX_ANAES_WAVE,respGas,,,0,,,
2026-04-22T11:42:57.265000,SBX_ANAES_WAVE,respGas,,,0,,,
2026-04-22T11:42:57.265000,SBX_ANAES_WAVE,flow,,,10,0.103,0.247,0.1782
2026-04-22T11:42:57.265000,SBX_ANAES_WAVE,volume,,,10,50.0,51.0,50.4
2026-04-22T11:42:57.265000,SBX_ANAES_WAVE,pressure,,,10,6.04,6.08,6.07
2026-04-22T11:42:57.265000,SBX_ANAES_WAVE,inspExpMarker,,,0,,,
2026-04-22T11:42:57.613000,SBX_ANAES_WAVE,respGas,,,0,,,
2026-04-22T11:42:57.613000,SBX_ANAES_WAVE,respGas,,,0,,,
2026-04-22T11:42:57.613000,SBX_ANAES_WAVE,flow,,,10,0.196,0.345,0.2873
2026-04-22T11:42:57.613000,SBX_ANAES_WAVE,volume,,,10,51.0,53.0,51.9
2026-04-22T11:42:57.613000,SBX_ANAES_WAVE,pressure,,,10,5.99,6.04,6.027
2026-04-22T11:42:57.613000,SBX_ANAES_WAVE,inspExpMarker,,,0,,,
2026-04-22T11:42:58.016000,SBX_ANAES_WAVE,respGas,,,0,,,
2026-04-22T11:42:58.016000,SBX_ANAES_WAVE,respGas,,,0,,,
2026-04-22T11:42:58.016000,SBX_ANAES_WAVE,flow,,,10,0.298,32.381,10.717
2026-04-22T11:42:58.016000,SBX_ANAES_WAVE,volume,,,10,4.0,61.0,39.9
2026-04-22T11:42:58.016000,SBX_ANAES_WAVE,pressure,,,10,5.99,9.22,6.813
2026-04-22T11:42:58.016000,SBX_ANAES_WAVE,inspExpMarker,,,0,,,
2026-04-22T11:42:58.412000,SBX_ANAES_WAVE,respGas,,,0,,,
2026-04-22T11:42:58.412000,SBX_ANAES_WAVE,respGas,,,0,,,
2026-04-22T11:42:58.412000,SBX_ANAES_WAVE,flow,,,10,31.09,32.031,31.4769
2026-04-22T11:42:58.412000,SBX_ANAES_WAVE,volume,,,10,82.0,271.0,176.7
2026-04-22T11:42:58.412000,SBX_ANAES_WAVE,pressure,,,10,10.12,17.67,13.988
2026-04-22T11:42:58.412000,SBX_ANAES_WAVE,inspExpMarker,,,0,,,
2026-04-22T11:42:58.811000,SBX_ANAES_WAVE,respGas,,,0,,,
2026-04-22T11:42:58.811000,SBX_ANAES_WAVE,respGas,,,0,,,
2026-04-22T11:42:58.811000,SBX_ANAES_WAVE,flow,,,10,30.723,31.742,31.2336
2026-04-22T11:42:58.811000,SBX_ANAES_WAVE,volume,,,10,292.0,479.0,385.4
2026-04-22T11:42:58.811000,SBX_ANAES_WAVE,pressure,,,10,18.47,24.75,21.696
2026-04-22T11:42:58.811000,SBX_ANAES_WAVE,inspExpMarker,,,0,,,
2026-04-22T11:42:59.259000,SBX_ANAES_WAVE,respGas,,,0,,,
2026-04-22T11:42:59.259000,SBX_ANAES_WAVE,respGas,,,0,,,
2026-04-22T11:42:59.259000,SBX_ANAES_WAVE,flow,,,10,-71.403,31.712,1.8129
2026-04-22T11:42:59.259000,SBX_ANAES_WAVE,volume,,,10,500.0,596.0,557.5
2026-04-22T11:42:59.259000,SBX_ANAES_WAVE,pressure,,,10,22.5,27.1,25.978
2026-04-22T11:42:59.259000,SBX_ANAES_WAVE,inspExpMarker,,,0,,,
2026-04-22T11:42:59.629000,SBX_ANAES_WAVE,respGas,,,0,,,
2026-04-22T11:42:59.629000,SBX_ANAES_WAVE,respGas,,,0,,,
2026-04-22T11:42:59.629000,SBX_ANAES_WAVE,flow,,,10,-83.032,-20.845,-59.3845
2026-04-22T11:42:59.629000,SBX_ANAES_WAVE,volume,,,10,111.0,471.0,258.8
2026-04-22T11:42:59.629000,SBX_ANAES_WAVE,pressure,,,10,8.37,20.31,12.988
2026-04-22T11:42:59.629000,SBX_ANAES_WAVE,inspExpMarker,,,0,,,
2026-04-22T11:43:00.064000,SBX_ANAES_WAVE,respGas,,,0,,,
2026-04-22T11:43:00.064000,SBX_ANAES_WAVE,respGas,,,0,,,
2026-04-22T11:43:00.064000,SBX_ANAES_WAVE,flow,,,10,-15.79,-2.058,-5.3765
2026-04-22T11:43:00.064000,SBX_ANAES_WAVE,volume,,,10,69.0,99.0,79.1
2026-04-22T11:43:00.064000,SBX_ANAES_WAVE,pressure,,,10,7.23,8.0,7.49
2026-04-22T11:43:00.064000,SBX_ANAES_WAVE,inspExpMarker,,,0,,,
2026-04-22T11:43:00.412000,SBX_ANAES_WAVE,respGas,,,0,,,
2026-04-22T11:43:00.412000,SBX_ANAES_WAVE,respGas,,,0,,,
2026-04-22T11:43:00.412000,SBX_ANAES_WAVE,flow,,,10,-2.224,-1.346,-1.8791
2026-04-22T11:43:00.412000,SBX_ANAES_WAVE,volume,,,10,57.0,68.0,62.1
2026-04-22T11:43:00.412000,SBX_ANAES_WAVE,pressure,,,10,6.72,7.18,6.932
2026-04-22T11:43:00.412000,SBX_ANAES_WAVE,inspExpMarker,,,0,,,
2026-04-22T11:43:00.811000,SBX_ANAES_WAVE,respGas,,,0,,,
2026-04-22T11:43:00.811000,SBX_ANAES_WAVE,respGas,,,0,,,
2026-04-22T11:43:00.811000,SBX_ANAES_WAVE,flow,,,10,-1.2,-0.642,-0.9141
2026-04-22T11:43:00.811000,SBX_ANAES_WAVE,volume,,,10,50.0,56.0,52.8
2026-04-22T11:43:00.811000,SBX_ANAES_WAVE,pressure,,,10,6.41,6.68,6.525
2026-04-22T11:43:00.811000,SBX_ANAES_WAVE,inspExpMarker,,,0,,,
2026-04-22T11:43:01.253000,SBX_ANAES_WAVE,respGas,,,0,,,
2026-04-22T11:43:01.253000,SBX_ANAES_WAVE,respGas,,,0,,,
2026-04-22T11:43:01.253000,SBX_ANAES_WAVE,flow,,,10,-0.598,-0.246,-0.4019
2026-04-22T11:43:01.253000,SBX_ANAES_WAVE,volume,,,10,48.0,50.0,48.7
2026-04-22T11:43:01.253000,SBX_ANAES_WAVE,pressure,,,10,6.27,6.39,6.327
2026-04-22T11:43:01.253000,SBX_ANAES_WAVE,inspExpMarker,,,0,,,
2026-04-22T11:43:01.612000,SBX_ANAES_WAVE,respGas,,,0,,,
2026-04-22T11:43:01.612000,SBX_ANAES_WAVE,respGas,,,0,,,
2026-04-22T11:43:01.612000,SBX_ANAES_WAVE,flow,,,10,-0.233,0.0,-0.0905
2026-04-22T11:43:01.612000,SBX_ANAES_WAVE,volume,,,10,47.0,47.0,47.0
2026-04-22T11:43:01.612000,SBX_ANAES_WAVE,pressure,,,10,6.18,6.26,6.22
2026-04-22T11:43:01.612000,SBX_ANAES_WAVE,inspExpMarker,,,0,,,
2026-04-22T11:43:02.030000,SBX_ANAES_WAVE,respGas,,,0,,,
2026-04-22T11:43:02.030000,SBX_ANAES_WAVE,respGas,,,0,,,
2026-04-22T11:43:02.030000,SBX_ANAES_WAVE,flow,,,10,0.0,0.117,0.0384
2026-04-22T11:43:02.030000,SBX_ANAES_WAVE,volume,,,10,47.0,47.0,47.0
2026-04-22T11:43:02.030000,SBX_ANAES_WAVE,pressure,,,10,6.08,6.17,6.108
2026-04-22T11:43:02.030000,SBX_ANAES_WAVE,inspExpMarker,,,0,,,
2026-04-22T11:43:02.412000,SBX_ANAES_WAVE,respGas,,,0,,,
2026-04-22T11:43:02.412000,SBX_ANAES_WAVE,respGas,,,0,,,
2026-04-22T11:43:02.412000,SBX_ANAES_WAVE,flow,,,10,0.136,0.296,0.2116
2026-04-22T11:43:02.412000,SBX_ANAES_WAVE,volume,,,10,47.0,48.0,47.7
2026-04-22T11:43:02.412000,SBX_ANAES_WAVE,pressure,,,10,6.04,6.08,6.061
2026-04-22T11:43:02.412000,SBX_ANAES_WAVE,inspExpMarker,,,0,,,
2026-04-22T11:43:02.811000,SBX_ANAES_WAVE,respGas,,,0,,,
2026-04-22T11:43:02.811000,SBX_ANAES_WAVE,respGas,,,0,,,
2026-04-22T11:43:02.811000,SBX_ANAES_WAVE,flow,,,10,0.27,0.375,0.331
2026-04-22T11:43:02.811000,SBX_ANAES_WAVE,volume,,,10,44.0,50.0,48.9
2026-04-22T11:43:02.811000,SBX_ANAES_WAVE,pressure,,,10,5.99,6.04,6.022
2026-04-22T11:43:02.811000,SBX_ANAES_WAVE,inspExpMarker,,,0,,,
2026-04-22T11:43:03.254000,SBX_ANAES_WAVE,respGas,,,0,,,
2026-04-22T11:43:03.254000,SBX_ANAES_WAVE,respGas,,,0,,,
2026-04-22T11:43:03.254000,SBX_ANAES_WAVE,flow,,,10,1.161,32.69,26.5173
2026-04-22T11:43:03.254000,SBX_ANAES_WAVE,volume,,,10,4.0,167.0,76.4
2026-04-22T11:43:03.254000,SBX_ANAES_WAVE,pressure,,,10,6.13,13.7,9.783
2026-04-22T11:43:03.254000,SBX_ANAES_WAVE,inspExpMarker,,,0,,,
2026-04-22T11:43:03.611000,SBX_ANAES_WAVE,respGas,,,0,,,
2026-04-22T11:43:03.611000,SBX_ANAES_WAVE,respGas,,,0,,,
2026-04-22T11:43:03.611000,SBX_ANAES_WAVE,flow,,,10,31.136,31.825,31.4789
2026-04-22T11:43:03.611000,SBX_ANAES_WAVE,volume,,,10,188.0,377.0,282.5
2026-04-22T11:43:03.611000,SBX_ANAES_WAVE,pressure,,,10,14.51,21.42,18.06
2026-04-22T11:43:03.611000,SBX_ANAES_WAVE,inspExpMarker,,,0,,,
2026-04-22T11:43:04.012000,SBX_ANAES_WAVE,respGas,,,0,,,
2026-04-22T11:43:04.012000,SBX_ANAES_WAVE,respGas,,,0,,,
2026-04-22T11:43:04.012000,SBX_ANAES_WAVE,flow,,,10,24.671,32.174,30.9854
2026-04-22T11:43:04.012000,SBX_ANAES_WAVE,volume,,,10,398.0,586.0,493.2
2026-04-22T11:43:04.012000,SBX_ANAES_WAVE,pressure,,,10,22.11,27.12,24.951
2026-04-22T11:43:04.012000,SBX_ANAES_WAVE,inspExpMarker,,,0,,,
2026-04-22T11:43:04.411000,SBX_ANAES_WAVE,respGas,,,0,,,
2026-04-22T11:43:04.411000,SBX_ANAES_WAVE,respGas,,,0,,,
2026-04-22T11:43:04.411000,SBX_ANAES_WAVE,flow,,,10,-83.57,10.435,-52.3644
2026-04-22T11:43:04.411000,SBX_ANAES_WAVE,volume,,,10,265.0,601.0,474.6
2026-04-22T11:43:04.411000,SBX_ANAES_WAVE,pressure,,,10,12.82,27.09,21.006
2026-04-22T11:43:04.411000,SBX_ANAES_WAVE,inspExpMarker,,,0,,,
2026-04-22T11:43:04.811000,SBX_ANAES_WAVE,respGas,,,0,,,
2026-04-22T11:43:04.811000,SBX_ANAES_WAVE,respGas,,,0,,,
2026-04-22T11:43:04.811000,SBX_ANAES_WAVE,flow,,,10,-64.344,-3.459,-24.6146
2026-04-22T11:43:04.811000,SBX_ANAES_WAVE,volume,,,10,81.0,220.0,124.9
2026-04-22T11:43:04.811000,SBX_ANAES_WAVE,pressure,,,10,7.42,11.32,8.659
2026-04-22T11:43:04.811000,SBX_ANAES_WAVE,inspExpMarker,,,0,,,
2026-04-22T11:43:05.267000,SBX_ANAES_WAVE,respGas,,,0,,,
2026-04-22T11:43:05.267000,SBX_ANAES_WAVE,respGas,,,0,,,
2026-04-22T11:43:05.267000,SBX_ANAES_WAVE,flow,,,10,-2.632,-1.996,-2.1555
2026-04-22T11:43:05.267000,SBX_ANAES_WAVE,volume,,,10,66.0,79.0,72.5
2026-04-22T11:43:05.267000,SBX_ANAES_WAVE,pressure,,,10,6.95,7.39,7.205
2026-04-22T11:43:05.267000,SBX_ANAES_WAVE,inspExpMarker,,,0,,,
2026-04-22T11:43:05.611000,SBX_ANAES_WAVE,respGas,,,0,,,
2026-04-22T11:43:05.611000,SBX_ANAES_WAVE,respGas,,,0,,,
2026-04-22T11:43:05.611000,SBX_ANAES_WAVE,flow,,,10,-1.884,-0.984,-1.3719
2026-04-22T11:43:05.611000,SBX_ANAES_WAVE,volume,,,10,57.0,65.0,60.5
2026-04-22T11:43:05.611000,SBX_ANAES_WAVE,pressure,,,10,6.54,6.87,6.703
2026-04-22T11:43:05.611000,SBX_ANAES_WAVE,inspExpMarker,,,0,,,
2026-04-22T11:43:06.011000,SBX_ANAES_WAVE,respGas,,,0,,,
2026-04-22T11:43:06.011000,SBX_ANAES_WAVE,respGas,,,0,,,
2026-04-22T11:43:06.011000,SBX_ANAES_WAVE,flow,,,10,-0.925,-0.465,-0.6787
2026-04-22T11:43:06.011000,SBX_ANAES_WAVE,volume,,,10,52.0,56.0,53.8
2026-04-22T11:43:06.011000,SBX_ANAES_WAVE,pressure,,,10,6.32,6.53,6.411
2026-04-22T11:43:06.011000,SBX_ANAES_WAVE,inspExpMarker,,,0,,,
2026-04-22T11:43:06.411000,SBX_ANAES_WAVE,respGas,,,0,,,
2026-04-22T11:43:06.411000,SBX_ANAES_WAVE,respGas,,,0,,,
2026-04-22T11:43:06.411000,SBX_ANAES_WAVE,flow,,,10,-0.426,-0.127,-0.267
2026-04-22T11:43:06.411000,SBX_ANAES_WAVE,volume,,,10,50.0,52.0,50.8
2026-04-22T11:43:06.411000,SBX_ANAES_WAVE,pressure,,,10,6.22,6.31,6.256
2026-04-22T11:43:06.411000,SBX_ANAES_WAVE,inspExpMarker,,,0,,,
2026-04-22T11:43:06.811000,SBX_ANAES_WAVE,respGas,,,0,,,
2026-04-22T11:43:06.811000,SBX_ANAES_WAVE,respGas,,,0,,,
2026-04-22T11:43:06.811000,SBX_ANAES_WAVE,flow,,,10,-0.021,0.005,-0.0042
2026-04-22T11:43:06.811000,SBX_ANAES_WAVE,volume,,,10,50.0,50.0,50.0
2026-04-22T11:43:06.811000,SBX_ANAES_WAVE,pressure,,,10,6.08,6.22,6.145
2026-04-22T11:43:06.811000,SBX_ANAES_WAVE,inspExpMarker,,,0,,,
2026-04-22T11:43:07.261000,SBX_ANAES_WAVE,respGas,,,0,,,
2026-04-22T11:43:07.261000,SBX_ANAES_WAVE,respGas,,,0,,,
2026-04-22T11:43:07.261000,SBX_ANAES_WAVE,flow,,,10,0.043,0.211,0.1386
2026-04-22T11:43:07.261000,SBX_ANAES_WAVE,volume,,,10,50.0,51.0,50.5
2026-04-22T11:43:07.261000,SBX_ANAES_WAVE,pressure,,,10,6.04,6.08,6.07
2026-04-22T11:43:07.261000,SBX_ANAES_WAVE,inspExpMarker,,,0,,,
2026-04-22T11:43:07.612000,SBX_ANAES_WAVE,respGas,,,0,,,
2026-04-22T11:43:07.612000,SBX_ANAES_WAVE,respGas,,,0,,,
2026-04-22T11:43:07.612000,SBX_ANAES_WAVE,flow,,,10,0.218,0.352,0.2749
2026-04-22T11:43:07.612000,SBX_ANAES_WAVE,volume,,,10,51.0,53.0,51.8
2026-04-22T11:43:07.612000,SBX_ANAES_WAVE,pressure,,,10,5.99,6.04,6.013
2026-04-22T11:43:07.612000,SBX_ANAES_WAVE,inspExpMarker,,,0,,,
2026-04-22T11:43:08.011000,SBX_ANAES_WAVE,respGas,,,0,,,
2026-04-22T11:43:08.011000,SBX_ANAES_WAVE,respGas,,,0,,,
2026-04-22T11:43:08.011000,SBX_ANAES_WAVE,flow,,,10,0.315,32.582,10.7642
2026-04-22T11:43:08.011000,SBX_ANAES_WAVE,volume,,,10,4.0,61.0,39.9
2026-04-22T11:43:08.011000,SBX_ANAES_WAVE,pressure,,,10,5.99,9.21,6.81
2026-04-22T11:43:08.011000,SBX_ANAES_WAVE,inspExpMarker,,,0,,,
2026-04-22T11:43:08.411000,SBX_ANAES_WAVE,respGas,,,0,,,
2026-04-22T11:43:08.411000,SBX_ANAES_WAVE,respGas,,,0,,,
2026-04-22T11:43:08.411000,SBX_ANAES_WAVE,flow,,,10,30.763,32.428,31.5201
2026-04-22T11:43:08.411000,SBX_ANAES_WAVE,volume,,,10,82.0,272.0,177.5
2026-04-22T11:43:08.411000,SBX_ANAES_WAVE,pressure,,,10,10.11,17.66,13.976
2026-04-22T11:43:08.411000,SBX_ANAES_WAVE,inspExpMarker,,,0,,,
2026-04-22T11:43:08.810000,SBX_ANAES_WAVE,respGas,,,0,,,
2026-04-22T11:43:08.810000,SBX_ANAES_WAVE,respGas,,,0,,,
2026-04-22T11:43:08.810000,SBX_ANAES_WAVE,flow,,,10,30.841,31.583,31.1712
2026-04-22T11:43:08.810000,SBX_ANAES_WAVE,volume,,,10,292.0,479.0,385.5
2026-04-22T11:43:08.810000,SBX_ANAES_WAVE,pressure,,,10,18.45,24.73,21.684
2026-04-22T11:43:08.810000,SBX_ANAES_WAVE,inspExpMarker,,,0,,,
2026-04-22T11:43:09.255000,SBX_ANAES_WAVE,respGas,,,0,,,
2026-04-22T11:43:09.255000,SBX_ANAES_WAVE,respGas,,,0,,,
2026-04-22T11:43:09.255000,SBX_ANAES_WAVE,flow,,,10,-70.577,31.464,1.9613
2026-04-22T11:43:09.255000,SBX_ANAES_WAVE,volume,,,10,500.0,597.0,557.8
2026-04-22T11:43:09.255000,SBX_ANAES_WAVE,pressure,,,10,22.51,27.09,25.97
2026-04-22T11:43:09.255000,SBX_ANAES_WAVE,inspExpMarker,,,0,,,
2026-04-22T11:43:09.610000,SBX_ANAES_WAVE,respGas,,,0,,,
2026-04-22T11:43:09.610000,SBX_ANAES_WAVE,respGas,,,0,,,
2026-04-22T11:43:09.610000,SBX_ANAES_WAVE,flow,,,10,-82.418,-21.07,-59.2309
2026-04-22T11:43:09.610000,SBX_ANAES_WAVE,volume,,,10,113.0,473.0,260.8
2026-04-22T11:43:09.610000,SBX_ANAES_WAVE,pressure,,,10,8.39,20.32,13.002
2026-04-22T11:43:09.610000,SBX_ANAES_WAVE,inspExpMarker,,,0,,,
2026-04-22T11:43:10.056000,SBX_ANAES_WAVE,respGas,,,0,,,
2026-04-22T11:43:10.056000,SBX_ANAES_WAVE,respGas,,,0,,,
2026-04-22T11:43:10.056000,SBX_ANAES_WAVE,flow,,,10,-16.046,-1.952,-5.4155
2026-04-22T11:43:10.056000,SBX_ANAES_WAVE,volume,,,10,71.0,101.0,80.9
2026-04-22T11:43:10.056000,SBX_ANAES_WAVE,pressure,,,10,7.24,8.03,7.504
2026-04-22T11:43:10.056000,SBX_ANAES_WAVE,inspExpMarker,,,0,,,
2026-04-22T11:43:10.411000,SBX_ANAES_WAVE,respGas,,,0,,,
2026-04-22T11:43:10.411000,SBX_ANAES_WAVE,respGas,,,0,,,
2026-04-22T11:43:10.411000,SBX_ANAES_WAVE,flow,,,10,-2.228,-1.424,-1.9423
2026-04-22T11:43:10.411000,SBX_ANAES_WAVE,volume,,,10,58.0,70.0,63.6
2026-04-22T11:43:10.411000,SBX_ANAES_WAVE,pressure,,,10,6.74,7.2,6.954
2026-04-22T11:43:10.411000,SBX_ANAES_WAVE,inspExpMarker,,,0,,,
2026-04-22T11:43:10.811000,SBX_ANAES_WAVE,respGas,,,0,,,
2026-04-22T11:43:10.811000,SBX_ANAES_WAVE,respGas,,,0,,,
2026-04-22T11:43:10.811000,SBX_ANAES_WAVE,flow,,,10,-1.296,-0.637,-0.9417
2026-04-22T11:43:10.811000,SBX_ANAES_WAVE,volume,,,10,52.0,57.0,54.2
2026-04-22T11:43:10.811000,SBX_ANAES_WAVE,pressure,,,10,6.41,6.69,6.531
2026-04-22T11:43:10.811000,SBX_ANAES_WAVE,inspExpMarker,,,0,,,
2026-04-22T11:43:11.261000,SBX_ANAES_WAVE,respGas,,,0,,,
2026-04-22T11:43:11.261000,SBX_ANAES_WAVE,respGas,,,0,,,
2026-04-22T11:43:11.261000,SBX_ANAES_WAVE,flow,,,10,-0.627,-0.235,-0.435
2026-04-22T11:43:11.261000,SBX_ANAES_WAVE,volume,,,10,49.0,51.0,49.8
2026-04-22T11:43:11.261000,SBX_ANAES_WAVE,pressure,,,10,6.27,6.41,6.331
2026-04-22T11:43:11.261000,SBX_ANAES_WAVE,inspExpMarker,,,0,,,
2026-04-22T11:43:11.611000,SBX_ANAES_WAVE,respGas,,,0,,,
2026-04-22T11:43:11.611000,SBX_ANAES_WAVE,respGas,,,0,,,
2026-04-22T11:43:11.611000,SBX_ANAES_WAVE,flow,,,10,-0.241,0.0,-0.0773
2026-04-22T11:43:11.611000,SBX_ANAES_WAVE,volume,,,10,48.0,48.0,48.0
2026-04-22T11:43:11.611000,SBX_ANAES_WAVE,pressure,,,10,6.18,6.27,6.221
2026-04-22T11:43:11.611000,SBX_ANAES_WAVE,inspExpMarker,,,0,,,
2026-04-22T11:43:12.011000,SBX_ANAES_WAVE,respGas,,,0,,,
2026-04-22T11:43:12.011000,SBX_ANAES_WAVE,respGas,,,0,,,
2026-04-22T11:43:12.011000,SBX_ANAES_WAVE,flow,,,10,0.0,0.15,0.0647
2026-04-22T11:43:12.011000,SBX_ANAES_WAVE,volume,,,10,48.0,48.0,48.0
2026-04-22T11:43:12.011000,SBX_ANAES_WAVE,pressure,,,10,6.08,6.16,6.103
2026-04-22T11:43:12.011000,SBX_ANAES_WAVE,inspExpMarker,,,0,,,
2026-04-22T11:43:12.411000,SBX_ANAES_WAVE,respGas,,,0,,,
2026-04-22T11:43:12.411000,SBX_ANAES_WAVE,respGas,,,0,,,
2026-04-22T11:43:12.411000,SBX_ANAES_WAVE,flow,,,10,0.191,0.243,0.2178
2026-04-22T11:43:12.411000,SBX_ANAES_WAVE,volume,,,10,49.0,50.0,49.3
2026-04-22T11:43:12.411000,SBX_ANAES_WAVE,pressure,,,10,6.04,6.08,6.063
2026-04-22T11:43:12.411000,SBX_ANAES_WAVE,inspExpMarker,,,0,,,
2026-04-22T11:43:12.811000,SBX_ANAES_WAVE,respGas,,,0,,,
2026-04-22T11:43:12.811000,SBX_ANAES_WAVE,respGas,,,0,,,
2026-04-22T11:43:12.811000,SBX_ANAES_WAVE,flow,,,10,0.246,0.356,0.3135
2026-04-22T11:43:12.811000,SBX_ANAES_WAVE,volume,,,10,45.0,52.0,50.2
2026-04-22T11:43:12.811000,SBX_ANAES_WAVE,pressure,,,10,5.99,6.04,6.018
2026-04-22T11:43:12.811000,SBX_ANAES_WAVE,inspExpMarker,,,0,,,
2026-04-22T11:43:13.266000,SBX_ANAES_WAVE,respGas,,,0,,,
2026-04-22T11:43:13.266000,SBX_ANAES_WAVE,respGas,,,0,,,
2026-04-22T11:43:13.266000,SBX_ANAES_WAVE,flow,,,10,1.127,32.592,26.5597
2026-04-22T11:43:13.266000,SBX_ANAES_WAVE,volume,,,10,4.0,168.0,76.1
2026-04-22T11:43:13.266000,SBX_ANAES_WAVE,pressure,,,10,6.13,13.65,9.771
2026-04-22T11:43:13.266000,SBX_ANAES_WAVE,inspExpMarker,,,0,,,
2026-04-22T11:43:13.638000,SBX_ANAES_WAVE,respGas,,,0,,,
2026-04-22T11:43:13.638000,SBX_ANAES_WAVE,respGas,,,0,,,
2026-04-22T11:43:13.638000,SBX_ANAES_WAVE,flow,,,10,31.126,31.836,31.4867
2026-04-22T11:43:13.638000,SBX_ANAES_WAVE,volume,,,10,189.0,377.0,283.3
2026-04-22T11:43:13.638000,SBX_ANAES_WAVE,pressure,,,10,14.47,21.42,18.044
2026-04-22T11:43:13.638000,SBX_ANAES_WAVE,inspExpMarker,,,0,,,
2026-04-22T11:43:14.010000,SBX_ANAES_WAVE,respGas,,,0,,,
2026-04-22T11:43:14.010000,SBX_ANAES_WAVE,respGas,,,0,,,
2026-04-22T11:43:14.010000,SBX_ANAES_WAVE,flow,,,10,24.491,31.581,30.6528
2026-04-22T11:43:14.010000,SBX_ANAES_WAVE,volume,,,10,399.0,584.0,492.4
2026-04-22T11:43:14.010000,SBX_ANAES_WAVE,pressure,,,10,22.11,27.14,24.967
2026-04-22T11:43:14.010000,SBX_ANAES_WAVE,inspExpMarker,,,0,,,
2026-04-22T11:43:14.410000,SBX_ANAES_WAVE,respGas,,,0,,,
2026-04-22T11:43:14.410000,SBX_ANAES_WAVE,respGas,,,0,,,
2026-04-22T11:43:14.410000,SBX_ANAES_WAVE,flow,,,10,-83.124,10.449,-52.2472
2026-04-22T11:43:14.410000,SBX_ANAES_WAVE,volume,,,10,264.0,599.0,473.0
2026-04-22T11:43:14.410000,SBX_ANAES_WAVE,pressure,,,10,12.84,27.08,21.002
2026-04-22T11:43:14.410000,SBX_ANAES_WAVE,inspExpMarker,,,0,,,
2026-04-22T11:43:14.811000,SBX_ANAES_WAVE,respGas,,,0,,,
2026-04-22T11:43:14.811000,SBX_ANAES_WAVE,respGas,,,0,,,
2026-04-22T11:43:14.811000,SBX_ANAES_WAVE,flow,,,10,-63.015,-3.453,-24.514
2026-04-22T11:43:14.811000,SBX_ANAES_WAVE,volume,,,10,81.0,220.0,124.7
2026-04-22T11:43:14.811000,SBX_ANAES_WAVE,pressure,,,10,7.42,11.35,8.669
2026-04-22T11:43:14.811000,SBX_ANAES_WAVE,inspExpMarker,,,0,,,
2026-04-22T11:43:15.261000,SBX_ANAES_WAVE,respGas,,,0,,,
2026-04-22T11:43:15.261000,SBX_ANAES_WAVE,respGas,,,0,,,
2026-04-22T11:43:15.261000,SBX_ANAES_WAVE,flow,,,10,-2.568,-1.976,-2.124
2026-04-22T11:43:15.261000,SBX_ANAES_WAVE,volume,,,10,66.0,79.0,72.3
2026-04-22T11:43:15.261000,SBX_ANAES_WAVE,pressure,,,10,6.94,7.39,7.18
2026-04-22T11:43:15.261000,SBX_ANAES_WAVE,inspExpMarker,,,0,,,
2026-04-22T11:43:15.612000,SBX_ANAES_WAVE,respGas,,,0,,,
2026-04-22T11:43:15.612000,SBX_ANAES_WAVE,respGas,,,0,,,
2026-04-22T11:43:15.612000,SBX_ANAES_WAVE,flow,,,10,-1.934,-0.968,-1.4019
2026-04-22T11:43:15.612000,SBX_ANAES_WAVE,volume,,,10,56.0,65.0,59.9
2026-04-22T11:43:15.612000,SBX_ANAES_WAVE,pressure,,,10,6.53,6.88,6.699
2026-04-22T11:43:15.612000,SBX_ANAES_WAVE,inspExpMarker,,,0,,,
2026-04-22T11:43:16.011000,SBX_ANAES_WAVE,respGas,,,0,,,
2026-04-22T11:43:16.011000,SBX_ANAES_WAVE,respGas,,,0,,,
2026-04-22T11:43:16.011000,SBX_ANAES_WAVE,flow,,,10,-0.877,-0.453,-0.6186
2026-04-22T11:43:16.011000,SBX_ANAES_WAVE,volume,,,10,52.0,56.0,53.7
2026-04-22T11:43:16.011000,SBX_ANAES_WAVE,pressure,,,10,6.32,6.48,6.388
2026-04-22T11:43:16.011000,SBX_ANAES_WAVE,inspExpMarker,,,0,,,
2026-04-22T11:43:16.410000,SBX_ANAES_WAVE,respGas,,,0,,,
2026-04-22T11:43:16.410000,SBX_ANAES_WAVE,respGas,,,0,,,
2026-04-22T11:43:16.410000,SBX_ANAES_WAVE,flow,,,10,-0.423,-0.128,-0.2719
2026-04-22T11:43:16.410000,SBX_ANAES_WAVE,volume,,,10,50.0,52.0,50.7
2026-04-22T11:43:16.410000,SBX_ANAES_WAVE,pressure,,,10,6.22,6.32,6.265
2026-04-22T11:43:16.410000,SBX_ANAES_WAVE,inspExpMarker,,,0,,,
2026-04-22T11:43:16.811000,SBX_ANAES_WAVE,respGas,,,0,,,
2026-04-22T11:43:16.811000,SBX_ANAES_WAVE,respGas,,,0,,,
2026-04-22T11:43:16.811000,SBX_ANAES_WAVE,flow,,,10,-0.034,0.002,-0.0031
2026-04-22T11:43:16.811000,SBX_ANAES_WAVE,volume,,,10,50.0,50.0,50.0
2026-04-22T11:43:16.811000,SBX_ANAES_WAVE,pressure,,,10,6.08,6.22,6.165
2026-04-22T11:43:16.811000,SBX_ANAES_WAVE,inspExpMarker,,,0,,,
2026-04-22T11:43:17.258000,SBX_ANAES_WAVE,respGas,,,0,,,
2026-04-22T11:43:17.258000,SBX_ANAES_WAVE,respGas,,,0,,,
2026-04-22T11:43:17.258000,SBX_ANAES_WAVE,flow,,,10,0.024,0.207,0.1214
2026-04-22T11:43:17.258000,SBX_ANAES_WAVE,volume,,,10,50.0,51.0,50.3
2026-04-22T11:43:17.258000,SBX_ANAES_WAVE,pressure,,,10,6.04,6.08,6.072
2026-04-22T11:43:17.258000,SBX_ANAES_WAVE,inspExpMarker,,,0,,,
2026-04-22T11:43:17.611000,SBX_ANAES_WAVE,respGas,,,0,,,
2026-04-22T11:43:17.611000,SBX_ANAES_WAVE,respGas,,,0,,,
2026-04-22T11:43:17.611000,SBX_ANAES_WAVE,flow,,,10,0.245,0.302,0.2866
2026-04-22T11:43:17.611000,SBX_ANAES_WAVE,volume,,,10,51.0,53.0,51.7
2026-04-22T11:43:17.611000,SBX_ANAES_WAVE,pressure,,,10,6.0,6.04,6.028
2026-04-22T11:43:17.611000,SBX_ANAES_WAVE,inspExpMarker,,,0,,,
2026-04-22T11:43:18.019000,SBX_ANAES_WAVE,respGas,,,0,,,
2026-04-22T11:43:18.019000,SBX_ANAES_WAVE,respGas,,,0,,,
2026-04-22T11:43:18.019000,SBX_ANAES_WAVE,flow,,,10,0.311,32.578,10.7261
2026-04-22T11:43:18.019000,SBX_ANAES_WAVE,volume,,,10,4.0,61.0,39.8
2026-04-22T11:43:18.019000,SBX_ANAES_WAVE,pressure,,,10,5.99,9.23,6.816
2026-04-22T11:43:18.019000,SBX_ANAES_WAVE,inspExpMarker,,,0,,,
2026-04-22T11:43:18.411000,SBX_ANAES_WAVE,respGas,,,0,,,
2026-04-22T11:43:18.411000,SBX_ANAES_WAVE,respGas,,,0,,,
2026-04-22T11:43:18.411000,SBX_ANAES_WAVE,flow,,,10,31.041,32.617,31.6615
2026-04-22T11:43:18.411000,SBX_ANAES_WAVE,volume,,,10,82.0,272.0,177.8
2026-04-22T11:43:18.411000,SBX_ANAES_WAVE,pressure,,,10,10.14,17.67,13.993
2026-04-22T11:43:18.411000,SBX_ANAES_WAVE,inspExpMarker,,,0,,,
2026-04-22T11:43:18.811000,SBX_ANAES_WAVE,respGas,,,0,,,
2026-04-22T11:43:18.811000,SBX_ANAES_WAVE,respGas,,,0,,,
2026-04-22T11:43:18.811000,SBX_ANAES_WAVE,flow,,,10,31.061,32.157,31.5425
2026-04-22T11:43:18.811000,SBX_ANAES_WAVE,volume,,,10,293.0,483.0,387.8
2026-04-22T11:43:18.811000,SBX_ANAES_WAVE,pressure,,,10,18.46,24.75,21.698
2026-04-22T11:43:18.811000,SBX_ANAES_WAVE,inspExpMarker,,,0,,,
2026-04-22T11:43:19.257000,SBX_ANAES_WAVE,respGas,,,0,,,
2026-04-22T11:43:19.257000,SBX_ANAES_WAVE,respGas,,,0,,,
2026-04-22T11:43:19.257000,SBX_ANAES_WAVE,flow,,,10,-69.99,31.76,2.1646
2026-04-22T11:43:19.257000,SBX_ANAES_WAVE,volume,,,10,503.0,599.0,560.9
2026-04-22T11:43:19.257000,SBX_ANAES_WAVE,pressure,,,10,22.59,27.11,26.005
2026-04-22T11:43:19.257000,SBX_ANAES_WAVE,inspExpMarker,,,0,,,
2026-04-22T11:43:19.622000,SBX_ANAES_WAVE,respGas,,,0,,,
2026-04-22T11:43:19.622000,SBX_ANAES_WAVE,respGas,,,0,,,
2026-04-22T11:43:19.622000,SBX_ANAES_WAVE,flow,,,10,-84.313,-20.99,-59.7051
2026-04-22T11:43:19.622000,SBX_ANAES_WAVE,volume,,,10,114.0,477.0,263.2
2026-04-22T11:43:19.622000,SBX_ANAES_WAVE,pressure,,,10,8.38,20.4,13.031
2026-04-22T11:43:19.622000,SBX_ANAES_WAVE,inspExpMarker,,,0,,,
2026-04-22T11:43:20.060000,SBX_ANAES_WAVE,respGas,,,0,,,
2026-04-22T11:43:20.060000,SBX_ANAES_WAVE,respGas,,,0,,,
2026-04-22T11:43:20.060000,SBX_ANAES_WAVE,flow,,,10,-16.009,-1.858,-5.3825
2026-04-22T11:43:20.060000,SBX_ANAES_WAVE,volume,,,10,73.0,102.0,82.2
2026-04-22T11:43:20.060000,SBX_ANAES_WAVE,pressure,,,10,7.24,8.02,7.497
2026-04-22T11:43:20.060000,SBX_ANAES_WAVE,inspExpMarker,,,0,,,
2026-04-22T11:43:20.410000,SBX_ANAES_WAVE,respGas,,,0,,,
2026-04-22T11:43:20.410000,SBX_ANAES_WAVE,respGas,,,0,,,
2026-04-22T11:43:20.410000,SBX_ANAES_WAVE,flow,,,10,-2.172,-1.4,-1.8971
2026-04-22T11:43:20.410000,SBX_ANAES_WAVE,volume,,,10,60.0,72.0,65.4
2026-04-22T11:43:20.410000,SBX_ANAES_WAVE,pressure,,,10,6.74,7.19,6.953
2026-04-22T11:43:20.410000,SBX_ANAES_WAVE,inspExpMarker,,,0,,,
2026-04-22T11:43:20.810000,SBX_ANAES_WAVE,respGas,,,0,,,
2026-04-22T11:43:20.810000,SBX_ANAES_WAVE,respGas,,,0,,,
2026-04-22T11:43:20.810000,SBX_ANAES_WAVE,flow,,,10,-1.281,-0.679,-0.9612
2026-04-22T11:43:20.810000,SBX_ANAES_WAVE,volume,,,10,53.0,59.0,56.0
2026-04-22T11:43:20.810000,SBX_ANAES_WAVE,pressure,,,10,6.41,6.69,6.531
2026-04-22T11:43:20.810000,SBX_ANAES_WAVE,inspExpMarker,,,0,,,
2026-04-22T11:43:21.267000,SBX_ANAES_WAVE,respGas,,,0,,,
2026-04-22T11:43:21.267000,SBX_ANAES_WAVE,respGas,,,0,,,
2026-04-22T11:43:21.267000,SBX_ANAES_WAVE,flow,,,10,-0.637,-0.263,-0.4428
2026-04-22T11:43:21.267000,SBX_ANAES_WAVE,volume,,,10,50.0,53.0,51.6
2026-04-22T11:43:21.267000,SBX_ANAES_WAVE,pressure,,,10,6.27,6.41,6.33
2026-04-22T11:43:21.267000,SBX_ANAES_WAVE,inspExpMarker,,,0,,,
2026-04-22T11:43:21.611000,SBX_ANAES_WAVE,respGas,,,0,,,
2026-04-22T11:43:21.611000,SBX_ANAES_WAVE,respGas,,,0,,,
2026-04-22T11:43:21.611000,SBX_ANAES_WAVE,flow,,,10,-0.24,0.0,-0.087
2026-04-22T11:43:21.611000,SBX_ANAES_WAVE,volume,,,10,50.0,50.0,50.0
2026-04-22T11:43:21.611000,SBX_ANAES_WAVE,pressure,,,10,6.18,6.27,6.219
2026-04-22T11:43:21.611000,SBX_ANAES_WAVE,inspExpMarker,,,0,,,
2026-04-22T11:43:22.011000,SBX_ANAES_WAVE,respGas,,,0,,,
2026-04-22T11:43:22.011000,SBX_ANAES_WAVE,respGas,,,0,,,
2026-04-22T11:43:22.011000,SBX_ANAES_WAVE,flow,,,10,0.0,0.167,0.0666
2026-04-22T11:43:22.011000,SBX_ANAES_WAVE,volume,,,10,50.0,50.0,50.0
2026-04-22T11:43:22.011000,SBX_ANAES_WAVE,pressure,,,10,6.08,6.16,6.101
2026-04-22T11:43:22.011000,SBX_ANAES_WAVE,inspExpMarker,,,0,,,
2026-04-22T11:43:22.410000,SBX_ANAES_WAVE,respGas,,,0,,,
2026-04-22T11:43:22.410000,SBX_ANAES_WAVE,respGas,,,0,,,
2026-04-22T11:43:22.410000,SBX_ANAES_WAVE,flow,,,10,0.184,0.301,0.2425
2026-04-22T11:43:22.410000,SBX_ANAES_WAVE,volume,,,10,50.0,52.0,50.8
2026-04-22T11:43:22.410000,SBX_ANAES_WAVE,pressure,,,10,6.04,6.08,6.061
2026-04-22T11:43:22.410000,SBX_ANAES_WAVE,inspExpMarker,,,0,,,
2026-04-22T11:43:22.811000,SBX_ANAES_WAVE,respGas,,,0,,,
2026-04-22T11:43:22.811000,SBX_ANAES_WAVE,respGas,,,0,,,
2026-04-22T11:43:22.811000,SBX_ANAES_WAVE,flow,,,10,0.301,0.34,0.3171
2026-04-22T11:43:22.811000,SBX_ANAES_WAVE,volume,,,10,46.0,54.0,52.1
2026-04-22T11:43:22.811000,SBX_ANAES_WAVE,pressure,,,10,6.03,6.04,6.038
2026-04-22T11:43:22.811000,SBX_ANAES_WAVE,inspExpMarker,,,0,,,
2026-04-22T11:43:23.264000,SBX_ANAES_WAVE,respGas,,,0,,,
2026-04-22T11:43:23.264000,SBX_ANAES_WAVE,respGas,,,0,,,
2026-04-22T11:43:23.264000,SBX_ANAES_WAVE,flow,,,10,1.118,32.676,26.6621
2026-04-22T11:43:23.264000,SBX_ANAES_WAVE,volume,,,10,4.0,168.0,76.5
2026-04-22T11:43:23.264000,SBX_ANAES_WAVE,pressure,,,10,6.16,13.7,9.799
2026-04-22T11:43:23.264000,SBX_ANAES_WAVE,inspExpMarker,,,0,,,
2026-04-22T11:43:23.614000,SBX_ANAES_WAVE,respGas,,,0,,,
2026-04-22T11:43:23.614000,SBX_ANAES_WAVE,respGas,,,0,,,
2026-04-22T11:43:23.614000,SBX_ANAES_WAVE,flow,,,10,31.08,31.611,31.4135
2026-04-22T11:43:23.614000,SBX_ANAES_WAVE,volume,,,10,189.0,378.0,283.5
2026-04-22T11:43:23.614000,SBX_ANAES_WAVE,pressure,,,10,14.52,21.41,18.057
2026-04-22T11:43:23.614000,SBX_ANAES_WAVE,inspExpMarker,,,0,,,
2026-04-22T11:43:24.010000,SBX_ANAES_WAVE,respGas,,,0,,,
2026-04-22T11:43:24.010000,SBX_ANAES_WAVE,respGas,,,0,,,
2026-04-22T11:43:24.010000,SBX_ANAES_WAVE,flow,,,10,24.449,31.967,30.8181
2026-04-22T11:43:24.010000,SBX_ANAES_WAVE,volume,,,10,399.0,586.0,493.2
2026-04-22T11:43:24.010000,SBX_ANAES_WAVE,pressure,,,10,22.11,27.14,24.946
2026-04-22T11:43:24.010000,SBX_ANAES_WAVE,inspExpMarker,,,0,,,
2026-04-22T11:43:24.410000,SBX_ANAES_WAVE,respGas,,,0,,,
2026-04-22T11:43:24.410000,SBX_ANAES_WAVE,respGas,,,0,,,
2026-04-22T11:43:24.410000,SBX_ANAES_WAVE,flow,,,10,-83.172,10.505,-51.9542
2026-04-22T11:43:24.410000,SBX_ANAES_WAVE,volume,,,10,267.0,601.0,474.6
2026-04-22T11:43:24.410000,SBX_ANAES_WAVE,pressure,,,10,12.86,27.11,21.052
2026-04-22T11:43:24.410000,SBX_ANAES_WAVE,inspExpMarker,,,0,,,
2026-04-22T11:43:24.809000,SBX_ANAES_WAVE,respGas,,,0,,,
2026-04-22T11:43:24.809000,SBX_ANAES_WAVE,respGas,,,0,,,
2026-04-22T11:43:24.809000,SBX_ANAES_WAVE,flow,,,10,-62.938,-3.478,-24.373
2026-04-22T11:43:24.809000,SBX_ANAES_WAVE,volume,,,10,85.0,223.0,128.8
2026-04-22T11:43:24.809000,SBX_ANAES_WAVE,pressure,,,10,7.44,11.37,8.688
2026-04-22T11:43:24.809000,SBX_ANAES_WAVE,inspExpMarker,,,0,,,
2026-04-22T11:43:25.255000,SBX_ANAES_WAVE,respGas,,,0,,,
2026-04-22T11:43:25.255000,SBX_ANAES_WAVE,respGas,,,0,,,
2026-04-22T11:43:25.255000,SBX_ANAES_WAVE,flow,,,10,-2.6,-1.916,-2.1224
2026-04-22T11:43:25.255000,SBX_ANAES_WAVE,volume,,,10,70.0,83.0,76.5
2026-04-22T11:43:25.255000,SBX_ANAES_WAVE,pressure,,,10,6.94,7.39,7.185
2026-04-22T11:43:25.255000,SBX_ANAES_WAVE,inspExpMarker,,,0,,,
2026-04-22T11:43:25.609000,SBX_ANAES_WAVE,respGas,,,0,,,
2026-04-22T11:43:25.609000,SBX_ANAES_WAVE,respGas,,,0,,,
2026-04-22T11:43:25.609000,SBX_ANAES_WAVE,flow,,,10,-1.944,-0.947,-1.4164
2026-04-22T11:43:25.609000,SBX_ANAES_WAVE,volume,,,10,60.0,69.0,64.1
2026-04-22T11:43:25.609000,SBX_ANAES_WAVE,pressure,,,10,6.55,6.88,6.709
2026-04-22T11:43:25.609000,SBX_ANAES_WAVE,inspExpMarker,,,0,,,
2026-04-22T11:43:26.010000,SBX_ANAES_WAVE,respGas,,,0,,,
2026-04-22T11:43:26.010000,SBX_ANAES_WAVE,respGas,,,0,,,
2026-04-22T11:43:26.010000,SBX_ANAES_WAVE,flow,,,10,-0.901,-0.467,-0.6826
2026-04-22T11:43:26.010000,SBX_ANAES_WAVE,volume,,,10,56.0,60.0,57.6
2026-04-22T11:43:26.010000,SBX_ANAES_WAVE,pressure,,,10,6.33,6.55,6.434
2026-04-22T11:43:26.010000,SBX_ANAES_WAVE,inspExpMarker,,,0,,,
2026-04-22T11:43:26.410000,SBX_ANAES_WAVE,respGas,,,0,,,
2026-04-22T11:43:26.410000,SBX_ANAES_WAVE,respGas,,,0,,,
2026-04-22T11:43:26.410000,SBX_ANAES_WAVE,flow,,,10,-0.4,-0.095,-0.2419
2026-04-22T11:43:26.410000,SBX_ANAES_WAVE,volume,,,10,54.0,55.0,54.5
2026-04-22T11:43:26.410000,SBX_ANAES_WAVE,pressure,,,10,6.22,6.32,6.266
2026-04-22T11:43:26.410000,SBX_ANAES_WAVE,inspExpMarker,,,0,,,
2026-04-22T11:43:26.810000,SBX_ANAES_WAVE,respGas,,,0,,,
2026-04-22T11:43:26.810000,SBX_ANAES_WAVE,respGas,,,0,,,
2026-04-22T11:43:26.810000,SBX_ANAES_WAVE,flow,,,10,-0.071,0.001,-0.0068
2026-04-22T11:43:26.810000,SBX_ANAES_WAVE,volume,,,10,54.0,54.0,54.0
2026-04-22T11:43:26.810000,SBX_ANAES_WAVE,pressure,,,10,6.12,6.21,6.153
2026-04-22T11:43:26.810000,SBX_ANAES_WAVE,inspExpMarker,,,0,,,
2026-04-22T11:43:27.264000,SBX_ANAES_WAVE,respGas,,,0,,,
2026-04-22T11:43:27.264000,SBX_ANAES_WAVE,respGas,,,0,,,
2026-04-22T11:43:27.264000,SBX_ANAES_WAVE,flow,,,10,0.024,0.232,0.1312
2026-04-22T11:43:27.264000,SBX_ANAES_WAVE,volume,,,10,54.0,55.0,54.2
2026-04-22T11:43:27.264000,SBX_ANAES_WAVE,pressure,,,10,6.04,6.12,6.069
2026-04-22T11:43:27.264000,SBX_ANAES_WAVE,inspExpMarker,,,0,,,
2026-04-22T11:43:27.619000,SBX_ANAES_WAVE,respGas,,,0,,,
2026-04-22T11:43:27.619000,SBX_ANAES_WAVE,respGas,,,0,,,
2026-04-22T11:43:27.619000,SBX_ANAES_WAVE,flow,,,10,0.263,0.302,0.2816
2026-04-22T11:43:27.619000,SBX_ANAES_WAVE,volume,,,10,55.0,57.0,55.7
2026-04-22T11:43:27.619000,SBX_ANAES_WAVE,pressure,,,10,5.99,6.04,6.013
2026-04-22T11:43:27.619000,SBX_ANAES_WAVE,inspExpMarker,,,0,,,
2026-04-22T11:43:28.010000,SBX_ANAES_WAVE,respGas,,,0,,,
2026-04-22T11:43:28.010000,SBX_ANAES_WAVE,respGas,,,0,,,
2026-04-22T11:43:28.010000,SBX_ANAES_WAVE,flow,,,10,0.314,32.574,10.8034
2026-04-22T11:43:28.010000,SBX_ANAES_WAVE,volume,,,10,4.0,61.0,41.9
2026-04-22T11:43:28.010000,SBX_ANAES_WAVE,pressure,,,10,5.99,9.22,6.82
2026-04-22T11:43:28.010000,SBX_ANAES_WAVE,inspExpMarker,,,0,,,
2026-04-22T11:43:28.409000,SBX_ANAES_WAVE,respGas,,,0,,,
2026-04-22T11:43:28.409000,SBX_ANAES_WAVE,respGas,,,0,,,
2026-04-22T11:43:28.409000,SBX_ANAES_WAVE,flow,,,10,31.002,32.467,31.8056
2026-04-22T11:43:28.409000,SBX_ANAES_WAVE,volume,,,10,83.0,274.0,178.9
2026-04-22T11:43:28.409000,SBX_ANAES_WAVE,pressure,,,10,10.14,17.67,13.994
2026-04-22T11:43:28.409000,SBX_ANAES_WAVE,inspExpMarker,,,0,,,
2026-04-22T11:43:28.809000,SBX_ANAES_WAVE,respGas,,,0,,,
2026-04-22T11:43:28.809000,SBX_ANAES_WAVE,respGas,,,0,,,
2026-04-22T11:43:28.809000,SBX_ANAES_WAVE,flow,,,10,30.914,31.664,31.2854
2026-04-22T11:43:28.809000,SBX_ANAES_WAVE,volume,,,10,294.0,482.0,388.4
2026-04-22T11:43:28.809000,SBX_ANAES_WAVE,pressure,,,10,18.46,24.74,21.69
2026-04-22T11:43:28.809000,SBX_ANAES_WAVE,inspExpMarker,,,0,,,
2026-04-22T11:43:29.259000,SBX_ANAES_WAVE,respGas,,,0,,,
2026-04-22T11:43:29.259000,SBX_ANAES_WAVE,respGas,,,0,,,
2026-04-22T11:43:29.259000,SBX_ANAES_WAVE,flow,,,10,-70.953,31.291,1.8278
2026-04-22T11:43:29.259000,SBX_ANAES_WAVE,volume,,,10,503.0,599.0,560.2
2026-04-22T11:43:29.259000,SBX_ANAES_WAVE,pressure,,,10,22.57,27.1,25.996
2026-04-22T11:43:29.259000,SBX_ANAES_WAVE,inspExpMarker,,,0,,,
2026-04-22T11:43:29.610000,SBX_ANAES_WAVE,respGas,,,0,,,
2026-04-22T11:43:29.610000,SBX_ANAES_WAVE,respGas,,,0,,,
2026-04-22T11:43:29.610000,SBX_ANAES_WAVE,flow,,,10,-82.287,-21.025,-59.092
2026-04-22T11:43:29.610000,SBX_ANAES_WAVE,volume,,,10,116.0,475.0,263.6
2026-04-22T11:43:29.610000,SBX_ANAES_WAVE,pressure,,,10,8.39,20.39,13.068
2026-04-22T11:43:29.610000,SBX_ANAES_WAVE,inspExpMarker,,,0,,,
2026-04-22T11:43:30.061000,SBX_ANAES_WAVE,respGas,,,0,,,
2026-04-22T11:43:30.061000,SBX_ANAES_WAVE,respGas,,,0,,,
2026-04-22T11:43:30.061000,SBX_ANAES_WAVE,flow,,,10,-16.04,-1.921,-5.4665
2026-04-22T11:43:30.061000,SBX_ANAES_WAVE,volume,,,10,74.0,103.0,83.2
2026-04-22T11:43:30.061000,SBX_ANAES_WAVE,pressure,,,10,7.22,8.02,7.483
2026-04-22T11:43:30.061000,SBX_ANAES_WAVE,inspExpMarker,,,0,,,
2026-04-22T11:43:30.410000,SBX_ANAES_WAVE,respGas,,,0,,,
2026-04-22T11:43:30.410000,SBX_ANAES_WAVE,respGas,,,0,,,
2026-04-22T11:43:30.410000,SBX_ANAES_WAVE,flow,,,10,-2.127,-1.406,-1.8687
2026-04-22T11:43:30.410000,SBX_ANAES_WAVE,volume,,,10,61.0,72.0,66.4
2026-04-22T11:43:30.410000,SBX_ANAES_WAVE,pressure,,,10,6.71,7.18,6.955
2026-04-22T11:43:30.410000,SBX_ANAES_WAVE,inspExpMarker,,,0,,,
2026-04-22T11:43:30.810000,SBX_ANAES_WAVE,respGas,,,0,,,
2026-04-22T11:43:30.810000,SBX_ANAES_WAVE,respGas,,,0,,,
2026-04-22T11:43:30.810000,SBX_ANAES_WAVE,flow,,,10,-1.292,-0.692,-0.9639
2026-04-22T11:43:30.810000,SBX_ANAES_WAVE,volume,,,10,54.0,60.0,57.0
2026-04-22T11:43:30.810000,SBX_ANAES_WAVE,pressure,,,10,6.41,6.68,6.532
2026-04-22T11:43:30.810000,SBX_ANAES_WAVE,inspExpMarker,,,0,,,
2026-04-22T11:43:31.285000,SBX_ANAES_WAVE,respGas,,,0,,,
2026-04-22T11:43:31.285000,SBX_ANAES_WAVE,respGas,,,0,,,
2026-04-22T11:43:31.285000,SBX_ANAES_WAVE,flow,,,10,-0.636,-0.244,-0.4358
2026-04-22T11:43:31.285000,SBX_ANAES_WAVE,volume,,,10,51.0,54.0,52.6
2026-04-22T11:43:31.285000,SBX_ANAES_WAVE,pressure,,,10,6.27,6.41,6.318
2026-04-22T11:43:31.285000,SBX_ANAES_WAVE,inspExpMarker,,,0,,,
2026-04-22T11:43:31.610000,SBX_ANAES_WAVE,respGas,,,0,,,
2026-04-22T11:43:31.610000,SBX_ANAES_WAVE,respGas,,,0,,,
2026-04-22T11:43:31.610000,SBX_ANAES_WAVE,flow,,,10,-0.24,0.0,-0.0968
2026-04-22T11:43:31.610000,SBX_ANAES_WAVE,volume,,,10,51.0,51.0,51.0
2026-04-22T11:43:31.610000,SBX_ANAES_WAVE,pressure,,,10,6.15,6.24,6.202
2026-04-22T11:43:31.610000,SBX_ANAES_WAVE,inspExpMarker,,,0,,,
2026-04-22T11:43:32.010000,SBX_ANAES_WAVE,respGas,,,0,,,
2026-04-22T11:43:32.010000,SBX_ANAES_WAVE,respGas,,,0,,,
2026-04-22T11:43:32.010000,SBX_ANAES_WAVE,flow,,,10,0.0,0.161,0.0496
2026-04-22T11:43:32.010000,SBX_ANAES_WAVE,volume,,,10,51.0,51.0,51.0
2026-04-22T11:43:32.010000,SBX_ANAES_WAVE,pressure,,,10,6.08,6.13,6.089
2026-04-22T11:43:32.010000,SBX_ANAES_WAVE,inspExpMarker,,,0,,,
2026-04-22T11:43:32.411000,SBX_ANAES_WAVE,respGas,,,0,,,
2026-04-22T11:43:32.411000,SBX_ANAES_WAVE,respGas,,,0,,,
2026-04-22T11:43:32.411000,SBX_ANAES_WAVE,flow,,,10,0.182,0.282,0.2285
2026-04-22T11:43:32.411000,SBX_ANAES_WAVE,volume,,,10,51.0,52.0,51.7
2026-04-22T11:43:32.411000,SBX_ANAES_WAVE,pressure,,,10,6.06,6.08,6.073
2026-04-22T11:43:32.411000,SBX_ANAES_WAVE,inspExpMarker,,,0,,,
2026-04-22T11:43:32.856000,SBX_ANAES_WAVE,respGas,,,0,,,
2026-04-22T11:43:32.856000,SBX_ANAES_WAVE,respGas,,,0,,,
2026-04-22T11:43:32.856000,SBX_ANAES_WAVE,flow,,,10,0.312,0.353,0.3301
2026-04-22T11:43:32.856000,SBX_ANAES_WAVE,volume,,,10,47.0,54.0,52.9
2026-04-22T11:43:32.856000,SBX_ANAES_WAVE,pressure,,,10,5.99,6.03,6.008
2026-04-22T11:43:32.856000,SBX_ANAES_WAVE,inspExpMarker,,,0,,,
2026-04-22T11:43:33.266000,SBX_ANAES_WAVE,respGas,,,0,,,
2026-04-22T11:43:33.266000,SBX_ANAES_WAVE,respGas,,,0,,,
2026-04-22T11:43:33.266000,SBX_ANAES_WAVE,flow,,,10,1.074,32.477,26.5752
2026-04-22T11:43:33.266000,SBX_ANAES_WAVE,volume,,,10,4.0,168.0,76.3
2026-04-22T11:43:33.266000,SBX_ANAES_WAVE,pressure,,,10,6.14,13.69,9.795
2026-04-22T11:43:33.266000,SBX_ANAES_WAVE,inspExpMarker,,,0,,,
2026-04-22T11:43:33.625000,SBX_ANAES_WAVE,respGas,,,0,,,
2026-04-22T11:43:33.625000,SBX_ANAES_WAVE,respGas,,,0,,,
2026-04-22T11:43:33.625000,SBX_ANAES_WAVE,flow,,,10,30.745,31.713,31.3317
2026-04-22T11:43:33.625000,SBX_ANAES_WAVE,volume,,,10,189.0,377.0,282.9
2026-04-22T11:43:33.625000,SBX_ANAES_WAVE,pressure,,,10,14.51,21.44,18.067
2026-04-22T11:43:33.625000,SBX_ANAES_WAVE,inspExpMarker,,,0,,,
2026-04-22T11:43:34.021000,SBX_ANAES_WAVE,respGas,,,0,,,
2026-04-22T11:43:34.021000,SBX_ANAES_WAVE,respGas,,,0,,,
2026-04-22T11:43:34.021000,SBX_ANAES_WAVE,flow,,,10,24.731,31.824,30.8732
2026-04-22T11:43:34.021000,SBX_ANAES_WAVE,volume,,,10,398.0,585.0,492.3
2026-04-22T11:43:34.021000,SBX_ANAES_WAVE,pressure,,,10,22.13,27.15,24.974
2026-04-22T11:43:34.021000,SBX_ANAES_WAVE,inspExpMarker,,,0,,,
2026-04-22T11:43:34.410000,SBX_ANAES_WAVE,respGas,,,0,,,
2026-04-22T11:43:34.410000,SBX_ANAES_WAVE,respGas,,,0,,,
2026-04-22T11:43:34.410000,SBX_ANAES_WAVE,flow,,,10,-82.915,10.802,-52.1679
2026-04-22T11:43:34.410000,SBX_ANAES_WAVE,volume,,,10,265.0,600.0,473.7
2026-04-22T11:43:34.410000,SBX_ANAES_WAVE,pressure,,,10,12.83,27.1,21.024
2026-04-22T11:43:34.410000,SBX_ANAES_WAVE,inspExpMarker,,,0,,,
2026-04-22T11:43:34.810000,SBX_ANAES_WAVE,respGas,,,0,,,
2026-04-22T11:43:34.810000,SBX_ANAES_WAVE,respGas,,,0,,,
2026-04-22T11:43:34.810000,SBX_ANAES_WAVE,flow,,,10,-63.912,-3.46,-24.6416
2026-04-22T11:43:34.810000,SBX_ANAES_WAVE,volume,,,10,81.0,220.0,125.0
2026-04-22T11:43:34.810000,SBX_ANAES_WAVE,pressure,,,10,7.42,11.32,8.678
2026-04-22T11:43:34.810000,SBX_ANAES_WAVE,inspExpMarker,,,0,,,
2026-04-22T11:43:35.257000,SBX_ANAES_WAVE,respGas,,,0,,,
2026-04-22T11:43:35.257000,SBX_ANAES_WAVE,respGas,,,0,,,
2026-04-22T11:43:35.257000,SBX_ANAES_WAVE,flow,,,10,-2.556,-1.885,-2.069
2026-04-22T11:43:35.257000,SBX_ANAES_WAVE,volume,,,10,67.0,79.0,72.7
2026-04-22T11:43:35.257000,SBX_ANAES_WAVE,pressure,,,10,7.0,7.39,7.212
2026-04-22T11:43:35.257000,SBX_ANAES_WAVE,inspExpMarker,,,0,,,
2026-04-22T11:43:35.610000,SBX_ANAES_WAVE,respGas,,,0,,,
2026-04-22T11:43:35.610000,SBX_ANAES_WAVE,respGas,,,0,,,
2026-04-22T11:43:35.610000,SBX_ANAES_WAVE,flow,,,10,-1.88,-1.0,-1.3839
2026-04-22T11:43:35.610000,SBX_ANAES_WAVE,volume,,,10,57.0,65.0,60.7
2026-04-22T11:43:35.610000,SBX_ANAES_WAVE,pressure,,,10,6.56,6.94,6.752
2026-04-22T11:43:35.610000,SBX_ANAES_WAVE,inspExpMarker,,,0,,,
2026-04-22T11:43:36.010000,SBX_ANAES_WAVE,respGas,,,0,,,
2026-04-22T11:43:36.010000,SBX_ANAES_WAVE,respGas,,,0,,,
2026-04-22T11:43:36.010000,SBX_ANAES_WAVE,flow,,,10,-0.933,-0.46,-0.6557
2026-04-22T11:43:36.010000,SBX_ANAES_WAVE,volume,,,10,53.0,56.0,54.3
2026-04-22T11:43:36.010000,SBX_ANAES_WAVE,pressure,,,10,6.36,6.55,6.438
2026-04-22T11:43:36.010000,SBX_ANAES_WAVE,inspExpMarker,,,0,,,
2026-04-22T11:43:36.409000,SBX_ANAES_WAVE,respGas,,,0,,,
2026-04-22T11:43:36.409000,SBX_ANAES_WAVE,respGas,,,0,,,
2026-04-22T11:43:36.409000,SBX_ANAES_WAVE,flow,,,10,-0.415,-0.204,-0.2806
2026-04-22T11:43:36.409000,SBX_ANAES_WAVE,volume,,,10,51.0,52.0,51.4
2026-04-22T11:43:36.409000,SBX_ANAES_WAVE,pressure,,,10,6.32,6.35,6.324
2026-04-22T11:43:36.409000,SBX_ANAES_WAVE,inspExpMarker,,,0,,,
2026-04-22T11:43:36.809000,SBX_ANAES_WAVE,respGas,,,0,,,
2026-04-22T11:43:36.809000,SBX_ANAES_WAVE,respGas,,,0,,,
2026-04-22T11:43:36.809000,SBX_ANAES_WAVE,flow,,,10,-0.106,0.016,-0.0087
2026-04-22T11:43:36.809000,SBX_ANAES_WAVE,volume,,,10,50.0,50.0,50.0
2026-04-22T11:43:36.809000,SBX_ANAES_WAVE,pressure,,,10,6.16,6.29,6.219
2026-04-22T11:43:36.809000,SBX_ANAES_WAVE,inspExpMarker,,,0,,,
2026-04-22T11:43:37.267000,SBX_ANAES_WAVE,respGas,,,0,,,
2026-04-22T11:43:37.267000,SBX_ANAES_WAVE,respGas,,,0,,,
2026-04-22T11:43:37.267000,SBX_ANAES_WAVE,flow,,,10,0.046,0.223,0.149
2026-04-22T11:43:37.267000,SBX_ANAES_WAVE,volume,,,10,50.0,51.0,50.8
2026-04-22T11:43:37.267000,SBX_ANAES_WAVE,pressure,,,10,6.08,6.14,6.101
2026-04-22T11:43:37.267000,SBX_ANAES_WAVE,inspExpMarker,,,0,,,
2026-04-22T11:43:37.609000,SBX_ANAES_WAVE,respGas,,,0,,,
2026-04-22T11:43:37.609000,SBX_ANAES_WAVE,respGas,,,0,,,
2026-04-22T11:43:37.609000,SBX_ANAES_WAVE,flow,,,10,0.254,0.328,0.2884
2026-04-22T11:43:37.609000,SBX_ANAES_WAVE,volume,,,10,52.0,53.0,52.4
2026-04-22T11:43:37.609000,SBX_ANAES_WAVE,pressure,,,10,6.04,6.08,6.049
2026-04-22T11:43:37.609000,SBX_ANAES_WAVE,inspExpMarker,,,0,,,
2026-04-22T11:43:38.009000,SBX_ANAES_WAVE,respGas,,,0,,,
2026-04-22T11:43:38.009000,SBX_ANAES_WAVE,respGas,,,0,,,
2026-04-22T11:43:38.009000,SBX_ANAES_WAVE,flow,,,10,0.325,32.946,10.8473
2026-04-22T11:43:38.009000,SBX_ANAES_WAVE,volume,,,10,4.0,62.0,40.2
2026-04-22T11:43:38.009000,SBX_ANAES_WAVE,pressure,,,10,6.04,9.25,6.86
2026-04-22T11:43:38.009000,SBX_ANAES_WAVE,inspExpMarker,,,0,,,
2026-04-22T11:43:38.409000,SBX_ANAES_WAVE,respGas,,,0,,,
2026-04-22T11:43:38.409000,SBX_ANAES_WAVE,respGas,,,0,,,
2026-04-22T11:43:38.409000,SBX_ANAES_WAVE,flow,,,10,31.201,31.908,31.5518
2026-04-22T11:43:38.409000,SBX_ANAES_WAVE,volume,,,10,83.0,272.0,177.7
2026-04-22T11:43:38.409000,SBX_ANAES_WAVE,pressure,,,10,10.15,17.72,14.024
2026-04-22T11:43:38.409000,SBX_ANAES_WAVE,inspExpMarker,,,0,,,
2026-04-22T11:43:38.809000,SBX_ANAES_WAVE,respGas,,,0,,,
2026-04-22T11:43:38.809000,SBX_ANAES_WAVE,respGas,,,0,,,
2026-04-22T11:43:38.809000,SBX_ANAES_WAVE,flow,,,10,30.995,31.667,31.3596
2026-04-22T11:43:38.809000,SBX_ANAES_WAVE,volume,,,10,293.0,481.0,386.9
2026-04-22T11:43:38.809000,SBX_ANAES_WAVE,pressure,,,10,18.51,24.79,21.738
2026-04-22T11:43:38.809000,SBX_ANAES_WAVE,inspExpMarker,,,0,,,
2026-04-22T11:43:39.256000,SBX_ANAES_WAVE,respGas,,,0,,,
2026-04-22T11:43:39.256000,SBX_ANAES_WAVE,respGas,,,0,,,
2026-04-22T11:43:39.256000,SBX_ANAES_WAVE,flow,,,10,-68.997,31.504,2.0141
2026-04-22T11:43:39.256000,SBX_ANAES_WAVE,volume,,,10,502.0,598.0,559.3
2026-04-22T11:43:39.256000,SBX_ANAES_WAVE,pressure,,,10,22.57,27.14,26.021
2026-04-22T11:43:39.256000,SBX_ANAES_WAVE,inspExpMarker,,,0,,,
2026-04-22T11:43:39.609000,SBX_ANAES_WAVE,respGas,,,0,,,
2026-04-22T11:43:39.609000,SBX_ANAES_WAVE,respGas,,,0,,,
2026-04-22T11:43:39.609000,SBX_ANAES_WAVE,flow,,,10,-83.008,-21.083,-58.9569
2026-04-22T11:43:39.609000,SBX_ANAES_WAVE,volume,,,10,117.0,476.0,264.6
2026-04-22T11:43:39.609000,SBX_ANAES_WAVE,pressure,,,10,8.4,20.37,13.048
2026-04-22T11:43:39.609000,SBX_ANAES_WAVE,inspExpMarker,,,0,,,
2026-04-22T11:43:40.010000,SBX_ANAES_WAVE,respGas,,,0,,,
2026-04-22T11:43:40.010000,SBX_ANAES_WAVE,respGas,,,0,,,
2026-04-22T11:43:40.010000,SBX_ANAES_WAVE,flow,,,10,-16.0,-1.876,-5.4284
2026-04-22T11:43:40.010000,SBX_ANAES_WAVE,volume,,,10,75.0,105.0,84.9
2026-04-22T11:43:40.010000,SBX_ANAES_WAVE,pressure,,,10,7.23,8.05,7.515
2026-04-22T11:43:40.010000,SBX_ANAES_WAVE,inspExpMarker,,,0,,,
2026-04-22T11:43:40.409000,SBX_ANAES_WAVE,respGas,,,0,,,
2026-04-22T11:43:40.409000,SBX_ANAES_WAVE,respGas,,,0,,,
2026-04-22T11:43:40.409000,SBX_ANAES_WAVE,flow,,,10,-2.151,-1.417,-1.8594
2026-04-22T11:43:40.409000,SBX_ANAES_WAVE,volume,,,10,63.0,74.0,68.1
2026-04-22T11:43:40.409000,SBX_ANAES_WAVE,pressure,,,10,6.75,7.18,6.948
2026-04-22T11:43:40.409000,SBX_ANAES_WAVE,inspExpMarker,,,0,,,
2026-04-22T11:43:40.810000,SBX_ANAES_WAVE,respGas,,,0,,,
2026-04-22T11:43:40.810000,SBX_ANAES_WAVE,respGas,,,0,,,
2026-04-22T11:43:40.810000,SBX_ANAES_WAVE,flow,,,10,-1.287,-0.674,-0.9857
2026-04-22T11:43:40.810000,SBX_ANAES_WAVE,volume,,,10,56.0,62.0,58.6
2026-04-22T11:43:40.810000,SBX_ANAES_WAVE,pressure,,,10,6.4,6.7,6.544
2026-04-22T11:43:40.810000,SBX_ANAES_WAVE,inspExpMarker,,,0,,,
2026-04-22T11:43:41.257000,SBX_ANAES_WAVE,respGas,,,0,,,
2026-04-22T11:43:41.257000,SBX_ANAES_WAVE,respGas,,,0,,,
2026-04-22T11:43:41.257000,SBX_ANAES_WAVE,flow,,,10,-0.607,-0.228,-0.4007
2026-04-22T11:43:41.257000,SBX_ANAES_WAVE,volume,,,10,53.0,56.0,54.1
2026-04-22T11:43:41.257000,SBX_ANAES_WAVE,pressure,,,10,6.31,6.37,6.326
2026-04-22T11:43:41.257000,SBX_ANAES_WAVE,inspExpMarker,,,0,,,
2026-04-22T11:43:41.611000,SBX_ANAES_WAVE,respGas,,,0,,,
2026-04-22T11:43:41.611000,SBX_ANAES_WAVE,respGas,,,0,,,
2026-04-22T11:43:41.611000,SBX_ANAES_WAVE,flow,,,10,-0.236,0.0,-0.1044
2026-04-22T11:43:41.611000,SBX_ANAES_WAVE,volume,,,10,52.0,53.0,52.4
2026-04-22T11:43:41.611000,SBX_ANAES_WAVE,pressure,,,10,6.13,6.28,6.213
2026-04-22T11:43:41.611000,SBX_ANAES_WAVE,inspExpMarker,,,0,,,
2026-04-22T11:43:42.009000,SBX_ANAES_WAVE,respGas,,,0,,,
2026-04-22T11:43:42.009000,SBX_ANAES_WAVE,respGas,,,0,,,
2026-04-22T11:43:42.009000,SBX_ANAES_WAVE,flow,,,10,0.0,0.122,0.0464
2026-04-22T11:43:42.009000,SBX_ANAES_WAVE,volume,,,10,52.0,53.0,52.2
2026-04-22T11:43:42.009000,SBX_ANAES_WAVE,pressure,,,10,6.08,6.16,6.114
2026-04-22T11:43:42.009000,SBX_ANAES_WAVE,inspExpMarker,,,0,,,
2026-04-22T11:43:42.410000,SBX_ANAES_WAVE,respGas,,,0,,,
2026-04-22T11:43:42.410000,SBX_ANAES_WAVE,respGas,,,0,,,
2026-04-22T11:43:42.410000,SBX_ANAES_WAVE,flow,,,10,0.142,0.292,0.2349
2026-04-22T11:43:42.410000,SBX_ANAES_WAVE,volume,,,10,53.0,54.0,53.4
2026-04-22T11:43:42.410000,SBX_ANAES_WAVE,pressure,,,10,6.03,6.07,6.042
2026-04-22T11:43:42.410000,SBX_ANAES_WAVE,inspExpMarker,,,0,,,
2026-04-22T11:43:42.810000,SBX_ANAES_WAVE,respGas,,,0,,,
2026-04-22T11:43:42.810000,SBX_ANAES_WAVE,respGas,,,0,,,
2026-04-22T11:43:42.810000,SBX_ANAES_WAVE,flow,,,10,0.306,0.336,0.3207
2026-04-22T11:43:42.810000,SBX_ANAES_WAVE,volume,,,10,48.0,56.0,54.5
2026-04-22T11:43:42.810000,SBX_ANAES_WAVE,pressure,,,10,5.99,6.0,5.991
2026-04-22T11:43:42.810000,SBX_ANAES_WAVE,inspExpMarker,,,0,,,
2026-04-22T11:43:43.261000,SBX_ANAES_WAVE,respGas,,,0,,,
2026-04-22T11:43:43.261000,SBX_ANAES_WAVE,respGas,,,0,,,
2026-04-22T11:43:43.261000,SBX_ANAES_WAVE,flow,,,10,1.092,32.918,26.62
2026-04-22T11:43:43.261000,SBX_ANAES_WAVE,volume,,,10,4.0,168.0,76.6
2026-04-22T11:43:43.261000,SBX_ANAES_WAVE,pressure,,,10,6.13,13.68,9.779
2026-04-22T11:43:43.261000,SBX_ANAES_WAVE,inspExpMarker,,,0,,,
2026-04-22T11:43:43.643000,SBX_ANAES_WAVE,respGas,,,0,,,
2026-04-22T11:43:43.643000,SBX_ANAES_WAVE,respGas,,,0,,,
2026-04-22T11:43:43.643000,SBX_ANAES_WAVE,flow,,,10,30.932,31.805,31.3865
2026-04-22T11:43:43.643000,SBX_ANAES_WAVE,volume,,,10,189.0,377.0,282.9
2026-04-22T11:43:43.643000,SBX_ANAES_WAVE,pressure,,,10,14.49,21.43,18.052
2026-04-22T11:43:43.643000,SBX_ANAES_WAVE,inspExpMarker,,,0,,,
2026-04-22T11:43:44.010000,SBX_ANAES_WAVE,respGas,,,0,,,
2026-04-22T11:43:44.010000,SBX_ANAES_WAVE,respGas,,,0,,,
2026-04-22T11:43:44.010000,SBX_ANAES_WAVE,flow,,,10,24.162,31.628,30.6346
2026-04-22T11:43:44.010000,SBX_ANAES_WAVE,volume,,,10,398.0,584.0,492.2
2026-04-22T11:43:44.010000,SBX_ANAES_WAVE,pressure,,,10,22.12,27.13,24.953
2026-04-22T11:43:44.010000,SBX_ANAES_WAVE,inspExpMarker,,,0,,,
2026-04-22T11:43:44.409000,SBX_ANAES_WAVE,respGas,,,0,,,
2026-04-22T11:43:44.409000,SBX_ANAES_WAVE,respGas,,,0,,,
2026-04-22T11:43:44.409000,SBX_ANAES_WAVE,flow,,,10,-83.396,10.436,-52.5661
2026-04-22T11:43:44.409000,SBX_ANAES_WAVE,volume,,,10,261.0,599.0,471.4
2026-04-22T11:43:44.409000,SBX_ANAES_WAVE,pressure,,,10,12.81,27.09,20.989
2026-04-22T11:43:44.409000,SBX_ANAES_WAVE,inspExpMarker,,,0,,,
2026-04-22T11:43:44.809000,SBX_ANAES_WAVE,respGas,,,0,,,
2026-04-22T11:43:44.809000,SBX_ANAES_WAVE,respGas,,,0,,,
2026-04-22T11:43:44.809000,SBX_ANAES_WAVE,flow,,,10,-63.102,-3.422,-24.3701
2026-04-22T11:43:44.809000,SBX_ANAES_WAVE,volume,,,10,79.0,217.0,122.8
2026-04-22T11:43:44.809000,SBX_ANAES_WAVE,pressure,,,10,7.45,11.29,8.652
2026-04-22T11:43:44.809000,SBX_ANAES_WAVE,inspExpMarker,,,0,,,
2026-04-22T11:43:45.264000,SBX_ANAES_WAVE,respGas,,,0,,,
2026-04-22T11:43:45.264000,SBX_ANAES_WAVE,respGas,,,0,,,
2026-04-22T11:43:45.264000,SBX_ANAES_WAVE,flow,,,10,-2.515,-1.798,-2.0332
2026-04-22T11:43:45.264000,SBX_ANAES_WAVE,volume,,,10,65.0,77.0,71.0
2026-04-22T11:43:45.264000,SBX_ANAES_WAVE,pressure,,,10,7.0,7.41,7.224
2026-04-22T11:43:45.264000,SBX_ANAES_WAVE,inspExpMarker,,,0,,,
2026-04-22T11:43:45.609000,SBX_ANAES_WAVE,respGas,,,0,,,
2026-04-22T11:43:45.609000,SBX_ANAES_WAVE,respGas,,,0,,,
2026-04-22T11:43:45.609000,SBX_ANAES_WAVE,flow,,,10,-1.982,-0.964,-1.4191
2026-04-22T11:43:45.609000,SBX_ANAES_WAVE,volume,,,10,55.0,64.0,58.9
2026-04-22T11:43:45.609000,SBX_ANAES_WAVE,pressure,,,10,6.56,6.94,6.747
2026-04-22T11:43:45.609000,SBX_ANAES_WAVE,inspExpMarker,,,0,,,
2026-04-22T11:43:46.011000,SBX_ANAES_WAVE,respGas,,,0,,,
2026-04-22T11:43:46.011000,SBX_ANAES_WAVE,respGas,,,0,,,
2026-04-22T11:43:46.011000,SBX_ANAES_WAVE,flow,,,10,-0.908,-0.45,-0.6804
2026-04-22T11:43:46.011000,SBX_ANAES_WAVE,volume,,,10,51.0,55.0,52.4
2026-04-22T11:43:46.011000,SBX_ANAES_WAVE,pressure,,,10,6.35,6.54,6.431
2026-04-22T11:43:46.011000,SBX_ANAES_WAVE,inspExpMarker,,,0,,,
2026-04-22T11:43:46.410000,SBX_ANAES_WAVE,respGas,,,0,,,
2026-04-22T11:43:46.410000,SBX_ANAES_WAVE,respGas,,,0,,,
2026-04-22T11:43:46.410000,SBX_ANAES_WAVE,flow,,,10,-0.383,-0.037,-0.2257
2026-04-22T11:43:46.410000,SBX_ANAES_WAVE,volume,,,10,49.0,50.0,49.4
2026-04-22T11:43:46.410000,SBX_ANAES_WAVE,pressure,,,10,6.23,6.32,6.296
2026-04-22T11:43:46.410000,SBX_ANAES_WAVE,inspExpMarker,,,0,,,
2026-04-22T11:43:46.809000,SBX_ANAES_WAVE,respGas,,,0,,,
2026-04-22T11:43:46.809000,SBX_ANAES_WAVE,respGas,,,0,,,
2026-04-22T11:43:46.809000,SBX_ANAES_WAVE,flow,,,10,-0.067,0.024,-0.0071
2026-04-22T11:43:46.809000,SBX_ANAES_WAVE,volume,,,10,49.0,49.0,49.0
2026-04-22T11:43:46.809000,SBX_ANAES_WAVE,pressure,,,10,6.14,6.22,6.196
2026-04-22T11:43:46.809000,SBX_ANAES_WAVE,inspExpMarker,,,0,,,
2026-04-22T11:43:47.266000,SBX_ANAES_WAVE,respGas,,,0,,,
2026-04-22T11:43:47.266000,SBX_ANAES_WAVE,respGas,,,0,,,
2026-04-22T11:43:47.266000,SBX_ANAES_WAVE,flow,,,10,0.05,0.201,0.146
2026-04-22T11:43:47.266000,SBX_ANAES_WAVE,volume,,,10,49.0,50.0,49.2
2026-04-22T11:43:47.266000,SBX_ANAES_WAVE,pressure,,,10,6.07,6.13,6.089
2026-04-22T11:43:47.266000,SBX_ANAES_WAVE,inspExpMarker,,,0,,,
2026-04-22T11:43:47.609000,SBX_ANAES_WAVE,respGas,,,0,,,
2026-04-22T11:43:47.609000,SBX_ANAES_WAVE,respGas,,,0,,,
2026-04-22T11:43:47.609000,SBX_ANAES_WAVE,flow,,,10,0.235,0.308,0.269
2026-04-22T11:43:47.609000,SBX_ANAES_WAVE,volume,,,10,50.0,51.0,50.6
2026-04-22T11:43:47.609000,SBX_ANAES_WAVE,pressure,,,10,6.01,6.05,6.036
2026-04-22T11:43:47.609000,SBX_ANAES_WAVE,inspExpMarker,,,0,,,
2026-04-22T11:43:48.009000,SBX_ANAES_WAVE,respGas,,,0,,,
2026-04-22T11:43:48.009000,SBX_ANAES_WAVE,respGas,,,0,,,
2026-04-22T11:43:48.009000,SBX_ANAES_WAVE,flow,,,10,0.329,32.59,10.7843
2026-04-22T11:43:48.009000,SBX_ANAES_WAVE,volume,,,10,4.0,61.0,39.0
2026-04-22T11:43:48.009000,SBX_ANAES_WAVE,pressure,,,10,6.01,9.24,6.84
2026-04-22T11:43:48.009000,SBX_ANAES_WAVE,inspExpMarker,,,0,,,
2026-04-22T11:43:48.409000,SBX_ANAES_WAVE,respGas,,,0,,,
2026-04-22T11:43:48.409000,SBX_ANAES_WAVE,respGas,,,0,,,
2026-04-22T11:43:48.409000,SBX_ANAES_WAVE,flow,,,10,30.909,32.593,31.7426
2026-04-22T11:43:48.409000,SBX_ANAES_WAVE,volume,,,10,83.0,273.0,178.4
2026-04-22T11:43:48.409000,SBX_ANAES_WAVE,pressure,,,10,10.15,17.72,14.026
2026-04-22T11:43:48.409000,SBX_ANAES_WAVE,inspExpMarker,,,0,,,
2026-04-22T11:43:48.809000,SBX_ANAES_WAVE,respGas,,,0,,,
2026-04-22T11:43:48.809000,SBX_ANAES_WAVE,respGas,,,0,,,
2026-04-22T11:43:48.809000,SBX_ANAES_WAVE,flow,,,10,31.077,31.887,31.4821
2026-04-22T11:43:48.809000,SBX_ANAES_WAVE,volume,,,10,294.0,483.0,388.6
2026-04-22T11:43:48.809000,SBX_ANAES_WAVE,pressure,,,10,18.51,24.79,21.735
2026-04-22T11:43:48.809000,SBX_ANAES_WAVE,inspExpMarker,,,0,,,
2026-04-22T11:43:49.252000,SBX_ANAES_WAVE,respGas,,,0,,,
2026-04-22T11:43:49.252000,SBX_ANAES_WAVE,respGas,,,0,,,
2026-04-22T11:43:49.252000,SBX_ANAES_WAVE,flow,,,10,-69.877,31.673,2.2725
2026-04-22T11:43:49.252000,SBX_ANAES_WAVE,volume,,,10,504.0,601.0,562.1
2026-04-22T11:43:49.252000,SBX_ANAES_WAVE,pressure,,,10,22.62,27.1,26.015
2026-04-22T11:43:49.252000,SBX_ANAES_WAVE,inspExpMarker,,,0,,,
2026-04-22T11:43:49.609000,SBX_ANAES_WAVE,respGas,,,0,,,
2026-04-22T11:43:49.609000,SBX_ANAES_WAVE,respGas,,,0,,,
2026-04-22T11:43:49.609000,SBX_ANAES_WAVE,flow,,,10,-82.619,-21.307,-59.401
2026-04-22T11:43:49.609000,SBX_ANAES_WAVE,volume,,,10,117.0,479.0,266.3
2026-04-22T11:43:49.609000,SBX_ANAES_WAVE,pressure,,,10,8.42,20.42,13.083
2026-04-22T11:43:49.609000,SBX_ANAES_WAVE,inspExpMarker,,,0,,,
2026-04-22T11:43:50.009000,SBX_ANAES_WAVE,respGas,,,0,,,
2026-04-22T11:43:50.009000,SBX_ANAES_WAVE,respGas,,,0,,,
2026-04-22T11:43:50.009000,SBX_ANAES_WAVE,flow,,,10,-16.523,-1.867,-5.5073
2026-04-22T11:43:50.009000,SBX_ANAES_WAVE,volume,,,10,75.0,105.0,84.5
2026-04-22T11:43:50.009000,SBX_ANAES_WAVE,pressure,,,10,7.25,8.06,7.519
2026-04-22T11:43:50.009000,SBX_ANAES_WAVE,inspExpMarker,,,0,,,
2026-04-22T11:43:50.409000,SBX_ANAES_WAVE,respGas,,,0,,,
2026-04-22T11:43:50.409000,SBX_ANAES_WAVE,respGas,,,0,,,
2026-04-22T11:43:50.409000,SBX_ANAES_WAVE,flow,,,10,-2.175,-1.386,-1.8866
2026-04-22T11:43:50.409000,SBX_ANAES_WAVE,volume,,,10,62.0,74.0,67.5
2026-04-22T11:43:50.409000,SBX_ANAES_WAVE,pressure,,,10,6.76,7.2,6.966
2026-04-22T11:43:50.409000,SBX_ANAES_WAVE,inspExpMarker,,,0,,,
2026-04-22T11:43:50.809000,SBX_ANAES_WAVE,respGas,,,0,,,
2026-04-22T11:43:50.809000,SBX_ANAES_WAVE,respGas,,,0,,,
2026-04-22T11:43:50.809000,SBX_ANAES_WAVE,flow,,,10,-1.29,-0.667,-0.951
2026-04-22T11:43:50.809000,SBX_ANAES_WAVE,volume,,,10,56.0,61.0,58.4
2026-04-22T11:43:50.809000,SBX_ANAES_WAVE,pressure,,,10,6.41,6.7,6.547
2026-04-22T11:43:50.809000,SBX_ANAES_WAVE,inspExpMarker,,,0,,,
2026-04-22T11:43:51.264000,SBX_ANAES_WAVE,respGas,,,0,,,
2026-04-22T11:43:51.264000,SBX_ANAES_WAVE,respGas,,,0,,,
2026-04-22T11:43:51.264000,SBX_ANAES_WAVE,flow,,,10,-0.638,-0.276,-0.4272
2026-04-22T11:43:51.264000,SBX_ANAES_WAVE,volume,,,10,53.0,55.0,53.9
2026-04-22T11:43:51.264000,SBX_ANAES_WAVE,pressure,,,10,6.3,6.41,6.344
2026-04-22T11:43:51.264000,SBX_ANAES_WAVE,inspExpMarker,,,0,,,
2026-04-22T11:43:51.608000,SBX_ANAES_WAVE,respGas,,,0,,,
2026-04-22T11:43:51.608000,SBX_ANAES_WAVE,respGas,,,0,,,
2026-04-22T11:43:51.608000,SBX_ANAES_WAVE,flow,,,10,-0.251,0.0,-0.0654
2026-04-22T11:43:51.608000,SBX_ANAES_WAVE,volume,,,10,52.0,53.0,52.2
2026-04-22T11:43:51.608000,SBX_ANAES_WAVE,pressure,,,10,6.21,6.28,6.233
2026-04-22T11:43:51.608000,SBX_ANAES_WAVE,inspExpMarker,,,0,,,
2026-04-22T11:43:52.009000,SBX_ANAES_WAVE,respGas,,,0,,,
2026-04-22T11:43:52.009000,SBX_ANAES_WAVE,respGas,,,0,,,
2026-04-22T11:43:52.009000,SBX_ANAES_WAVE,flow,,,10,0.0,0.159,0.0643
2026-04-22T11:43:52.009000,SBX_ANAES_WAVE,volume,,,10,52.0,53.0,52.2
2026-04-22T11:43:52.009000,SBX_ANAES_WAVE,pressure,,,10,6.08,6.18,6.121
2026-04-22T11:43:52.009000,SBX_ANAES_WAVE,inspExpMarker,,,0,,,
2026-04-22T11:43:52.409000,SBX_ANAES_WAVE,respGas,,,0,,,
2026-04-22T11:43:52.409000,SBX_ANAES_WAVE,respGas,,,0,,,
2026-04-22T11:43:52.409000,SBX_ANAES_WAVE,flow,,,10,0.141,0.237,0.196
2026-04-22T11:43:52.409000,SBX_ANAES_WAVE,volume,,,10,53.0,54.0,53.3
2026-04-22T11:43:52.409000,SBX_ANAES_WAVE,pressure,,,10,6.03,6.08,6.049
2026-04-22T11:43:52.409000,SBX_ANAES_WAVE,inspExpMarker,,,0,,,
2026-04-22T11:43:52.808000,SBX_ANAES_WAVE,respGas,,,0,,,
2026-04-22T11:43:52.808000,SBX_ANAES_WAVE,respGas,,,0,,,
2026-04-22T11:43:52.808000,SBX_ANAES_WAVE,flow,,,10,0.231,0.364,0.3129
2026-04-22T11:43:52.808000,SBX_ANAES_WAVE,volume,,,10,48.0,56.0,54.2
2026-04-22T11:43:52.808000,SBX_ANAES_WAVE,pressure,,,10,5.99,6.01,5.992
2026-04-22T11:43:52.808000,SBX_ANAES_WAVE,inspExpMarker,,,0,,,
2026-04-22T11:43:53.263000,SBX_ANAES_WAVE,respGas,,,0,,,
2026-04-22T11:43:53.263000,SBX_ANAES_WAVE,respGas,,,0,,,
2026-04-22T11:43:53.263000,SBX_ANAES_WAVE,flow,,,10,1.1,32.563,26.66
2026-04-22T11:43:53.263000,SBX_ANAES_WAVE,volume,,,10,4.0,168.0,76.8
2026-04-22T11:43:53.263000,SBX_ANAES_WAVE,pressure,,,10,6.13,13.67,9.77
2026-04-22T11:43:53.263000,SBX_ANAES_WAVE,inspExpMarker,,,0,,,
2026-04-22T11:43:53.609000,SBX_ANAES_WAVE,respGas,,,0,,,
2026-04-22T11:43:53.609000,SBX_ANAES_WAVE,respGas,,,0,,,
2026-04-22T11:43:53.609000,SBX_ANAES_WAVE,flow,,,10,30.927,31.545,31.3604
2026-04-22T11:43:53.609000,SBX_ANAES_WAVE,volume,,,10,189.0,377.0,282.8
2026-04-22T11:43:53.609000,SBX_ANAES_WAVE,pressure,,,10,14.49,21.42,18.04
2026-04-22T11:43:53.609000,SBX_ANAES_WAVE,inspExpMarker,,,0,,,
2026-04-22T11:43:54.009000,SBX_ANAES_WAVE,respGas,,,0,,,
2026-04-22T11:43:54.009000,SBX_ANAES_WAVE,respGas,,,0,,,
2026-04-22T11:43:54.009000,SBX_ANAES_WAVE,flow,,,10,24.971,31.989,30.7213
2026-04-22T11:43:54.009000,SBX_ANAES_WAVE,volume,,,10,398.0,585.0,491.9
2026-04-22T11:43:54.009000,SBX_ANAES_WAVE,pressure,,,10,22.1,27.12,24.94
2026-04-22T11:43:54.009000,SBX_ANAES_WAVE,inspExpMarker,,,0,,,
2026-04-22T11:43:54.410000,SBX_ANAES_WAVE,respGas,,,0,,,
2026-04-22T11:43:54.410000,SBX_ANAES_WAVE,respGas,,,0,,,
2026-04-22T11:43:54.410000,SBX_ANAES_WAVE,flow,,,10,-82.525,10.642,-52.1695
2026-04-22T11:43:54.410000,SBX_ANAES_WAVE,volume,,,10,265.0,599.0,472.6
2026-04-22T11:43:54.410000,SBX_ANAES_WAVE,pressure,,,10,12.79,27.08,20.972
2026-04-22T11:43:54.410000,SBX_ANAES_WAVE,inspExpMarker,,,0,,,
2026-04-22T11:43:54.820000,SBX_ANAES_WAVE,respGas,,,0,,,
2026-04-22T11:43:54.820000,SBX_ANAES_WAVE,respGas,,,0,,,
2026-04-22T11:43:54.820000,SBX_ANAES_WAVE,flow,,,10,-62.977,-3.399,-24.1389
2026-04-22T11:43:54.820000,SBX_ANAES_WAVE,volume,,,10,84.0,220.0,127.2
2026-04-22T11:43:54.820000,SBX_ANAES_WAVE,pressure,,,10,7.44,11.29,8.662
2026-04-22T11:43:54.820000,SBX_ANAES_WAVE,inspExpMarker,,,0,,,
2026-04-22T11:43:55.260000,SBX_ANAES_WAVE,respGas,,,0,,,
2026-04-22T11:43:55.260000,SBX_ANAES_WAVE,respGas,,,0,,,
2026-04-22T11:43:55.260000,SBX_ANAES_WAVE,flow,,,10,-2.526,-1.876,-2.0622
2026-04-22T11:43:55.260000,SBX_ANAES_WAVE,volume,,,10,70.0,82.0,75.8
2026-04-22T11:43:55.260000,SBX_ANAES_WAVE,pressure,,,10,6.98,7.4,7.215
2026-04-22T11:43:55.260000,SBX_ANAES_WAVE,inspExpMarker,,,0,,,
2026-04-22T11:43:55.608000,SBX_ANAES_WAVE,respGas,,,0,,,
2026-04-22T11:43:55.608000,SBX_ANAES_WAVE,respGas,,,0,,,
2026-04-22T11:43:55.608000,SBX_ANAES_WAVE,flow,,,10,-1.873,-0.958,-1.3747
2026-04-22T11:43:55.608000,SBX_ANAES_WAVE,volume,,,10,60.0,68.0,63.8
2026-04-22T11:43:55.608000,SBX_ANAES_WAVE,pressure,,,10,6.56,6.93,6.745
2026-04-22T11:43:55.608000,SBX_ANAES_WAVE,inspExpMarker,,,0,,,
2026-04-22T11:43:56.008000,SBX_ANAES_WAVE,respGas,,,0,,,
2026-04-22T11:43:56.008000,SBX_ANAES_WAVE,respGas,,,0,,,
2026-04-22T11:43:56.008000,SBX_ANAES_WAVE,flow,,,10,-0.872,-0.471,-0.6566
2026-04-22T11:43:56.008000,SBX_ANAES_WAVE,volume,,,10,56.0,60.0,57.5
2026-04-22T11:43:56.008000,SBX_ANAES_WAVE,pressure,,,10,6.35,6.54,6.432
2026-04-22T11:43:56.008000,SBX_ANAES_WAVE,inspExpMarker,,,0,,,
2026-04-22T11:43:56.409000,SBX_ANAES_WAVE,respGas,,,0,,,
2026-04-22T11:43:56.409000,SBX_ANAES_WAVE,respGas,,,0,,,
2026-04-22T11:43:56.409000,SBX_ANAES_WAVE,flow,,,10,-0.411,-0.039,-0.2332
2026-04-22T11:43:56.409000,SBX_ANAES_WAVE,volume,,,10,54.0,55.0,54.5
2026-04-22T11:43:56.409000,SBX_ANAES_WAVE,pressure,,,10,6.24,6.33,6.303
2026-04-22T11:43:56.409000,SBX_ANAES_WAVE,inspExpMarker,,,0,,,
2026-04-22T11:43:56.814000,SBX_ANAES_WAVE,respGas,,,0,,,
2026-04-22T11:43:56.814000,SBX_ANAES_WAVE,respGas,,,0,,,
2026-04-22T11:43:56.814000,SBX_ANAES_WAVE,flow,,,10,-0.106,0.062,-0.0016
2026-04-22T11:43:56.814000,SBX_ANAES_WAVE,volume,,,10,54.0,54.0,54.0
2026-04-22T11:43:56.814000,SBX_ANAES_WAVE,pressure,,,10,6.14,6.22,6.195
2026-04-22T11:43:56.814000,SBX_ANAES_WAVE,inspExpMarker,,,0,,,
2026-04-22T11:43:57.260000,SBX_ANAES_WAVE,respGas,,,0,,,
2026-04-22T11:43:57.260000,SBX_ANAES_WAVE,respGas,,,0,,,
2026-04-22T11:43:57.260000,SBX_ANAES_WAVE,flow,,,10,0.063,0.248,0.1513
2026-04-22T11:43:57.260000,SBX_ANAES_WAVE,volume,,,10,54.0,55.0,54.3
2026-04-22T11:43:57.260000,SBX_ANAES_WAVE,pressure,,,10,6.06,6.13,6.091
2026-04-22T11:43:57.260000,SBX_ANAES_WAVE,inspExpMarker,,,0,,,
2026-04-22T11:43:57.608000,SBX_ANAES_WAVE,respGas,,,0,,,
2026-04-22T11:43:57.608000,SBX_ANAES_WAVE,respGas,,,0,,,
2026-04-22T11:43:57.608000,SBX_ANAES_WAVE,flow,,,10,0.244,0.334,0.2928
2026-04-22T11:43:57.608000,SBX_ANAES_WAVE,volume,,,10,55.0,57.0,55.9
2026-04-22T11:43:57.608000,SBX_ANAES_WAVE,pressure,,,10,6.02,6.05,6.038
2026-04-22T11:43:57.608000,SBX_ANAES_WAVE,inspExpMarker,,,0,,,
2026-04-22T11:43:58.009000,SBX_ANAES_WAVE,respGas,,,0,,,
2026-04-22T11:43:58.009000,SBX_ANAES_WAVE,respGas,,,0,,,
2026-04-22T11:43:58.009000,SBX_ANAES_WAVE,flow,,,10,0.317,32.727,10.8041
2026-04-22T11:43:58.009000,SBX_ANAES_WAVE,volume,,,10,4.0,61.0,42.0
2026-04-22T11:43:58.009000,SBX_ANAES_WAVE,pressure,,,10,6.0,9.24,6.839
2026-04-22T11:43:58.009000,SBX_ANAES_WAVE,inspExpMarker,,,0,,,
2026-04-22T11:43:58.409000,SBX_ANAES_WAVE,respGas,,,0,,,
2026-04-22T11:43:58.409000,SBX_ANAES_WAVE,respGas,,,0,,,
2026-04-22T11:43:58.409000,SBX_ANAES_WAVE,flow,,,10,31.264,32.099,31.6382
2026-04-22T11:43:58.409000,SBX_ANAES_WAVE,volume,,,10,83.0,272.0,177.9
2026-04-22T11:43:58.409000,SBX_ANAES_WAVE,pressure,,,10,10.15,17.71,14.023
2026-04-22T11:43:58.409000,SBX_ANAES_WAVE,inspExpMarker,,,0,,,
2026-04-22T11:43:58.807000,SBX_ANAES_WAVE,respGas,,,0,,,
2026-04-22T11:43:58.807000,SBX_ANAES_WAVE,respGas,,,0,,,
2026-04-22T11:43:58.807000,SBX_ANAES_WAVE,flow,,,10,31.126,31.633,31.3428
2026-04-22T11:43:58.807000,SBX_ANAES_WAVE,volume,,,10,293.0,481.0,387.4
2026-04-22T11:43:58.807000,SBX_ANAES_WAVE,pressure,,,10,18.5,24.79,21.734
2026-04-22T11:43:58.807000,SBX_ANAES_WAVE,inspExpMarker,,,0,,,
2026-04-22T11:43:59.260000,SBX_ANAES_WAVE,respGas,,,0,,,
2026-04-22T11:43:59.260000,SBX_ANAES_WAVE,respGas,,,0,,,
2026-04-22T11:43:59.260000,SBX_ANAES_WAVE,flow,,,10,-68.842,32.158,2.598
2026-04-22T11:43:59.260000,SBX_ANAES_WAVE,volume,,,10,502.0,600.0,561.2
2026-04-22T11:43:59.260000,SBX_ANAES_WAVE,pressure,,,10,22.62,27.13,26.034
2026-04-22T11:43:59.260000,SBX_ANAES_WAVE,inspExpMarker,,,0,,,
2026-04-22T11:43:59.609000,SBX_ANAES_WAVE,respGas,,,0,,,
2026-04-22T11:43:59.609000,SBX_ANAES_WAVE,respGas,,,0,,,
2026-04-22T11:43:59.609000,SBX_ANAES_WAVE,flow,,,10,-84.611,-21.469,-59.7031
2026-04-22T11:43:59.609000,SBX_ANAES_WAVE,volume,,,10,116.0,479.0,264.8
2026-04-22T11:43:59.609000,SBX_ANAES_WAVE,pressure,,,10,8.42,20.43,13.075
2026-04-22T11:43:59.609000,SBX_ANAES_WAVE,inspExpMarker,,,0,,,
2026-04-22T11:44:00.009000,SBX_ANAES_WAVE,respGas,,,0,,,
2026-04-22T11:44:00.009000,SBX_ANAES_WAVE,respGas,,,0,,,
2026-04-22T11:44:00.009000,SBX_ANAES_WAVE,flow,,,10,-16.362,-1.849,-5.5289
2026-04-22T11:44:00.009000,SBX_ANAES_WAVE,volume,,,10,74.0,104.0,83.2
2026-04-22T11:44:00.009000,SBX_ANAES_WAVE,pressure,,,10,7.25,8.06,7.519
2026-04-22T11:44:00.009000,SBX_ANAES_WAVE,inspExpMarker,,,0,,,
2026-04-22T11:44:00.409000,SBX_ANAES_WAVE,respGas,,,0,,,
2026-04-22T11:44:00.409000,SBX_ANAES_WAVE,respGas,,,0,,,
2026-04-22T11:44:00.409000,SBX_ANAES_WAVE,flow,,,10,-2.138,-1.455,-1.897
2026-04-22T11:44:00.409000,SBX_ANAES_WAVE,volume,,,10,61.0,72.0,66.3
2026-04-22T11:44:00.409000,SBX_ANAES_WAVE,pressure,,,10,6.77,7.21,6.972
2026-04-22T11:44:00.409000,SBX_ANAES_WAVE,inspExpMarker,,,0,,,
2026-04-22T11:44:00.809000,SBX_ANAES_WAVE,respGas,,,0,,,
2026-04-22T11:44:00.809000,SBX_ANAES_WAVE,respGas,,,0,,,
2026-04-22T11:44:00.809000,SBX_ANAES_WAVE,flow,,,10,-1.324,-0.683,-0.9594
2026-04-22T11:44:00.809000,SBX_ANAES_WAVE,volume,,,10,54.0,60.0,56.8
2026-04-22T11:44:00.809000,SBX_ANAES_WAVE,pressure,,,10,6.41,6.71,6.548
2026-04-22T11:44:00.809000,SBX_ANAES_WAVE,inspExpMarker,,,0,,,
2026-04-22T11:44:01.253000,SBX_ANAES_WAVE,respGas,,,0,,,
2026-04-22T11:44:01.253000,SBX_ANAES_WAVE,respGas,,,0,,,
2026-04-22T11:44:01.253000,SBX_ANAES_WAVE,flow,,,10,-0.649,-0.228,-0.449
2026-04-22T11:44:01.253000,SBX_ANAES_WAVE,volume,,,10,51.0,54.0,52.2
2026-04-22T11:44:01.253000,SBX_ANAES_WAVE,pressure,,,10,6.31,6.41,6.345
2026-04-22T11:44:01.253000,SBX_ANAES_WAVE,inspExpMarker,,,0,,,
2026-04-22T11:44:01.608000,SBX_ANAES_WAVE,respGas,,,0,,,
2026-04-22T11:44:01.608000,SBX_ANAES_WAVE,respGas,,,0,,,
2026-04-22T11:44:01.608000,SBX_ANAES_WAVE,flow,,,10,-0.227,0.0,-0.0987
2026-04-22T11:44:01.608000,SBX_ANAES_WAVE,volume,,,10,50.0,51.0,50.4
2026-04-22T11:44:01.608000,SBX_ANAES_WAVE,pressure,,,10,6.19,6.28,6.233
2026-04-22T11:44:01.608000,SBX_ANAES_WAVE,inspExpMarker,,,0,,,
2026-04-22T11:44:02.009000,SBX_ANAES_WAVE,respGas,,,0,,,
2026-04-22T11:44:02.009000,SBX_ANAES_WAVE,respGas,,,0,,,
2026-04-22T11:44:02.009000,SBX_ANAES_WAVE,flow,,,10,0.0,0.141,0.0443
2026-04-22T11:44:02.009000,SBX_ANAES_WAVE,volume,,,10,50.0,51.0,50.1
2026-04-22T11:44:02.009000,SBX_ANAES_WAVE,pressure,,,10,6.08,6.18,6.121
2026-04-22T11:44:02.009000,SBX_ANAES_WAVE,inspExpMarker,,,0,,,
2026-04-22T11:44:02.408000,SBX_ANAES_WAVE,respGas,,,0,,,
2026-04-22T11:44:02.408000,SBX_ANAES_WAVE,respGas,,,0,,,
2026-04-22T11:44:02.408000,SBX_ANAES_WAVE,flow,,,10,0.174,0.302,0.2217
2026-04-22T11:44:02.408000,SBX_ANAES_WAVE,volume,,,10,51.0,52.0,51.4
2026-04-22T11:44:02.408000,SBX_ANAES_WAVE,pressure,,,10,6.0,6.06,6.036
2026-04-22T11:44:02.408000,SBX_ANAES_WAVE,inspExpMarker,,,0,,,
2026-04-22T11:44:02.809000,SBX_ANAES_WAVE,respGas,,,0,,,
2026-04-22T11:44:02.809000,SBX_ANAES_WAVE,respGas,,,0,,,
2026-04-22T11:44:02.809000,SBX_ANAES_WAVE,flow,,,10,0.296,0.344,0.3198
2026-04-22T11:44:02.809000,SBX_ANAES_WAVE,volume,,,10,46.0,54.0,52.4
2026-04-22T11:44:02.809000,SBX_ANAES_WAVE,pressure,,,10,5.99,5.99,5.99
2026-04-22T11:44:02.809000,SBX_ANAES_WAVE,inspExpMarker,,,0,,,
2026-04-22T11:44:03.265000,SBX_ANAES_WAVE,respGas,,,0,,,
2026-04-22T11:44:03.265000,SBX_ANAES_WAVE,respGas,,,0,,,
2026-04-22T11:44:03.265000,SBX_ANAES_WAVE,flow,,,10,1.105,32.591,26.378
2026-04-22T11:44:03.265000,SBX_ANAES_WAVE,volume,,,10,4.0,166.0,76.0
2026-04-22T11:44:03.265000,SBX_ANAES_WAVE,pressure,,,10,6.12,13.66,9.767
2026-04-22T11:44:03.265000,SBX_ANAES_WAVE,inspExpMarker,,,0,,,
2026-04-22T11:44:03.609000,SBX_ANAES_WAVE,respGas,,,0,,,
2026-04-22T11:44:03.609000,SBX_ANAES_WAVE,respGas,,,0,,,
2026-04-22T11:44:03.609000,SBX_ANAES_WAVE,flow,,,10,30.914,31.54,31.2814
2026-04-22T11:44:03.609000,SBX_ANAES_WAVE,volume,,,10,187.0,375.0,281.2
2026-04-22T11:44:03.609000,SBX_ANAES_WAVE,pressure,,,10,14.48,21.4,18.027
2026-04-22T11:44:03.609000,SBX_ANAES_WAVE,inspExpMarker,,,0,,,
2026-04-22T11:44:04.009000,SBX_ANAES_WAVE,respGas,,,0,,,
2026-04-22T11:44:04.009000,SBX_ANAES_WAVE,respGas,,,0,,,
2026-04-22T11:44:04.009000,SBX_ANAES_WAVE,flow,,,10,24.442,31.628,30.7755
2026-04-22T11:44:04.009000,SBX_ANAES_WAVE,volume,,,10,396.0,583.0,490.3
2026-04-22T11:44:04.009000,SBX_ANAES_WAVE,pressure,,,10,22.09,27.11,24.933
2026-04-22T11:44:04.009000,SBX_ANAES_WAVE,inspExpMarker,,,0,,,
2026-04-22T11:44:04.409000,SBX_ANAES_WAVE,respGas,,,0,,,
2026-04-22T11:44:04.409000,SBX_ANAES_WAVE,respGas,,,0,,,
2026-04-22T11:44:04.409000,SBX_ANAES_WAVE,flow,,,10,-82.286,10.443,-51.8709
2026-04-22T11:44:04.409000,SBX_ANAES_WAVE,volume,,,10,265.0,597.0,472.1
2026-04-22T11:44:04.409000,SBX_ANAES_WAVE,pressure,,,10,12.84,27.08,21.022
2026-04-22T11:44:04.409000,SBX_ANAES_WAVE,inspExpMarker,,,0,,,
2026-04-22T11:44:04.808000,SBX_ANAES_WAVE,respGas,,,0,,,
2026-04-22T11:44:04.808000,SBX_ANAES_WAVE,respGas,,,0,,,
2026-04-22T11:44:04.808000,SBX_ANAES_WAVE,flow,,,10,-63.391,-3.498,-24.4566
2026-04-22T11:44:04.808000,SBX_ANAES_WAVE,volume,,,10,82.0,220.0,125.8
2026-04-22T11:44:04.808000,SBX_ANAES_WAVE,pressure,,,10,7.45,11.35,8.687
2026-04-22T11:44:04.808000,SBX_ANAES_WAVE,inspExpMarker,,,0,,,
2026-04-22T11:44:05.259000,SBX_ANAES_WAVE,respGas,,,0,,,
2026-04-22T11:44:05.259000,SBX_ANAES_WAVE,respGas,,,0,,,
2026-04-22T11:44:05.259000,SBX_ANAES_WAVE,flow,,,10,-2.6,-1.864,-2.0788
2026-04-22T11:44:05.259000,SBX_ANAES_WAVE,volume,,,10,67.0,80.0,73.6
2026-04-22T11:44:05.259000,SBX_ANAES_WAVE,pressure,,,10,6.99,7.41,7.22
2026-04-22T11:44:05.259000,SBX_ANAES_WAVE,inspExpMarker,,,0,,,
2026-04-22T11:44:05.608000,SBX_ANAES_WAVE,respGas,,,0,,,
2026-04-22T11:44:05.608000,SBX_ANAES_WAVE,respGas,,,0,,,
2026-04-22T11:44:05.608000,SBX_ANAES_WAVE,flow,,,10,-1.932,-0.907,-1.3958
2026-04-22T11:44:05.608000,SBX_ANAES_WAVE,volume,,,10,58.0,66.0,61.6
2026-04-22T11:44:05.608000,SBX_ANAES_WAVE,pressure,,,10,6.55,6.92,6.739
2026-04-22T11:44:05.608000,SBX_ANAES_WAVE,inspExpMarker,,,0,,,
2026-04-22T11:44:06.009000,SBX_ANAES_WAVE,respGas,,,0,,,
2026-04-22T11:44:06.009000,SBX_ANAES_WAVE,respGas,,,0,,,
2026-04-22T11:44:06.009000,SBX_ANAES_WAVE,flow,,,10,-0.859,-0.42,-0.6487
2026-04-22T11:44:06.009000,SBX_ANAES_WAVE,volume,,,10,53.0,57.0,55.1
2026-04-22T11:44:06.009000,SBX_ANAES_WAVE,pressure,,,10,6.35,6.54,6.429
2026-04-22T11:44:06.009000,SBX_ANAES_WAVE,inspExpMarker,,,0,,,
2026-04-22T11:44:06.408000,SBX_ANAES_WAVE,respGas,,,0,,,
2026-04-22T11:44:06.408000,SBX_ANAES_WAVE,respGas,,,0,,,
2026-04-22T11:44:06.408000,SBX_ANAES_WAVE,flow,,,10,-0.4,-0.028,-0.2419
2026-04-22T11:44:06.408000,SBX_ANAES_WAVE,volume,,,10,52.0,53.0,52.3
2026-04-22T11:44:06.408000,SBX_ANAES_WAVE,pressure,,,10,6.23,6.33,6.296
2026-04-22T11:44:06.408000,SBX_ANAES_WAVE,inspExpMarker,,,0,,,
2026-04-22T11:44:06.808000,SBX_ANAES_WAVE,respGas,,,0,,,
2026-04-22T11:44:06.808000,SBX_ANAES_WAVE,respGas,,,0,,,
2026-04-22T11:44:06.808000,SBX_ANAES_WAVE,flow,,,10,-0.032,0.027,-0.0057
2026-04-22T11:44:06.808000,SBX_ANAES_WAVE,volume,,,10,52.0,52.0,52.0
2026-04-22T11:44:06.808000,SBX_ANAES_WAVE,pressure,,,10,6.14,6.22,6.192
2026-04-22T11:44:06.808000,SBX_ANAES_WAVE,inspExpMarker,,,0,,,
2026-04-22T11:44:07.274000,SBX_ANAES_WAVE,respGas,,,0,,,
2026-04-22T11:44:07.274000,SBX_ANAES_WAVE,respGas,,,0,,,
2026-04-22T11:44:07.274000,SBX_ANAES_WAVE,flow,,,10,0.048,0.232,0.1625
2026-04-22T11:44:07.274000,SBX_ANAES_WAVE,volume,,,10,52.0,53.0,52.1
2026-04-22T11:44:07.274000,SBX_ANAES_WAVE,pressure,,,10,6.05,6.13,6.089
2026-04-22T11:44:07.274000,SBX_ANAES_WAVE,inspExpMarker,,,0,,,
2026-04-22T11:44:07.608000,SBX_ANAES_WAVE,respGas,,,0,,,
2026-04-22T11:44:07.608000,SBX_ANAES_WAVE,respGas,,,0,,,
2026-04-22T11:44:07.608000,SBX_ANAES_WAVE,flow,,,10,0.205,0.355,0.2913
2026-04-22T11:44:07.608000,SBX_ANAES_WAVE,volume,,,10,53.0,55.0,53.6
2026-04-22T11:44:07.608000,SBX_ANAES_WAVE,pressure,,,10,6.0,6.05,6.029
2026-04-22T11:44:07.608000,SBX_ANAES_WAVE,inspExpMarker,,,0,,,
2026-04-22T11:44:08.008000,SBX_ANAES_WAVE,respGas,,,0,,,
2026-04-22T11:44:08.008000,SBX_ANAES_WAVE,respGas,,,0,,,
2026-04-22T11:44:08.008000,SBX_ANAES_WAVE,flow,,,10,0.316,32.665,10.746
2026-04-22T11:44:08.008000,SBX_ANAES_WAVE,volume,,,10,4.0,61.0,40.6
2026-04-22T11:44:08.008000,SBX_ANAES_WAVE,pressure,,,10,5.99,9.24,6.828
2026-04-22T11:44:08.008000,SBX_ANAES_WAVE,inspExpMarker,,,0,,,
2026-04-22T11:44:08.409000,SBX_ANAES_WAVE,respGas,,,0,,,
2026-04-22T11:44:08.409000,SBX_ANAES_WAVE,respGas,,,0,,,
2026-04-22T11:44:08.409000,SBX_ANAES_WAVE,flow,,,10,30.985,32.503,31.6459
2026-04-22T11:44:08.409000,SBX_ANAES_WAVE,volume,,,10,82.0,272.0,178.1
2026-04-22T11:44:08.409000,SBX_ANAES_WAVE,pressure,,,10,10.15,17.7,14.017
2026-04-22T11:44:08.409000,SBX_ANAES_WAVE,inspExpMarker,,,0,,,
2026-04-22T11:44:08.808000,SBX_ANAES_WAVE,respGas,,,0,,,
2026-04-22T11:44:08.808000,SBX_ANAES_WAVE,respGas,,,0,,,
2026-04-22T11:44:08.808000,SBX_ANAES_WAVE,flow,,,10,30.843,31.723,31.2269
2026-04-22T11:44:08.808000,SBX_ANAES_WAVE,volume,,,10,293.0,480.0,386.3
2026-04-22T11:44:08.808000,SBX_ANAES_WAVE,pressure,,,10,18.49,24.78,21.717
2026-04-22T11:44:08.808000,SBX_ANAES_WAVE,inspExpMarker,,,0,,,
2026-04-22T11:44:09.258000,SBX_ANAES_WAVE,respGas,,,0,,,
2026-04-22T11:44:09.258000,SBX_ANAES_WAVE,respGas,,,0,,,
2026-04-22T11:44:09.258000,SBX_ANAES_WAVE,flow,,,10,-68.647,31.908,2.7043
2026-04-22T11:44:09.258000,SBX_ANAES_WAVE,volume,,,10,501.0,599.0,560.2
2026-04-22T11:44:09.258000,SBX_ANAES_WAVE,pressure,,,10,22.69,27.13,26.044
2026-04-22T11:44:09.258000,SBX_ANAES_WAVE,inspExpMarker,,,0,,,
2026-04-22T11:44:09.608000,SBX_ANAES_WAVE,respGas,,,0,,,
2026-04-22T11:44:09.608000,SBX_ANAES_WAVE,respGas,,,0,,,
2026-04-22T11:44:09.608000,SBX_ANAES_WAVE,flow,,,10,-84.008,-21.374,-59.6337
2026-04-22T11:44:09.608000,SBX_ANAES_WAVE,volume,,,10,116.0,479.0,265.3
2026-04-22T11:44:09.608000,SBX_ANAES_WAVE,pressure,,,10,8.44,20.49,13.125
2026-04-22T11:44:09.608000,SBX_ANAES_WAVE,inspExpMarker,,,0,,,
2026-04-22T11:44:10.061000,SBX_ANAES_WAVE,respGas,,,0,,,
2026-04-22T11:44:10.061000,SBX_ANAES_WAVE,respGas,,,0,,,
2026-04-22T11:44:10.061000,SBX_ANAES_WAVE,flow,,,10,-16.441,-1.806,-5.5258
2026-04-22T11:44:10.061000,SBX_ANAES_WAVE,volume,,,10,74.0,104.0,83.4
2026-04-22T11:44:10.061000,SBX_ANAES_WAVE,pressure,,,10,7.26,8.07,7.523
2026-04-22T11:44:10.061000,SBX_ANAES_WAVE,inspExpMarker,,,0,,,
2026-04-22T11:44:10.408000,SBX_ANAES_WAVE,respGas,,,0,,,
2026-04-22T11:44:10.408000,SBX_ANAES_WAVE,respGas,,,0,,,
2026-04-22T11:44:10.408000,SBX_ANAES_WAVE,flow,,,10,-2.086,-1.403,-1.8565
2026-04-22T11:44:10.408000,SBX_ANAES_WAVE,volume,,,10,61.0,73.0,66.6
2026-04-22T11:44:10.408000,SBX_ANAES_WAVE,pressure,,,10,6.79,7.21,6.981
2026-04-22T11:44:10.408000,SBX_ANAES_WAVE,inspExpMarker,,,0,,,
2026-04-22T11:44:10.812000,SBX_ANAES_WAVE,respGas,,,0,,,
2026-04-22T11:44:10.812000,SBX_ANAES_WAVE,respGas,,,0,,,
2026-04-22T11:44:10.812000,SBX_ANAES_WAVE,flow,,,10,-1.293,-0.696,-0.9612
2026-04-22T11:44:10.812000,SBX_ANAES_WAVE,volume,,,10,55.0,60.0,57.3
2026-04-22T11:44:10.812000,SBX_ANAES_WAVE,pressure,,,10,6.43,6.73,6.569
2026-04-22T11:44:10.812000,SBX_ANAES_WAVE,inspExpMarker,,,0,,,
2026-04-22T11:44:11.253000,SBX_ANAES_WAVE,respGas,,,0,,,
2026-04-22T11:44:11.253000,SBX_ANAES_WAVE,respGas,,,0,,,
2026-04-22T11:44:11.253000,SBX_ANAES_WAVE,flow,,,10,-0.635,-0.213,-0.4281
2026-04-22T11:44:11.253000,SBX_ANAES_WAVE,volume,,,10,52.0,54.0,52.9
2026-04-22T11:44:11.253000,SBX_ANAES_WAVE,pressure,,,10,6.32,6.41,6.357
2026-04-22T11:44:11.253000,SBX_ANAES_WAVE,inspExpMarker,,,0,,,
2026-04-22T11:44:11.607000,SBX_ANAES_WAVE,respGas,,,0,,,
2026-04-22T11:44:11.607000,SBX_ANAES_WAVE,respGas,,,0,,,
2026-04-22T11:44:11.607000,SBX_ANAES_WAVE,flow,,,10,-0.166,0.0,-0.0705
2026-04-22T11:44:11.607000,SBX_ANAES_WAVE,volume,,,10,51.0,52.0,51.2
2026-04-22T11:44:11.607000,SBX_ANAES_WAVE,pressure,,,10,6.22,6.32,6.255
2026-04-22T11:44:11.607000,SBX_ANAES_WAVE,inspExpMarker,,,0,,,
2026-04-22T11:44:12.007000,SBX_ANAES_WAVE,respGas,,,0,,,
2026-04-22T11:44:12.007000,SBX_ANAES_WAVE,respGas,,,0,,,
2026-04-22T11:44:12.007000,SBX_ANAES_WAVE,flow,,,10,0.0,0.154,0.0566
2026-04-22T11:44:12.007000,SBX_ANAES_WAVE,volume,,,10,51.0,52.0,51.1
2026-04-22T11:44:12.007000,SBX_ANAES_WAVE,pressure,,,10,6.08,6.21,6.148
2026-04-22T11:44:12.007000,SBX_ANAES_WAVE,inspExpMarker,,,0,,,
2026-04-22T11:44:12.408000,SBX_ANAES_WAVE,respGas,,,0,,,
2026-04-22T11:44:12.408000,SBX_ANAES_WAVE,respGas,,,0,,,
2026-04-22T11:44:12.408000,SBX_ANAES_WAVE,flow,,,10,0.143,0.316,0.2345
2026-04-22T11:44:12.408000,SBX_ANAES_WAVE,volume,,,10,52.0,53.0,52.3
2026-04-22T11:44:12.408000,SBX_ANAES_WAVE,pressure,,,10,6.04,6.08,6.055
2026-04-22T11:44:12.408000,SBX_ANAES_WAVE,inspExpMarker,,,0,,,
2026-04-22T11:44:12.810000,SBX_ANAES_WAVE,respGas,,,0,,,
2026-04-22T11:44:12.810000,SBX_ANAES_WAVE,respGas,,,0,,,
2026-04-22T11:44:12.810000,SBX_ANAES_WAVE,flow,,,10,0.268,0.402,0.3268
2026-04-22T11:44:12.810000,SBX_ANAES_WAVE,volume,,,10,47.0,55.0,53.3
2026-04-22T11:44:12.810000,SBX_ANAES_WAVE,pressure,,,10,5.99,6.04,6.018
2026-04-22T11:44:12.810000,SBX_ANAES_WAVE,inspExpMarker,,,0,,,
2026-04-22T11:44:13.252000,SBX_ANAES_WAVE,respGas,,,0,,,
2026-04-22T11:44:13.252000,SBX_ANAES_WAVE,respGas,,,0,,,
2026-04-22T11:44:13.252000,SBX_ANAES_WAVE,flow,,,10,1.161,32.391,26.5581
2026-04-22T11:44:13.252000,SBX_ANAES_WAVE,volume,,,10,4.0,167.0,76.1
2026-04-22T11:44:13.252000,SBX_ANAES_WAVE,pressure,,,10,6.15,13.69,9.79
2026-04-22T11:44:13.252000,SBX_ANAES_WAVE,inspExpMarker,,,0,,,
2026-04-22T11:44:13.610000,SBX_ANAES_WAVE,respGas,,,0,,,
2026-04-22T11:44:13.610000,SBX_ANAES_WAVE,respGas,,,0,,,
2026-04-22T11:44:13.610000,SBX_ANAES_WAVE,flow,,,10,30.902,31.509,31.2444
2026-04-22T11:44:13.610000,SBX_ANAES_WAVE,volume,,,10,189.0,376.0,282.3
2026-04-22T11:44:13.610000,SBX_ANAES_WAVE,pressure,,,10,14.5,21.44,18.063
2026-04-22T11:44:13.610000,SBX_ANAES_WAVE,inspExpMarker,,,0,,,
2026-04-22T11:44:14.008000,SBX_ANAES_WAVE,respGas,,,0,,,
2026-04-22T11:44:14.008000,SBX_ANAES_WAVE,respGas,,,0,,,
2026-04-22T11:44:14.008000,SBX_ANAES_WAVE,flow,,,10,24.61,31.948,30.8076
2026-04-22T11:44:14.008000,SBX_ANAES_WAVE,volume,,,10,397.0,584.0,491.3
2026-04-22T11:44:14.008000,SBX_ANAES_WAVE,pressure,,,10,22.12,27.13,24.959
2026-04-22T11:44:14.008000,SBX_ANAES_WAVE,inspExpMarker,,,0,,,
2026-04-22T11:44:14.408000,SBX_ANAES_WAVE,respGas,,,0,,,
2026-04-22T11:44:14.408000,SBX_ANAES_WAVE,respGas,,,0,,,
2026-04-22T11:44:14.408000,SBX_ANAES_WAVE,flow,,,10,-83.411,10.605,-52.2254
2026-04-22T11:44:14.408000,SBX_ANAES_WAVE,volume,,,10,263.0,599.0,472.0
2026-04-22T11:44:14.408000,SBX_ANAES_WAVE,pressure,,,10,12.92,27.09,21.041
2026-04-22T11:44:14.408000,SBX_ANAES_WAVE,inspExpMarker,,,0,,,
2026-04-22T11:44:14.808000,SBX_ANAES_WAVE,respGas,,,0,,,
2026-04-22T11:44:14.808000,SBX_ANAES_WAVE,respGas,,,0,,,
2026-04-22T11:44:14.808000,SBX_ANAES_WAVE,flow,,,10,-63.372,-3.46,-24.4141
2026-04-22T11:44:14.808000,SBX_ANAES_WAVE,volume,,,10,81.0,219.0,125.0
2026-04-22T11:44:14.808000,SBX_ANAES_WAVE,pressure,,,10,7.45,11.42,8.714
2026-04-22T11:44:14.808000,SBX_ANAES_WAVE,inspExpMarker,,,0,,,
2026-04-22T11:44:15.258000,SBX_ANAES_WAVE,respGas,,,0,,,
2026-04-22T11:44:15.258000,SBX_ANAES_WAVE,respGas,,,0,,,
2026-04-22T11:44:15.258000,SBX_ANAES_WAVE,flow,,,10,-2.529,-1.869,-2.0318
2026-04-22T11:44:15.258000,SBX_ANAES_WAVE,volume,,,10,67.0,79.0,72.7
2026-04-22T11:44:15.258000,SBX_ANAES_WAVE,pressure,,,10,7.0,7.41,7.225
2026-04-22T11:44:15.258000,SBX_ANAES_WAVE,inspExpMarker,,,0,,,
2026-04-22T11:44:15.619000,SBX_ANAES_WAVE,respGas,,,0,,,
2026-04-22T11:44:15.619000,SBX_ANAES_WAVE,respGas,,,0,,,
2026-04-22T11:44:15.619000,SBX_ANAES_WAVE,flow,,,10,-1.865,-0.953,-1.388
2026-04-22T11:44:15.619000,SBX_ANAES_WAVE,volume,,,10,57.0,65.0,60.8
2026-04-22T11:44:15.619000,SBX_ANAES_WAVE,pressure,,,10,6.57,6.94,6.754
2026-04-22T11:44:15.619000,SBX_ANAES_WAVE,inspExpMarker,,,0,,,
2026-04-22T11:44:16.009000,SBX_ANAES_WAVE,respGas,,,0,,,
2026-04-22T11:44:16.009000,SBX_ANAES_WAVE,respGas,,,0,,,
2026-04-22T11:44:16.009000,SBX_ANAES_WAVE,flow,,,10,-0.886,-0.459,-0.6606
2026-04-22T11:44:16.009000,SBX_ANAES_WAVE,volume,,,10,53.0,57.0,54.4
2026-04-22T11:44:16.009000,SBX_ANAES_WAVE,pressure,,,10,6.36,6.54,6.441
2026-04-22T11:44:16.009000,SBX_ANAES_WAVE,inspExpMarker,,,0,,,
2026-04-22T11:44:16.407000,SBX_ANAES_WAVE,respGas,,,0,,,
2026-04-22T11:44:16.407000,SBX_ANAES_WAVE,respGas,,,0,,,
2026-04-22T11:44:16.407000,SBX_ANAES_WAVE,flow,,,10,-0.429,-0.014,-0.2323
2026-04-22T11:44:16.407000,SBX_ANAES_WAVE,volume,,,10,51.0,52.0,51.5
2026-04-22T11:44:16.407000,SBX_ANAES_WAVE,pressure,,,10,6.24,6.34,6.299
2026-04-22T11:44:16.407000,SBX_ANAES_WAVE,inspExpMarker,,,0,,,
2026-04-22T11:44:16.808000,SBX_ANAES_WAVE,respGas,,,0,,,
2026-04-22T11:44:16.808000,SBX_ANAES_WAVE,respGas,,,0,,,
2026-04-22T11:44:16.808000,SBX_ANAES_WAVE,flow,,,10,0.0,0.038,0.0058
2026-04-22T11:44:16.808000,SBX_ANAES_WAVE,volume,,,10,51.0,51.0,51.0
2026-04-22T11:44:16.808000,SBX_ANAES_WAVE,pressure,,,10,6.14,6.22,6.195
2026-04-22T11:44:16.808000,SBX_ANAES_WAVE,inspExpMarker,,,0,,,
2026-04-22T11:44:17.252000,SBX_ANAES_WAVE,respGas,,,0,,,
2026-04-22T11:44:17.252000,SBX_ANAES_WAVE,respGas,,,0,,,
2026-04-22T11:44:17.252000,SBX_ANAES_WAVE,flow,,,10,0.037,0.254,0.1374
2026-04-22T11:44:17.252000,SBX_ANAES_WAVE,volume,,,10,51.0,52.0,51.2
2026-04-22T11:44:17.252000,SBX_ANAES_WAVE,pressure,,,10,6.04,6.13,6.086
2026-04-22T11:44:17.252000,SBX_ANAES_WAVE,inspExpMarker,,,0,,,
2026-04-22T11:44:17.607000,SBX_ANAES_WAVE,respGas,,,0,,,
2026-04-22T11:44:17.607000,SBX_ANAES_WAVE,respGas,,,0,,,
2026-04-22T11:44:17.607000,SBX_ANAES_WAVE,flow,,,10,0.247,0.325,0.292
2026-04-22T11:44:17.607000,SBX_ANAES_WAVE,volume,,,10,52.0,54.0,52.7
2026-04-22T11:44:17.607000,SBX_ANAES_WAVE,pressure,,,10,6.03,6.04,6.039
2026-04-22T11:44:17.607000,SBX_ANAES_WAVE,inspExpMarker,,,0,,,
2026-04-22T11:44:18.010000,SBX_ANAES_WAVE,respGas,,,0,,,
2026-04-22T11:44:18.010000,SBX_ANAES_WAVE,respGas,,,0,,,
2026-04-22T11:44:18.010000,SBX_ANAES_WAVE,flow,,,10,0.318,32.681,10.8228
2026-04-22T11:44:18.010000,SBX_ANAES_WAVE,volume,,,10,4.0,61.0,40.4
2026-04-22T11:44:18.010000,SBX_ANAES_WAVE,pressure,,,10,5.99,9.25,6.843
2026-04-22T11:44:18.010000,SBX_ANAES_WAVE,inspExpMarker,,,0,,,
2026-04-22T11:44:18.407000,SBX_ANAES_WAVE,respGas,,,0,,,
2026-04-22T11:44:18.407000,SBX_ANAES_WAVE,respGas,,,0,,,
2026-04-22T11:44:18.407000,SBX_ANAES_WAVE,flow,,,10,30.663,32.585,31.5676
2026-04-22T11:44:18.407000,SBX_ANAES_WAVE,volume,,,10,83.0,272.0,178.3
2026-04-22T11:44:18.407000,SBX_ANAES_WAVE,pressure,,,10,10.16,17.7,14.013
2026-04-22T11:44:18.407000,SBX_ANAES_WAVE,inspExpMarker,,,0,,,
2026-04-22T11:44:18.808000,SBX_ANAES_WAVE,respGas,,,0,,,
2026-04-22T11:44:18.808000,SBX_ANAES_WAVE,respGas,,,0,,,
2026-04-22T11:44:18.808000,SBX_ANAES_WAVE,flow,,,10,30.804,31.68,31.1889
2026-04-22T11:44:18.808000,SBX_ANAES_WAVE,volume,,,10,293.0,480.0,386.3
2026-04-22T11:44:18.808000,SBX_ANAES_WAVE,pressure,,,10,18.49,24.77,21.719
2026-04-22T11:44:18.808000,SBX_ANAES_WAVE,inspExpMarker,,,0,,,
2026-04-22T11:44:19.255000,SBX_ANAES_WAVE,respGas,,,0,,,
2026-04-22T11:44:19.255000,SBX_ANAES_WAVE,respGas,,,0,,,
2026-04-22T11:44:19.255000,SBX_ANAES_WAVE,flow,,,10,-69.325,31.546,2.1895
2026-04-22T11:44:19.255000,SBX_ANAES_WAVE,volume,,,10,501.0,597.0,558.5
2026-04-22T11:44:19.255000,SBX_ANAES_WAVE,pressure,,,10,22.64,27.12,26.025
2026-04-22T11:44:19.255000,SBX_ANAES_WAVE,inspExpMarker,,,0,,,
2026-04-22T11:44:19.608000,SBX_ANAES_WAVE,respGas,,,0,,,
2026-04-22T11:44:19.608000,SBX_ANAES_WAVE,respGas,,,0,,,
2026-04-22T11:44:19.608000,SBX_ANAES_WAVE,flow,,,10,-82.165,-21.121,-58.9972
2026-04-22T11:44:19.608000,SBX_ANAES_WAVE,volume,,,10,117.0,476.0,265.0
2026-04-22T11:44:19.608000,SBX_ANAES_WAVE,pressure,,,10,8.43,20.46,13.095
2026-04-22T11:44:19.608000,SBX_ANAES_WAVE,inspExpMarker,,,0,,,
2026-04-22T11:44:20.009000,SBX_ANAES_WAVE,respGas,,,0,,,
2026-04-22T11:44:20.009000,SBX_ANAES_WAVE,respGas,,,0,,,
2026-04-22T11:44:20.009000,SBX_ANAES_WAVE,flow,,,10,-16.373,-1.797,-5.5024
2026-04-22T11:44:20.009000,SBX_ANAES_WAVE,volume,,,10,75.0,104.0,84.0
2026-04-22T11:44:20.009000,SBX_ANAES_WAVE,pressure,,,10,7.25,8.06,7.514
2026-04-22T11:44:20.009000,SBX_ANAES_WAVE,inspExpMarker,,,0,,,
2026-04-22T11:44:20.407000,SBX_ANAES_WAVE,respGas,,,0,,,
2026-04-22T11:44:20.407000,SBX_ANAES_WAVE,respGas,,,0,,,
2026-04-22T11:44:20.407000,SBX_ANAES_WAVE,flow,,,10,-1.894,-1.003,-1.4072
2026-04-22T11:44:20.407000,SBX_ANAES_WAVE,volume,,,10,58.0,67.0,61.9
2026-04-22T11:44:20.407000,SBX_ANAES_WAVE,pressure,,,10,6.55,6.94,6.743
2026-04-22T11:44:20.407000,SBX_ANAES_WAVE,inspExpMarker,,,0,,,
2026-04-22T11:44:20.808000,SBX_ANAES_WAVE,respGas,,,0,,,
2026-04-22T11:44:20.808000,SBX_ANAES_WAVE,respGas,,,0,,,
2026-04-22T11:44:20.808000,SBX_ANAES_WAVE,flow,,,10,-0.93,-0.471,-0.6696
2026-04-22T11:44:20.808000,SBX_ANAES_WAVE,volume,,,10,53.0,57.0,55.2
2026-04-22T11:44:20.808000,SBX_ANAES_WAVE,pressure,,,10,6.34,6.54,6.428
2026-04-22T11:44:20.808000,SBX_ANAES_WAVE,inspExpMarker,,,0,,,
2026-04-22T11:44:21.254000,SBX_ANAES_WAVE,respGas,,,0,,,
2026-04-22T11:44:21.254000,SBX_ANAES_WAVE,respGas,,,0,,,
2026-04-22T11:44:21.254000,SBX_ANAES_WAVE,flow,,,10,-0.416,-0.048,-0.2213
2026-04-22T11:44:21.254000,SBX_ANAES_WAVE,volume,,,10,52.0,53.0,52.4
2026-04-22T11:44:21.254000,SBX_ANAES_WAVE,pressure,,,10,6.22,6.32,6.287
2026-04-22T11:44:21.254000,SBX_ANAES_WAVE,inspExpMarker,,,0,,,
2026-04-22T11:44:21.607000,SBX_ANAES_WAVE,respGas,,,0,,,
2026-04-22T11:44:21.607000,SBX_ANAES_WAVE,respGas,,,0,,,
2026-04-22T11:44:21.607000,SBX_ANAES_WAVE,flow,,,10,-0.021,0.052,0.0043
2026-04-22T11:44:21.607000,SBX_ANAES_WAVE,volume,,,10,52.0,52.0,52.0
2026-04-22T11:44:21.607000,SBX_ANAES_WAVE,pressure,,,10,6.13,6.22,6.186
2026-04-22T11:44:21.607000,SBX_ANAES_WAVE,inspExpMarker,,,0,,,
2026-04-22T11:44:22.007000,SBX_ANAES_WAVE,respGas,,,0,,,
2026-04-22T11:44:22.007000,SBX_ANAES_WAVE,respGas,,,0,,,
2026-04-22T11:44:22.007000,SBX_ANAES_WAVE,flow,,,10,0.096,0.195,0.1467
2026-04-22T11:44:22.007000,SBX_ANAES_WAVE,volume,,,10,52.0,53.0,52.3
2026-04-22T11:44:22.007000,SBX_ANAES_WAVE,pressure,,,10,6.04,6.12,6.075
2026-04-22T11:44:22.007000,SBX_ANAES_WAVE,inspExpMarker,,,0,,,
2026-04-22T11:44:22.407000,SBX_ANAES_WAVE,respGas,,,0,,,
2026-04-22T11:44:22.407000,SBX_ANAES_WAVE,respGas,,,0,,,
2026-04-22T11:44:22.407000,SBX_ANAES_WAVE,flow,,,10,0.237,0.327,0.2882
2026-04-22T11:44:22.407000,SBX_ANAES_WAVE,volume,,,10,53.0,55.0,53.8
2026-04-22T11:44:22.407000,SBX_ANAES_WAVE,pressure,,,10,5.99,6.04,6.023
2026-04-22T11:44:22.407000,SBX_ANAES_WAVE,inspExpMarker,,,0,,,
2026-04-22T11:44:22.808000,SBX_ANAES_WAVE,respGas,,,0,,,
2026-04-22T11:44:22.808000,SBX_ANAES_WAVE,respGas,,,0,,,
2026-04-22T11:44:22.808000,SBX_ANAES_WAVE,flow,,,10,0.351,32.75,10.8478
2026-04-22T11:44:22.808000,SBX_ANAES_WAVE,volume,,,10,4.0,61.0,40.9
2026-04-22T11:44:22.808000,SBX_ANAES_WAVE,pressure,,,10,5.99,9.23,6.822
2026-04-22T11:44:22.808000,SBX_ANAES_WAVE,inspExpMarker,,,0,,,
2026-04-22T11:44:23.297000,SBX_ANAES_WAVE,respGas,,,0,,,
2026-04-22T11:44:23.297000,SBX_ANAES_WAVE,respGas,,,0,,,
2026-04-22T11:44:23.297000,SBX_ANAES_WAVE,flow,,,10,30.948,32.148,31.4162
2026-04-22T11:44:23.297000,SBX_ANAES_WAVE,volume,,,10,83.0,271.0,177.3
2026-04-22T11:44:23.297000,SBX_ANAES_WAVE,pressure,,,10,10.15,17.7,14.018
2026-04-22T11:44:23.297000,SBX_ANAES_WAVE,inspExpMarker,,,0,,,
2026-04-22T11:44:23.609000,SBX_ANAES_WAVE,respGas,,,0,,,
2026-04-22T11:44:23.609000,SBX_ANAES_WAVE,respGas,,,0,,,
2026-04-22T11:44:23.609000,SBX_ANAES_WAVE,flow,,,10,31.042,31.611,31.3626
2026-04-22T11:44:23.609000,SBX_ANAES_WAVE,volume,,,10,292.0,480.0,386.2
2026-04-22T11:44:23.609000,SBX_ANAES_WAVE,pressure,,,10,18.49,24.78,21.725
2026-04-22T11:44:23.609000,SBX_ANAES_WAVE,inspExpMarker,,,0,,,
2026-04-22T11:44:24.007000,SBX_ANAES_WAVE,respGas,,,0,,,
2026-04-22T11:44:24.007000,SBX_ANAES_WAVE,respGas,,,0,,,
2026-04-22T11:44:24.007000,SBX_ANAES_WAVE,flow,,,10,-68.886,31.69,2.4305
2026-04-22T11:44:24.007000,SBX_ANAES_WAVE,volume,,,10,501.0,597.0,559.1
2026-04-22T11:44:24.007000,SBX_ANAES_WAVE,pressure,,,10,22.68,27.11,26.034
2026-04-22T11:44:24.007000,SBX_ANAES_WAVE,inspExpMarker,,,0,,,
2026-04-22T11:44:24.408000,SBX_ANAES_WAVE,respGas,,,0,,,
2026-04-22T11:44:24.408000,SBX_ANAES_WAVE,respGas,,,0,,,
2026-04-22T11:44:24.408000,SBX_ANAES_WAVE,flow,,,10,-82.163,-21.481,-59.2813
2026-04-22T11:44:24.408000,SBX_ANAES_WAVE,volume,,,10,117.0,477.0,266.1
2026-04-22T11:44:24.408000,SBX_ANAES_WAVE,pressure,,,10,8.44,20.52,13.153
2026-04-22T11:44:24.408000,SBX_ANAES_WAVE,inspExpMarker,,,0,,,
2026-04-22T11:44:24.808000,SBX_ANAES_WAVE,respGas,,,0,,,
2026-04-22T11:44:24.808000,SBX_ANAES_WAVE,respGas,,,0,,,
2026-04-22T11:44:24.808000,SBX_ANAES_WAVE,flow,,,10,-16.675,-1.74,-5.5755
2026-04-22T11:44:24.808000,SBX_ANAES_WAVE,volume,,,10,74.0,104.0,83.4
2026-04-22T11:44:24.808000,SBX_ANAES_WAVE,pressure,,,10,7.26,8.07,7.517
2026-04-22T11:44:24.808000,SBX_ANAES_WAVE,inspExpMarker,,,0,,,
2026-04-22T11:44:25.256000,SBX_ANAES_WAVE,respGas,,,0,,,
2026-04-22T11:44:25.256000,SBX_ANAES_WAVE,respGas,,,0,,,
2026-04-22T11:44:25.256000,SBX_ANAES_WAVE,flow,,,10,-2.096,-1.361,-1.8219
2026-04-22T11:44:25.256000,SBX_ANAES_WAVE,volume,,,10,62.0,73.0,67.0
2026-04-22T11:44:25.256000,SBX_ANAES_WAVE,pressure,,,10,6.79,7.22,6.985
2026-04-22T11:44:25.256000,SBX_ANAES_WAVE,inspExpMarker,,,0,,,
2026-04-22T11:44:25.608000,SBX_ANAES_WAVE,respGas,,,0,,,
2026-04-22T11:44:25.608000,SBX_ANAES_WAVE,respGas,,,0,,,
2026-04-22T11:44:25.608000,SBX_ANAES_WAVE,flow,,,10,-1.272,-0.643,-0.9308
2026-04-22T11:44:25.608000,SBX_ANAES_WAVE,volume,,,10,55.0,61.0,57.8
2026-04-22T11:44:25.608000,SBX_ANAES_WAVE,pressure,,,10,6.43,6.73,6.574
2026-04-22T11:44:25.608000,SBX_ANAES_WAVE,inspExpMarker,,,0,,,
2026-04-22T11:44:26.007000,SBX_ANAES_WAVE,respGas,,,0,,,
2026-04-22T11:44:26.007000,SBX_ANAES_WAVE,respGas,,,0,,,
2026-04-22T11:44:26.007000,SBX_ANAES_WAVE,flow,,,10,-0.611,-0.221,-0.3918
2026-04-22T11:44:26.007000,SBX_ANAES_WAVE,volume,,,10,53.0,55.0,53.5
2026-04-22T11:44:26.007000,SBX_ANAES_WAVE,pressure,,,10,6.32,6.41,6.36
2026-04-22T11:44:26.007000,SBX_ANAES_WAVE,inspExpMarker,,,0,,,
2026-04-22T11:44:26.408000,SBX_ANAES_WAVE,respGas,,,0,,,
2026-04-22T11:44:26.408000,SBX_ANAES_WAVE,respGas,,,0,,,
2026-04-22T11:44:26.408000,SBX_ANAES_WAVE,flow,,,10,-0.187,0.0,-0.0741
2026-04-22T11:44:26.408000,SBX_ANAES_WAVE,volume,,,10,52.0,52.0,52.0
2026-04-22T11:44:26.408000,SBX_ANAES_WAVE,pressure,,,10,6.22,6.32,6.255
2026-04-22T11:44:26.408000,SBX_ANAES_WAVE,inspExpMarker,,,0,,,
2026-04-22T11:44:26.807000,SBX_ANAES_WAVE,respGas,,,0,,,
2026-04-22T11:44:26.807000,SBX_ANAES_WAVE,respGas,,,0,,,
2026-04-22T11:44:26.807000,SBX_ANAES_WAVE,flow,,,10,0.0,0.135,0.0701
2026-04-22T11:44:26.807000,SBX_ANAES_WAVE,volume,,,10,52.0,52.0,52.0
2026-04-22T11:44:26.807000,SBX_ANAES_WAVE,pressure,,,10,6.09,6.22,6.156
2026-04-22T11:44:26.807000,SBX_ANAES_WAVE,inspExpMarker,,,0,,,
2026-04-22T11:44:27.269000,SBX_ANAES_WAVE,respGas,,,0,,,
2026-04-22T11:44:27.269000,SBX_ANAES_WAVE,respGas,,,0,,,
2026-04-22T11:44:27.269000,SBX_ANAES_WAVE,flow,,,10,0.161,0.313,0.248
2026-04-22T11:44:27.269000,SBX_ANAES_WAVE,volume,,,10,52.0,54.0,53.2
2026-04-22T11:44:27.269000,SBX_ANAES_WAVE,pressure,,,10,6.04,6.08,6.062
2026-04-22T11:44:27.269000,SBX_ANAES_WAVE,inspExpMarker,,,0,,,
2026-04-22T11:44:27.608000,SBX_ANAES_WAVE,respGas,,,0,,,
2026-04-22T11:44:27.608000,SBX_ANAES_WAVE,respGas,,,0,,,
2026-04-22T11:44:27.608000,SBX_ANAES_WAVE,flow,,,10,0.322,0.379,0.3504
2026-04-22T11:44:27.608000,SBX_ANAES_WAVE,volume,,,10,48.0,56.0,54.4
2026-04-22T11:44:27.608000,SBX_ANAES_WAVE,pressure,,,10,6.04,6.04,6.04
2026-04-22T11:44:27.608000,SBX_ANAES_WAVE,inspExpMarker,,,0,,,
2026-04-22T11:44:28.007000,SBX_ANAES_WAVE,respGas,,,0,,,
2026-04-22T11:44:28.007000,SBX_ANAES_WAVE,respGas,,,0,,,
2026-04-22T11:44:28.007000,SBX_ANAES_WAVE,flow,,,10,1.13,32.778,26.6261
2026-04-22T11:44:28.007000,SBX_ANAES_WAVE,volume,,,10,4.0,168.0,76.6
2026-04-22T11:44:28.007000,SBX_ANAES_WAVE,pressure,,,10,6.17,13.7,9.806
2026-04-22T11:44:28.007000,SBX_ANAES_WAVE,inspExpMarker,,,0,,,
2026-04-22T11:44:28.407000,SBX_ANAES_WAVE,respGas,,,0,,,
2026-04-22T11:44:28.407000,SBX_ANAES_WAVE,respGas,,,0,,,
2026-04-22T11:44:28.407000,SBX_ANAES_WAVE,flow,,,10,31.088,31.62,31.3227
2026-04-22T11:44:28.407000,SBX_ANAES_WAVE,volume,,,10,189.0,377.0,282.8
2026-04-22T11:44:28.407000,SBX_ANAES_WAVE,pressure,,,10,14.52,21.46,18.084
2026-04-22T11:44:28.407000,SBX_ANAES_WAVE,inspExpMarker,,,0,,,
2026-04-22T11:44:28.807000,SBX_ANAES_WAVE,respGas,,,0,,,
2026-04-22T11:44:28.807000,SBX_ANAES_WAVE,respGas,,,0,,,
2026-04-22T11:44:28.807000,SBX_ANAES_WAVE,flow,,,10,24.567,31.862,30.9086
2026-04-22T11:44:28.807000,SBX_ANAES_WAVE,volume,,,10,398.0,586.0,492.4
2026-04-22T11:44:28.807000,SBX_ANAES_WAVE,pressure,,,10,22.15,27.16,24.99
2026-04-22T11:44:28.807000,SBX_ANAES_WAVE,inspExpMarker,,,0,,,
2026-04-22T11:44:29.266000,SBX_ANAES_WAVE,respGas,,,0,,,
2026-04-22T11:44:29.266000,SBX_ANAES_WAVE,respGas,,,0,,,
2026-04-22T11:44:29.266000,SBX_ANAES_WAVE,flow,,,10,-83.455,10.529,-52.3459
2026-04-22T11:44:29.266000,SBX_ANAES_WAVE,volume,,,10,264.0,600.0,474.1
2026-04-22T11:44:29.266000,SBX_ANAES_WAVE,pressure,,,10,12.9,27.11,21.078
2026-04-22T11:44:29.266000,SBX_ANAES_WAVE,inspExpMarker,,,0,,,
2026-04-22T11:44:29.607000,SBX_ANAES_WAVE,respGas,,,0,,,
2026-04-22T11:44:29.607000,SBX_ANAES_WAVE,respGas,,,0,,,
2026-04-22T11:44:29.607000,SBX_ANAES_WAVE,flow,,,10,-63.37,-3.626,-24.6244
2026-04-22T11:44:29.607000,SBX_ANAES_WAVE,volume,,,10,80.0,220.0,124.7
2026-04-22T11:44:29.607000,SBX_ANAES_WAVE,pressure,,,10,7.43,11.39,8.685
2026-04-22T11:44:29.607000,SBX_ANAES_WAVE,inspExpMarker,,,0,,,
2026-04-22T11:44:30.007000,SBX_ANAES_WAVE,respGas,,,0,,,
2026-04-22T11:44:30.007000,SBX_ANAES_WAVE,respGas,,,0,,,
2026-04-22T11:44:30.007000,SBX_ANAES_WAVE,flow,,,10,-2.679,-1.896,-2.1249
2026-04-22T11:44:30.007000,SBX_ANAES_WAVE,volume,,,10,66.0,78.0,71.9
2026-04-22T11:44:30.007000,SBX_ANAES_WAVE,pressure,,,10,6.95,7.39,7.192
2026-04-22T11:44:30.007000,SBX_ANAES_WAVE,inspExpMarker,,,0,,,
2026-04-22T11:44:30.407000,SBX_ANAES_WAVE,respGas,,,0,,,
2026-04-22T11:44:30.407000,SBX_ANAES_WAVE,respGas,,,0,,,
2026-04-22T11:44:30.407000,SBX_ANAES_WAVE,flow,,,10,-1.955,-0.992,-1.4124
2026-04-22T11:44:30.407000,SBX_ANAES_WAVE,volume,,,10,56.0,64.0,59.7
2026-04-22T11:44:30.407000,SBX_ANAES_WAVE,pressure,,,10,6.51,6.89,6.696
2026-04-22T11:44:30.407000,SBX_ANAES_WAVE,inspExpMarker,,,0,,,
2026-04-22T11:44:30.807000,SBX_ANAES_WAVE,respGas,,,0,,,
2026-04-22T11:44:30.807000,SBX_ANAES_WAVE,respGas,,,0,,,
2026-04-22T11:44:30.807000,SBX_ANAES_WAVE,flow,,,10,-0.963,-0.446,-0.6776
2026-04-22T11:44:30.807000,SBX_ANAES_WAVE,volume,,,10,51.0,55.0,53.1
2026-04-22T11:44:30.807000,SBX_ANAES_WAVE,pressure,,,10,6.32,6.46,6.376
2026-04-22T11:44:30.807000,SBX_ANAES_WAVE,inspExpMarker,,,0,,,
2026-04-22T11:44:31.260000,SBX_ANAES_WAVE,respGas,,,0,,,
2026-04-22T11:44:31.260000,SBX_ANAES_WAVE,respGas,,,0,,,
2026-04-22T11:44:31.260000,SBX_ANAES_WAVE,flow,,,10,-0.408,-0.085,-0.2245
2026-04-22T11:44:31.260000,SBX_ANAES_WAVE,volume,,,10,50.0,51.0,50.2
2026-04-22T11:44:31.260000,SBX_ANAES_WAVE,pressure,,,10,6.22,6.32,6.258
2026-04-22T11:44:31.260000,SBX_ANAES_WAVE,inspExpMarker,,,0,,,
2026-04-22T11:44:31.607000,SBX_ANAES_WAVE,respGas,,,0,,,
2026-04-22T11:44:31.607000,SBX_ANAES_WAVE,respGas,,,0,,,
2026-04-22T11:44:31.607000,SBX_ANAES_WAVE,flow,,,10,-0.128,0.004,-0.0196
2026-04-22T11:44:31.607000,SBX_ANAES_WAVE,volume,,,10,49.0,50.0,49.1
2026-04-22T11:44:31.607000,SBX_ANAES_WAVE,pressure,,,10,6.07,6.21,6.133
2026-04-22T11:44:31.607000,SBX_ANAES_WAVE,inspExpMarker,,,0,,,
2026-04-22T11:44:32.008000,SBX_ANAES_WAVE,respGas,,,0,,,
2026-04-22T11:44:32.008000,SBX_ANAES_WAVE,respGas,,,0,,,
2026-04-22T11:44:32.008000,SBX_ANAES_WAVE,flow,,,10,0.02,0.192,0.1417
2026-04-22T11:44:32.008000,SBX_ANAES_WAVE,volume,,,10,49.0,50.0,49.8
2026-04-22T11:44:32.008000,SBX_ANAES_WAVE,pressure,,,10,5.99,6.05,6.014
2026-04-22T11:44:32.008000,SBX_ANAES_WAVE,inspExpMarker,,,0,,,
2026-04-22T11:44:32.408000,SBX_ANAES_WAVE,respGas,,,0,,,
2026-04-22T11:44:32.408000,SBX_ANAES_WAVE,respGas,,,0,,,
2026-04-22T11:44:32.408000,SBX_ANAES_WAVE,flow,,,10,0.209,0.354,0.2785
2026-04-22T11:44:32.408000,SBX_ANAES_WAVE,volume,,,10,50.0,52.0,51.2
2026-04-22T11:44:32.408000,SBX_ANAES_WAVE,pressure,,,10,5.99,5.99,5.99
2026-04-22T11:44:32.408000,SBX_ANAES_WAVE,inspExpMarker,,,0,,,
2026-04-22T11:44:32.807000,SBX_ANAES_WAVE,respGas,,,0,,,
2026-04-22T11:44:32.807000,SBX_ANAES_WAVE,respGas,,,0,,,
2026-04-22T11:44:32.807000,SBX_ANAES_WAVE,flow,,,10,0.319,32.356,10.7212
2026-04-22T11:44:32.807000,SBX_ANAES_WAVE,volume,,,10,4.0,61.0,39.3
2026-04-22T11:44:32.807000,SBX_ANAES_WAVE,pressure,,,10,5.99,9.17,6.798
2026-04-22T11:44:32.807000,SBX_ANAES_WAVE,inspExpMarker,,,0,,,
2026-04-22T11:44:33.252000,SBX_ANAES_WAVE,respGas,,,0,,,
2026-04-22T11:44:33.252000,SBX_ANAES_WAVE,respGas,,,0,,,
2026-04-22T11:44:33.252000,SBX_ANAES_WAVE,flow,,,10,30.898,32.321,31.5766
2026-04-22T11:44:33.252000,SBX_ANAES_WAVE,volume,,,10,82.0,272.0,177.5
2026-04-22T11:44:33.252000,SBX_ANAES_WAVE,pressure,,,10,10.08,17.61,13.932
2026-04-22T11:44:33.252000,SBX_ANAES_WAVE,inspExpMarker,,,0,,,
2026-04-22T11:44:33.607000,SBX_ANAES_WAVE,respGas,,,0,,,
2026-04-22T11:44:33.607000,SBX_ANAES_WAVE,respGas,,,0,,,
2026-04-22T11:44:33.607000,SBX_ANAES_WAVE,flow,,,10,30.437,31.545,31.0708
2026-04-22T11:44:33.607000,SBX_ANAES_WAVE,volume,,,10,292.0,478.0,385.0
2026-04-22T11:44:33.607000,SBX_ANAES_WAVE,pressure,,,10,18.41,24.67,21.642
2026-04-22T11:44:33.607000,SBX_ANAES_WAVE,inspExpMarker,,,0,,,
2026-04-22T11:44:34.007000,SBX_ANAES_WAVE,respGas,,,0,,,
2026-04-22T11:44:34.007000,SBX_ANAES_WAVE,respGas,,,0,,,
2026-04-22T11:44:34.007000,SBX_ANAES_WAVE,flow,,,10,-69.333,31.509,2.3388
2026-04-22T11:44:34.007000,SBX_ANAES_WAVE,volume,,,10,499.0,596.0,557.2
2026-04-22T11:44:34.007000,SBX_ANAES_WAVE,pressure,,,10,22.56,27.0,25.924
2026-04-22T11:44:34.007000,SBX_ANAES_WAVE,inspExpMarker,,,0,,,
2026-04-22T11:44:34.407000,SBX_ANAES_WAVE,respGas,,,0,,,
2026-04-22T11:44:34.407000,SBX_ANAES_WAVE,respGas,,,0,,,
2026-04-22T11:44:34.407000,SBX_ANAES_WAVE,flow,,,10,-82.325,-21.265,-59.1741
2026-04-22T11:44:34.407000,SBX_ANAES_WAVE,volume,,,10,115.0,475.0,263.8
2026-04-22T11:44:34.407000,SBX_ANAES_WAVE,pressure,,,10,8.34,20.39,13.02
2026-04-22T11:44:34.407000,SBX_ANAES_WAVE,inspExpMarker,,,0,,,
2026-04-22T11:44:34.810000,SBX_ANAES_WAVE,respGas,,,0,,,
2026-04-22T11:44:34.810000,SBX_ANAES_WAVE,respGas,,,0,,,
2026-04-22T11:44:34.810000,SBX_ANAES_WAVE,flow,,,10,-16.282,-1.715,-5.3837
2026-04-22T11:44:34.810000,SBX_ANAES_WAVE,volume,,,10,74.0,103.0,82.6
2026-04-22T11:44:34.810000,SBX_ANAES_WAVE,pressure,,,10,7.21,7.99,7.456
2026-04-22T11:44:34.810000,SBX_ANAES_WAVE,inspExpMarker,,,0,,,
2026-04-22T11:44:35.267000,SBX_ANAES_WAVE,respGas,,,0,,,
2026-04-22T11:44:35.267000,SBX_ANAES_WAVE,respGas,,,0,,,
2026-04-22T11:44:35.267000,SBX_ANAES_WAVE,flow,,,10,-2.038,-1.401,-1.8122
2026-04-22T11:44:35.267000,SBX_ANAES_WAVE,volume,,,10,61.0,72.0,66.4
2026-04-22T11:44:35.267000,SBX_ANAES_WAVE,pressure,,,10,6.72,7.16,6.933
2026-04-22T11:44:35.267000,SBX_ANAES_WAVE,inspExpMarker,,,0,,,
2026-04-22T11:44:35.607000,SBX_ANAES_WAVE,respGas,,,0,,,
2026-04-22T11:44:35.607000,SBX_ANAES_WAVE,respGas,,,0,,,
2026-04-22T11:44:35.607000,SBX_ANAES_WAVE,flow,,,10,-1.299,-0.687,-0.9446
2026-04-22T11:44:35.607000,SBX_ANAES_WAVE,volume,,,10,55.0,60.0,57.3
2026-04-22T11:44:35.607000,SBX_ANAES_WAVE,pressure,,,10,6.41,6.68,6.517
2026-04-22T11:44:35.607000,SBX_ANAES_WAVE,inspExpMarker,,,0,,,
2026-04-22T11:44:36.007000,SBX_ANAES_WAVE,respGas,,,0,,,
2026-04-22T11:44:36.007000,SBX_ANAES_WAVE,respGas,,,0,,,
2026-04-22T11:44:36.007000,SBX_ANAES_WAVE,flow,,,10,-0.641,-0.226,-0.4468
2026-04-22T11:44:36.007000,SBX_ANAES_WAVE,volume,,,10,52.0,54.0,52.9
2026-04-22T11:44:36.007000,SBX_ANAES_WAVE,pressure,,,10,6.27,6.4,6.328
2026-04-22T11:44:36.007000,SBX_ANAES_WAVE,inspExpMarker,,,0,,,
2026-04-22T11:44:36.407000,SBX_ANAES_WAVE,respGas,,,0,,,
2026-04-22T11:44:36.407000,SBX_ANAES_WAVE,respGas,,,0,,,
2026-04-22T11:44:36.407000,SBX_ANAES_WAVE,flow,,,10,-0.23,0.0,-0.0891
2026-04-22T11:44:36.407000,SBX_ANAES_WAVE,volume,,,10,51.0,52.0,51.1
2026-04-22T11:44:36.407000,SBX_ANAES_WAVE,pressure,,,10,6.16,6.26,6.21
2026-04-22T11:44:36.407000,SBX_ANAES_WAVE,inspExpMarker,,,0,,,
2026-04-22T11:44:36.806000,SBX_ANAES_WAVE,respGas,,,0,,,
2026-04-22T11:44:36.806000,SBX_ANAES_WAVE,respGas,,,0,,,
2026-04-22T11:44:36.806000,SBX_ANAES_WAVE,flow,,,10,0.0,0.13,0.0731
2026-04-22T11:44:36.806000,SBX_ANAES_WAVE,volume,,,10,51.0,51.0,51.0
2026-04-22T11:44:36.806000,SBX_ANAES_WAVE,pressure,,,10,6.04,6.14,6.083
2026-04-22T11:44:36.806000,SBX_ANAES_WAVE,inspExpMarker,,,0,,,
2026-04-22T11:44:37.263000,SBX_ANAES_WAVE,respGas,,,0,,,
2026-04-22T11:44:37.263000,SBX_ANAES_WAVE,respGas,,,0,,,
2026-04-22T11:44:37.263000,SBX_ANAES_WAVE,flow,,,10,0.148,0.285,0.2189
2026-04-22T11:44:37.263000,SBX_ANAES_WAVE,volume,,,10,52.0,53.0,52.2
2026-04-22T11:44:37.263000,SBX_ANAES_WAVE,pressure,,,10,5.99,6.04,6.005
2026-04-22T11:44:37.263000,SBX_ANAES_WAVE,inspExpMarker,,,0,,,
2026-04-22T11:44:37.607000,SBX_ANAES_WAVE,respGas,,,0,,,
2026-04-22T11:44:37.607000,SBX_ANAES_WAVE,respGas,,,0,,,
2026-04-22T11:44:37.607000,SBX_ANAES_WAVE,flow,,,10,0.29,0.354,0.3239
2026-04-22T11:44:37.607000,SBX_ANAES_WAVE,volume,,,10,47.0,55.0,53.2
2026-04-22T11:44:37.607000,SBX_ANAES_WAVE,pressure,,,10,5.99,5.99,5.99
2026-04-22T11:44:37.607000,SBX_ANAES_WAVE,inspExpMarker,,,0,,,
2026-04-22T11:44:38.008000,SBX_ANAES_WAVE,respGas,,,0,,,
2026-04-22T11:44:38.008000,SBX_ANAES_WAVE,respGas,,,0,,,
2026-04-22T11:44:38.008000,SBX_ANAES_WAVE,flow,,,10,1.109,32.169,25.2456
2026-04-22T11:44:38.008000,SBX_ANAES_WAVE,volume,,,10,4.0,159.0,70.5
2026-04-22T11:44:38.008000,SBX_ANAES_WAVE,pressure,,,10,6.12,13.32,9.476
2026-04-22T11:44:38.008000,SBX_ANAES_WAVE,inspExpMarker,,,0,,,
2026-04-22T11:44:38.407000,SBX_ANAES_WAVE,respGas,,,0,,,
2026-04-22T11:44:38.407000,SBX_ANAES_WAVE,respGas,,,0,,,
2026-04-22T11:44:38.407000,SBX_ANAES_WAVE,flow,,,10,31.178,32.408,31.6186
2026-04-22T11:44:38.407000,SBX_ANAES_WAVE,volume,,,10,180.0,370.0,275.2
2026-04-22T11:44:38.407000,SBX_ANAES_WAVE,pressure,,,10,14.15,21.17,17.748
2026-04-22T11:44:38.407000,SBX_ANAES_WAVE,inspExpMarker,,,0,,,
2026-04-22T11:44:38.806000,SBX_ANAES_WAVE,respGas,,,0,,,
2026-04-22T11:44:38.806000,SBX_ANAES_WAVE,respGas,,,0,,,
2026-04-22T11:44:38.806000,SBX_ANAES_WAVE,flow,,,10,25.115,32.119,31.0765
2026-04-22T11:44:38.806000,SBX_ANAES_WAVE,volume,,,10,391.0,579.0,486.0
2026-04-22T11:44:38.806000,SBX_ANAES_WAVE,pressure,,,10,21.86,26.95,24.725
2026-04-22T11:44:38.806000,SBX_ANAES_WAVE,inspExpMarker,,,0,,,
2026-04-22T11:44:39.263000,SBX_ANAES_WAVE,respGas,,,0,,,
2026-04-22T11:44:39.263000,SBX_ANAES_WAVE,respGas,,,0,,,
2026-04-22T11:44:39.263000,SBX_ANAES_WAVE,flow,,,10,-83.404,10.547,-51.7944
2026-04-22T11:44:39.263000,SBX_ANAES_WAVE,volume,,,10,261.0,594.0,469.1
2026-04-22T11:44:39.263000,SBX_ANAES_WAVE,pressure,,,10,12.76,26.93,20.916
2026-04-22T11:44:39.263000,SBX_ANAES_WAVE,inspExpMarker,,,0,,,
2026-04-22T11:44:39.606000,SBX_ANAES_WAVE,respGas,,,0,,,
2026-04-22T11:44:39.606000,SBX_ANAES_WAVE,respGas,,,0,,,
2026-04-22T11:44:39.606000,SBX_ANAES_WAVE,flow,,,10,-62.397,-3.06,-24.1831
2026-04-22T11:44:39.606000,SBX_ANAES_WAVE,volume,,,10,81.0,218.0,123.7
2026-04-22T11:44:39.606000,SBX_ANAES_WAVE,pressure,,,10,7.42,11.27,8.59
2026-04-22T11:44:39.606000,SBX_ANAES_WAVE,inspExpMarker,,,0,,,
2026-04-22T11:44:40.007000,SBX_ANAES_WAVE,respGas,,,0,,,
2026-04-22T11:44:40.007000,SBX_ANAES_WAVE,respGas,,,0,,,
2026-04-22T11:44:40.007000,SBX_ANAES_WAVE,flow,,,10,-2.169,-1.522,-1.8059
2026-04-22T11:44:40.007000,SBX_ANAES_WAVE,volume,,,10,68.0,79.0,73.9
2026-04-22T11:44:40.007000,SBX_ANAES_WAVE,pressure,,,10,7.0,7.39,7.228
2026-04-22T11:44:40.007000,SBX_ANAES_WAVE,inspExpMarker,,,0,,,
2026-04-22T11:44:40.406000,SBX_ANAES_WAVE,respGas,,,0,,,
2026-04-22T11:44:40.406000,SBX_ANAES_WAVE,respGas,,,0,,,
2026-04-22T11:44:40.406000,SBX_ANAES_WAVE,flow,,,10,-1.77,-0.914,-1.2841
2026-04-22T11:44:40.406000,SBX_ANAES_WAVE,volume,,,10,59.0,67.0,62.8
2026-04-22T11:44:40.406000,SBX_ANAES_WAVE,pressure,,,10,6.59,6.94,6.761
2026-04-22T11:44:40.406000,SBX_ANAES_WAVE,inspExpMarker,,,0,,,
2026-04-22T11:44:40.808000,SBX_ANAES_WAVE,respGas,,,0,,,
2026-04-22T11:44:40.808000,SBX_ANAES_WAVE,respGas,,,0,,,
2026-04-22T11:44:40.808000,SBX_ANAES_WAVE,flow,,,10,-0.839,-0.417,-0.6192
2026-04-22T11:44:40.808000,SBX_ANAES_WAVE,volume,,,10,55.0,59.0,56.8
2026-04-22T11:44:40.808000,SBX_ANAES_WAVE,pressure,,,10,6.38,6.55,6.454
2026-04-22T11:44:40.808000,SBX_ANAES_WAVE,inspExpMarker,,,0,,,
2026-04-22T11:44:41.264000,SBX_ANAES_WAVE,respGas,,,0,,,
2026-04-22T11:44:41.264000,SBX_ANAES_WAVE,respGas,,,0,,,
2026-04-22T11:44:41.264000,SBX_ANAES_WAVE,flow,,,10,-0.365,-0.065,-0.2076
2026-04-22T11:44:41.264000,SBX_ANAES_WAVE,volume,,,10,54.0,55.0,54.3
2026-04-22T11:44:41.264000,SBX_ANAES_WAVE,pressure,,,10,6.27,6.36,6.318
2026-04-22T11:44:41.264000,SBX_ANAES_WAVE,inspExpMarker,,,0,,,
2026-04-22T11:44:41.606000,SBX_ANAES_WAVE,respGas,,,0,,,
2026-04-22T11:44:41.606000,SBX_ANAES_WAVE,respGas,,,0,,,
2026-04-22T11:44:41.606000,SBX_ANAES_WAVE,flow,,,10,-0.021,0.051,0.0074
2026-04-22T11:44:41.606000,SBX_ANAES_WAVE,volume,,,10,54.0,54.0,54.0
2026-04-22T11:44:41.606000,SBX_ANAES_WAVE,pressure,,,10,6.18,6.25,6.214
2026-04-22T11:44:41.606000,SBX_ANAES_WAVE,inspExpMarker,,,0,,,
2026-04-22T11:44:42.014000,SBX_ANAES_WAVE,respGas,,,0,,,
2026-04-22T11:44:42.014000,SBX_ANAES_WAVE,respGas,,,0,,,
2026-04-22T11:44:42.014000,SBX_ANAES_WAVE,flow,,,10,0.086,0.238,0.162
2026-04-22T11:44:42.014000,SBX_ANAES_WAVE,volume,,,10,54.0,55.0,54.2
2026-04-22T11:44:42.014000,SBX_ANAES_WAVE,pressure,,,10,6.08,6.18,6.122
2026-04-22T11:44:42.014000,SBX_ANAES_WAVE,inspExpMarker,,,0,,,
2026-04-22T11:44:42.407000,SBX_ANAES_WAVE,respGas,,,0,,,
2026-04-22T11:44:42.407000,SBX_ANAES_WAVE,respGas,,,0,,,
2026-04-22T11:44:42.407000,SBX_ANAES_WAVE,flow,,,10,0.266,0.338,0.2944
2026-04-22T11:44:42.407000,SBX_ANAES_WAVE,volume,,,10,55.0,57.0,55.7
2026-04-22T11:44:42.407000,SBX_ANAES_WAVE,pressure,,,10,6.04,6.08,6.069
2026-04-22T11:44:42.407000,SBX_ANAES_WAVE,inspExpMarker,,,0,,,
2026-04-22T11:44:42.820000,SBX_ANAES_WAVE,respGas,,,0,,,
2026-04-22T11:44:42.820000,SBX_ANAES_WAVE,respGas,,,0,,,
2026-04-22T11:44:42.820000,SBX_ANAES_WAVE,flow,,,10,0.333,32.534,10.7635
2026-04-22T11:44:42.820000,SBX_ANAES_WAVE,volume,,,10,4.0,61.0,41.8
2026-04-22T11:44:42.820000,SBX_ANAES_WAVE,pressure,,,10,6.07,9.29,6.889
2026-04-22T11:44:42.820000,SBX_ANAES_WAVE,inspExpMarker,,,0,,,
2026-04-22T11:44:43.277000,SBX_ANAES_WAVE,respGas,,,0,,,
2026-04-22T11:44:43.277000,SBX_ANAES_WAVE,respGas,,,0,,,
2026-04-22T11:44:43.277000,SBX_ANAES_WAVE,flow,,,10,31.659,33.093,32.1293
2026-04-22T11:44:43.277000,SBX_ANAES_WAVE,volume,,,10,83.0,275.0,179.3
2026-04-22T11:44:43.277000,SBX_ANAES_WAVE,pressure,,,10,10.21,17.8,14.092
2026-04-22T11:44:43.277000,SBX_ANAES_WAVE,inspExpMarker,,,0,,,
2026-04-22T11:44:43.606000,SBX_ANAES_WAVE,respGas,,,0,,,
2026-04-22T11:44:43.606000,SBX_ANAES_WAVE,respGas,,,0,,,
2026-04-22T11:44:43.606000,SBX_ANAES_WAVE,flow,,,10,31.502,32.161,31.8498
2026-04-22T11:44:43.606000,SBX_ANAES_WAVE,volume,,,10,296.0,488.0,391.9
2026-04-22T11:44:43.606000,SBX_ANAES_WAVE,pressure,,,10,18.59,24.91,21.836
2026-04-22T11:44:43.606000,SBX_ANAES_WAVE,inspExpMarker,,,0,,,
2026-04-22T11:44:44.014000,SBX_ANAES_WAVE,respGas,,,0,,,
2026-04-22T11:44:44.014000,SBX_ANAES_WAVE,respGas,,,0,,,
2026-04-22T11:44:44.014000,SBX_ANAES_WAVE,flow,,,10,-69.538,32.033,2.6099
2026-04-22T11:44:44.014000,SBX_ANAES_WAVE,volume,,,10,509.0,607.0,568.0
2026-04-22T11:44:44.014000,SBX_ANAES_WAVE,pressure,,,10,22.76,27.25,26.157
2026-04-22T11:44:44.014000,SBX_ANAES_WAVE,inspExpMarker,,,0,,,
2026-04-22T11:44:44.406000,SBX_ANAES_WAVE,respGas,,,0,,,
2026-04-22T11:44:44.406000,SBX_ANAES_WAVE,respGas,,,0,,,
2026-04-22T11:44:44.406000,SBX_ANAES_WAVE,flow,,,10,-84.275,-21.582,-59.9098
2026-04-22T11:44:44.406000,SBX_ANAES_WAVE,volume,,,10,121.0,486.0,271.0
2026-04-22T11:44:44.406000,SBX_ANAES_WAVE,pressure,,,10,8.47,20.57,13.176
2026-04-22T11:44:44.406000,SBX_ANAES_WAVE,inspExpMarker,,,0,,,
2026-04-22T11:44:44.806000,SBX_ANAES_WAVE,respGas,,,0,,,
2026-04-22T11:44:44.806000,SBX_ANAES_WAVE,respGas,,,0,,,
2026-04-22T11:44:44.806000,SBX_ANAES_WAVE,flow,,,10,-16.686,-1.931,-5.7514
2026-04-22T11:44:44.806000,SBX_ANAES_WAVE,volume,,,10,77.0,109.0,87.3
2026-04-22T11:44:44.806000,SBX_ANAES_WAVE,pressure,,,10,7.25,8.1,7.532
2026-04-22T11:44:44.806000,SBX_ANAES_WAVE,inspExpMarker,,,0,,,
2026-04-22T11:44:45.261000,SBX_ANAES_WAVE,respGas,,,0,,,
2026-04-22T11:44:45.261000,SBX_ANAES_WAVE,respGas,,,0,,,
2026-04-22T11:44:45.261000,SBX_ANAES_WAVE,flow,,,10,-2.162,-1.456,-1.9104
2026-04-22T11:44:45.261000,SBX_ANAES_WAVE,volume,,,10,64.0,76.0,69.9
2026-04-22T11:44:45.261000,SBX_ANAES_WAVE,pressure,,,10,6.76,7.2,6.967
2026-04-22T11:44:45.261000,SBX_ANAES_WAVE,inspExpMarker,,,0,,,
2026-04-22T11:44:45.632000,SBX_ANAES_WAVE,respGas,,,0,,,
2026-04-22T11:44:45.632000,SBX_ANAES_WAVE,respGas,,,0,,,
2026-04-22T11:44:45.632000,SBX_ANAES_WAVE,flow,,,10,-1.303,-0.666,-0.9574
2026-04-22T11:44:45.632000,SBX_ANAES_WAVE,volume,,,10,58.0,64.0,60.5
2026-04-22T11:44:45.632000,SBX_ANAES_WAVE,pressure,,,10,6.41,6.7,6.541
2026-04-22T11:44:45.632000,SBX_ANAES_WAVE,inspExpMarker,,,0,,,
2026-04-22T11:44:46.006000,SBX_ANAES_WAVE,respGas,,,0,,,
2026-04-22T11:44:46.006000,SBX_ANAES_WAVE,respGas,,,0,,,
2026-04-22T11:44:46.006000,SBX_ANAES_WAVE,flow,,,10,-0.622,-0.223,-0.3907
2026-04-22T11:44:46.006000,SBX_ANAES_WAVE,volume,,,10,55.0,57.0,56.0
2026-04-22T11:44:46.006000,SBX_ANAES_WAVE,pressure,,,10,6.31,6.41,6.344
2026-04-22T11:44:46.006000,SBX_ANAES_WAVE,inspExpMarker,,,0,,,
2026-04-22T11:44:46.406000,SBX_ANAES_WAVE,respGas,,,0,,,
2026-04-22T11:44:46.406000,SBX_ANAES_WAVE,respGas,,,0,,,
2026-04-22T11:44:46.406000,SBX_ANAES_WAVE,flow,,,10,-0.267,0.0,-0.1379
2026-04-22T11:44:46.406000,SBX_ANAES_WAVE,volume,,,10,54.0,55.0,54.3
2026-04-22T11:44:46.406000,SBX_ANAES_WAVE,pressure,,,10,6.22,6.28,6.239
2026-04-22T11:44:46.406000,SBX_ANAES_WAVE,inspExpMarker,,,0,,,
2026-04-22T11:44:46.806000,SBX_ANAES_WAVE,respGas,,,0,,,
2026-04-22T11:44:46.806000,SBX_ANAES_WAVE,respGas,,,0,,,
2026-04-22T11:44:46.806000,SBX_ANAES_WAVE,flow,,,10,0.0,0.166,0.0636
2026-04-22T11:44:46.806000,SBX_ANAES_WAVE,volume,,,10,54.0,54.0,54.0
2026-04-22T11:44:46.806000,SBX_ANAES_WAVE,pressure,,,10,6.07,6.22,6.119
2026-04-22T11:44:46.806000,SBX_ANAES_WAVE,inspExpMarker,,,0,,,
2026-04-22T11:44:47.254000,SBX_ANAES_WAVE,respGas,,,0,,,
2026-04-22T11:44:47.254000,SBX_ANAES_WAVE,respGas,,,0,,,
2026-04-22T11:44:47.254000,SBX_ANAES_WAVE,flow,,,10,0.143,0.271,0.2111
2026-04-22T11:44:47.254000,SBX_ANAES_WAVE,volume,,,10,55.0,56.0,55.2
2026-04-22T11:44:47.254000,SBX_ANAES_WAVE,pressure,,,10,5.99,6.05,6.023
2026-04-22T11:44:47.254000,SBX_ANAES_WAVE,inspExpMarker,,,0,,,
2026-04-22T11:44:47.607000,SBX_ANAES_WAVE,respGas,,,0,,,
2026-04-22T11:44:47.607000,SBX_ANAES_WAVE,respGas,,,0,,,
2026-04-22T11:44:47.607000,SBX_ANAES_WAVE,flow,,,10,0.288,0.372,0.3183
2026-04-22T11:44:47.607000,SBX_ANAES_WAVE,volume,,,10,50.0,58.0,56.1
2026-04-22T11:44:47.607000,SBX_ANAES_WAVE,pressure,,,10,5.99,5.99,5.99
2026-04-22T11:44:47.607000,SBX_ANAES_WAVE,inspExpMarker,,,0,,,
2026-04-22T11:44:48.006000,SBX_ANAES_WAVE,respGas,,,0,,,
2026-04-22T11:44:48.006000,SBX_ANAES_WAVE,respGas,,,0,,,
2026-04-22T11:44:48.006000,SBX_ANAES_WAVE,flow,,,10,1.112,32.496,26.5551
2026-04-22T11:44:48.006000,SBX_ANAES_WAVE,volume,,,10,4.0,168.0,76.4
2026-04-22T11:44:48.006000,SBX_ANAES_WAVE,pressure,,,10,6.12,13.68,9.772
2026-04-22T11:44:48.006000,SBX_ANAES_WAVE,inspExpMarker,,,0,,,
2026-04-22T11:44:48.416000,SBX_ANAES_WAVE,respGas,,,0,,,
2026-04-22T11:44:48.416000,SBX_ANAES_WAVE,respGas,,,0,,,
2026-04-22T11:44:48.416000,SBX_ANAES_WAVE,flow,,,10,30.834,31.805,31.3664
2026-04-22T11:44:48.416000,SBX_ANAES_WAVE,volume,,,10,189.0,377.0,282.4
2026-04-22T11:44:48.416000,SBX_ANAES_WAVE,pressure,,,10,14.51,21.46,18.072
2026-04-22T11:44:48.416000,SBX_ANAES_WAVE,inspExpMarker,,,0,,,
2026-04-22T11:44:48.825000,SBX_ANAES_WAVE,respGas,,,0,,,
2026-04-22T11:44:48.825000,SBX_ANAES_WAVE,respGas,,,0,,,
2026-04-22T11:44:48.825000,SBX_ANAES_WAVE,flow,,,10,24.554,31.96,30.7608
2026-04-22T11:44:48.825000,SBX_ANAES_WAVE,volume,,,10,398.0,584.0,491.9
2026-04-22T11:44:48.825000,SBX_ANAES_WAVE,pressure,,,10,22.15,27.17,24.99
2026-04-22T11:44:48.825000,SBX_ANAES_WAVE,inspExpMarker,,,0,,,
2026-04-22T11:44:49.294000,SBX_ANAES_WAVE,respGas,,,0,,,
2026-04-22T11:44:49.294000,SBX_ANAES_WAVE,respGas,,,0,,,
2026-04-22T11:44:49.294000,SBX_ANAES_WAVE,flow,,,10,-84.413,10.589,-52.2564
2026-04-22T11:44:49.294000,SBX_ANAES_WAVE,volume,,,10,264.0,599.0,473.4
2026-04-22T11:44:49.294000,SBX_ANAES_WAVE,pressure,,,10,12.86,27.14,21.068
2026-04-22T11:44:49.294000,SBX_ANAES_WAVE,inspExpMarker,,,0,,,
2026-04-22T11:44:49.639000,SBX_ANAES_WAVE,respGas,,,0,,,
2026-04-22T11:44:49.639000,SBX_ANAES_WAVE,respGas,,,0,,,
2026-04-22T11:44:49.639000,SBX_ANAES_WAVE,flow,,,10,-63.219,-3.447,-24.5232
2026-04-22T11:44:49.639000,SBX_ANAES_WAVE,volume,,,10,80.0,219.0,124.7
2026-04-22T11:44:49.639000,SBX_ANAES_WAVE,pressure,,,10,7.45,11.36,8.697
2026-04-22T11:44:49.639000,SBX_ANAES_WAVE,inspExpMarker,,,0,,,
2026-04-22T11:44:50.006000,SBX_ANAES_WAVE,respGas,,,0,,,
2026-04-22T11:44:50.006000,SBX_ANAES_WAVE,respGas,,,0,,,
2026-04-22T11:44:50.006000,SBX_ANAES_WAVE,flow,,,10,-2.486,-1.835,-2.0726
2026-04-22T11:44:50.006000,SBX_ANAES_WAVE,volume,,,10,66.0,78.0,72.3
2026-04-22T11:44:50.006000,SBX_ANAES_WAVE,pressure,,,10,6.99,7.41,7.221
2026-04-22T11:44:50.006000,SBX_ANAES_WAVE,inspExpMarker,,,0,,,
2026-04-22T11:44:50.412000,SBX_ANAES_WAVE,respGas,,,0,,,
2026-04-22T11:44:50.412000,SBX_ANAES_WAVE,respGas,,,0,,,
2026-04-22T11:44:50.412000,SBX_ANAES_WAVE,flow,,,10,-1.993,-0.936,-1.4303
2026-04-22T11:44:50.412000,SBX_ANAES_WAVE,volume,,,10,56.0,65.0,60.0
2026-04-22T11:44:50.412000,SBX_ANAES_WAVE,pressure,,,10,6.55,6.92,6.735
2026-04-22T11:44:50.412000,SBX_ANAES_WAVE,inspExpMarker,,,0,,,
2026-04-22T11:44:50.820000,SBX_ANAES_WAVE,respGas,,,0,,,
2026-04-22T11:44:50.820000,SBX_ANAES_WAVE,respGas,,,0,,,
2026-04-22T11:44:50.820000,SBX_ANAES_WAVE,flow,,,10,-0.865,-0.428,-0.6293
2026-04-22T11:44:50.820000,SBX_ANAES_WAVE,volume,,,10,52.0,56.0,53.7
2026-04-22T11:44:50.820000,SBX_ANAES_WAVE,pressure,,,10,6.38,6.54,6.44
2026-04-22T11:44:50.820000,SBX_ANAES_WAVE,inspExpMarker,,,0,,,
2026-04-22T11:44:51.387000,SBX_ANAES_WAVE,respGas,,,0,,,
2026-04-22T11:44:51.387000,SBX_ANAES_WAVE,respGas,,,0,,,
2026-04-22T11:44:51.387000,SBX_ANAES_WAVE,flow,,,10,-0.387,-0.028,-0.1933
2026-04-22T11:44:51.387000,SBX_ANAES_WAVE,volume,,,10,50.0,52.0,51.0
2026-04-22T11:44:51.387000,SBX_ANAES_WAVE,pressure,,,10,6.22,6.36,6.301
2026-04-22T11:44:51.387000,SBX_ANAES_WAVE,inspExpMarker,,,0,,,
2026-04-22T11:44:51.659000,SBX_ANAES_WAVE,respGas,,,0,,,
2026-04-22T11:44:51.659000,SBX_ANAES_WAVE,respGas,,,0,,,
2026-04-22T11:44:51.659000,SBX_ANAES_WAVE,flow,,,10,-0.047,0.022,-0.006
2026-04-22T11:44:51.659000,SBX_ANAES_WAVE,volume,,,10,50.0,50.0,50.0
2026-04-22T11:44:51.659000,SBX_ANAES_WAVE,pressure,,,10,6.13,6.22,6.179
2026-04-22T11:44:51.659000,SBX_ANAES_WAVE,inspExpMarker,,,0,,,
2026-04-22T11:44:52.021000,SBX_ANAES_WAVE,respGas,,,0,,,
2026-04-22T11:44:52.021000,SBX_ANAES_WAVE,respGas,,,0,,,
2026-04-22T11:44:52.021000,SBX_ANAES_WAVE,flow,,,10,0.048,0.256,0.1612
2026-04-22T11:44:52.021000,SBX_ANAES_WAVE,volume,,,10,50.0,51.0,50.8
2026-04-22T11:44:52.021000,SBX_ANAES_WAVE,pressure,,,10,6.04,6.11,6.073
2026-04-22T11:44:52.021000,SBX_ANAES_WAVE,inspExpMarker,,,0,,,
2026-04-22T11:44:52.408000,SBX_ANAES_WAVE,respGas,,,0,,,
2026-04-22T11:44:52.408000,SBX_ANAES_WAVE,respGas,,,0,,,
2026-04-22T11:44:52.408000,SBX_ANAES_WAVE,flow,,,10,0.248,0.353,0.2898
2026-04-22T11:44:52.408000,SBX_ANAES_WAVE,volume,,,10,52.0,53.0,52.5
2026-04-22T11:44:52.408000,SBX_ANAES_WAVE,pressure,,,10,5.99,6.04,6.022
2026-04-22T11:44:52.408000,SBX_ANAES_WAVE,inspExpMarker,,,0,,,
2026-04-22T11:44:52.818000,SBX_ANAES_WAVE,respGas,,,0,,,
2026-04-22T11:44:52.818000,SBX_ANAES_WAVE,respGas,,,0,,,
2026-04-22T11:44:52.818000,SBX_ANAES_WAVE,flow,,,10,0.326,32.73,10.8262
2026-04-22T11:44:52.818000,SBX_ANAES_WAVE,volume,,,10,4.0,61.0,40.2
2026-04-22T11:44:52.818000,SBX_ANAES_WAVE,pressure,,,10,5.99,9.24,6.824
2026-04-22T11:44:52.818000,SBX_ANAES_WAVE,inspExpMarker,,,0,,,
2026-04-22T11:44:53.302000,SBX_ANAES_WAVE,respGas,,,0,,,
2026-04-22T11:44:53.302000,SBX_ANAES_WAVE,respGas,,,0,,,
2026-04-22T11:44:53.302000,SBX_ANAES_WAVE,flow,,,10,31.382,32.499,31.9256
2026-04-22T11:44:53.302000,SBX_ANAES_WAVE,volume,,,10,83.0,274.0,179.0
2026-04-22T11:44:53.302000,SBX_ANAES_WAVE,pressure,,,10,10.16,17.75,14.04
2026-04-22T11:44:53.302000,SBX_ANAES_WAVE,inspExpMarker,,,0,,,
2026-04-22T11:44:53.638000,SBX_ANAES_WAVE,respGas,,,0,,,
2026-04-22T11:44:53.638000,SBX_ANAES_WAVE,respGas,,,0,,,
2026-04-22T11:44:53.638000,SBX_ANAES_WAVE,flow,,,10,30.993,31.763,31.456
2026-04-22T11:44:53.638000,SBX_ANAES_WAVE,volume,,,10,295.0,484.0,389.4
2026-04-22T11:44:53.638000,SBX_ANAES_WAVE,pressure,,,10,18.55,24.84,21.779
2026-04-22T11:44:53.638000,SBX_ANAES_WAVE,inspExpMarker,,,0,,,
2026-04-22T11:44:54.017000,SBX_ANAES_WAVE,respGas,,,0,,,
2026-04-22T11:44:54.017000,SBX_ANAES_WAVE,respGas,,,0,,,
2026-04-22T11:44:54.017000,SBX_ANAES_WAVE,flow,,,10,-68.792,32.035,2.5482
2026-04-22T11:44:54.017000,SBX_ANAES_WAVE,volume,,,10,505.0,603.0,564.0
2026-04-22T11:44:54.017000,SBX_ANAES_WAVE,pressure,,,10,22.74,27.19,26.099
2026-04-22T11:44:54.017000,SBX_ANAES_WAVE,inspExpMarker,,,0,,,
2026-04-22T11:44:54.438000,SBX_ANAES_WAVE,respGas,,,0,,,
2026-04-22T11:44:54.438000,SBX_ANAES_WAVE,respGas,,,0,,,
2026-04-22T11:44:54.438000,SBX_ANAES_WAVE,flow,,,10,-82.199,-21.564,-59.329
2026-04-22T11:44:54.438000,SBX_ANAES_WAVE,volume,,,10,121.0,483.0,270.7
2026-04-22T11:44:54.438000,SBX_ANAES_WAVE,pressure,,,10,8.46,20.56,13.189
2026-04-22T11:44:54.438000,SBX_ANAES_WAVE,inspExpMarker,,,0,,,
2026-04-22T11:44:54.809000,SBX_ANAES_WAVE,respGas,,,0,,,
2026-04-22T11:44:54.809000,SBX_ANAES_WAVE,respGas,,,0,,,
2026-04-22T11:44:54.809000,SBX_ANAES_WAVE,flow,,,10,-16.858,-1.83,-5.6651
2026-04-22T11:44:54.809000,SBX_ANAES_WAVE,volume,,,10,78.0,108.0,87.3
2026-04-22T11:44:54.809000,SBX_ANAES_WAVE,pressure,,,10,7.25,8.08,7.519
2026-04-22T11:44:54.809000,SBX_ANAES_WAVE,inspExpMarker,,,0,,,
2026-04-22T11:44:55.278000,SBX_ANAES_WAVE,respGas,,,0,,,
2026-04-22T11:44:55.278000,SBX_ANAES_WAVE,respGas,,,0,,,
2026-04-22T11:44:55.278000,SBX_ANAES_WAVE,flow,,,10,-2.102,-1.396,-1.8764
2026-04-22T11:44:55.278000,SBX_ANAES_WAVE,volume,,,10,65.0,76.0,70.4
2026-04-22T11:44:55.278000,SBX_ANAES_WAVE,pressure,,,10,6.78,7.21,6.976
2026-04-22T11:44:55.278000,SBX_ANAES_WAVE,inspExpMarker,,,0,,,
2026-04-22T11:44:55.631000,SBX_ANAES_WAVE,respGas,,,0,,,
2026-04-22T11:44:55.631000,SBX_ANAES_WAVE,respGas,,,0,,,
2026-04-22T11:44:55.631000,SBX_ANAES_WAVE,flow,,,10,-1.282,-0.653,-0.9412
2026-04-22T11:44:55.631000,SBX_ANAES_WAVE,volume,,,10,59.0,64.0,61.2
2026-04-22T11:44:55.631000,SBX_ANAES_WAVE,pressure,,,10,6.42,6.72,6.557
2026-04-22T11:44:55.631000,SBX_ANAES_WAVE,inspExpMarker,,,0,,,
2026-04-22T11:44:56.007000,SBX_ANAES_WAVE,respGas,,,0,,,
2026-04-22T11:44:56.007000,SBX_ANAES_WAVE,respGas,,,0,,,
2026-04-22T11:44:56.007000,SBX_ANAES_WAVE,flow,,,10,-0.591,-0.209,-0.3917
2026-04-22T11:44:56.007000,SBX_ANAES_WAVE,volume,,,10,56.0,58.0,56.8
2026-04-22T11:44:56.007000,SBX_ANAES_WAVE,pressure,,,10,6.32,6.41,6.355
2026-04-22T11:44:56.007000,SBX_ANAES_WAVE,inspExpMarker,,,0,,,
2026-04-22T11:44:56.406000,SBX_ANAES_WAVE,respGas,,,0,,,
2026-04-22T11:44:56.406000,SBX_ANAES_WAVE,respGas,,,0,,,
2026-04-22T11:44:56.406000,SBX_ANAES_WAVE,flow,,,10,-0.186,0.0,-0.0932
2026-04-22T11:44:56.406000,SBX_ANAES_WAVE,volume,,,10,55.0,56.0,55.2
2026-04-22T11:44:56.406000,SBX_ANAES_WAVE,pressure,,,10,6.22,6.32,6.27
2026-04-22T11:44:56.406000,SBX_ANAES_WAVE,inspExpMarker,,,0,,,
2026-04-22T11:44:56.805000,SBX_ANAES_WAVE,respGas,,,0,,,
2026-04-22T11:44:56.805000,SBX_ANAES_WAVE,respGas,,,0,,,
2026-04-22T11:44:56.805000,SBX_ANAES_WAVE,flow,,,10,0.0,0.157,0.0591
2026-04-22T11:44:56.805000,SBX_ANAES_WAVE,volume,,,10,55.0,55.0,55.0
2026-04-22T11:44:56.805000,SBX_ANAES_WAVE,pressure,,,10,6.08,6.2,6.135
2026-04-22T11:44:56.805000,SBX_ANAES_WAVE,inspExpMarker,,,0,,,
2026-04-22T11:44:57.261000,SBX_ANAES_WAVE,respGas,,,0,,,
2026-04-22T11:44:57.261000,SBX_ANAES_WAVE,respGas,,,0,,,
2026-04-22T11:44:57.261000,SBX_ANAES_WAVE,flow,,,10,0.206,0.288,0.2624
2026-04-22T11:44:57.261000,SBX_ANAES_WAVE,volume,,,10,56.0,57.0,56.4
2026-04-22T11:44:57.261000,SBX_ANAES_WAVE,pressure,,,10,6.04,6.08,6.058
2026-04-22T11:44:57.261000,SBX_ANAES_WAVE,inspExpMarker,,,0,,,
2026-04-22T11:44:57.606000,SBX_ANAES_WAVE,respGas,,,0,,,
2026-04-22T11:44:57.606000,SBX_ANAES_WAVE,respGas,,,0,,,
2026-04-22T11:44:57.606000,SBX_ANAES_WAVE,flow,,,10,0.279,0.325,0.3021
2026-04-22T11:44:57.606000,SBX_ANAES_WAVE,volume,,,10,51.0,59.0,57.5
2026-04-22T11:44:57.606000,SBX_ANAES_WAVE,pressure,,,10,5.99,6.04,6.004
2026-04-22T11:44:57.606000,SBX_ANAES_WAVE,inspExpMarker,,,0,,,
2026-04-22T11:44:58.006000,SBX_ANAES_WAVE,respGas,,,0,,,
2026-04-22T11:44:58.006000,SBX_ANAES_WAVE,respGas,,,0,,,
2026-04-22T11:44:58.006000,SBX_ANAES_WAVE,flow,,,10,1.066,32.479,26.6545
2026-04-22T11:44:58.006000,SBX_ANAES_WAVE,volume,,,10,4.0,168.0,76.6
2026-04-22T11:44:58.006000,SBX_ANAES_WAVE,pressure,,,10,6.13,13.71,9.797
2026-04-22T11:44:58.006000,SBX_ANAES_WAVE,inspExpMarker,,,0,,,
2026-04-22T11:44:58.406000,SBX_ANAES_WAVE,respGas,,,0,,,
2026-04-22T11:44:58.406000,SBX_ANAES_WAVE,respGas,,,0,,,
2026-04-22T11:44:58.406000,SBX_ANAES_WAVE,flow,,,10,30.947,32.11,31.3848
2026-04-22T11:44:58.406000,SBX_ANAES_WAVE,volume,,,10,189.0,377.0,283.8
2026-04-22T11:44:58.406000,SBX_ANAES_WAVE,pressure,,,10,14.53,21.47,18.096
2026-04-22T11:44:58.406000,SBX_ANAES_WAVE,inspExpMarker,,,0,,,
2026-04-22T11:44:58.868000,SBX_ANAES_WAVE,respGas,,,0,,,
2026-04-22T11:44:58.868000,SBX_ANAES_WAVE,respGas,,,0,,,
2026-04-22T11:44:58.868000,SBX_ANAES_WAVE,flow,,,10,24.733,31.967,30.9589
2026-04-22T11:44:58.868000,SBX_ANAES_WAVE,volume,,,10,398.0,586.0,493.2
2026-04-22T11:44:58.868000,SBX_ANAES_WAVE,pressure,,,10,22.17,27.19,25.015
2026-04-22T11:44:58.868000,SBX_ANAES_WAVE,inspExpMarker,,,0,,,
2026-04-22T11:44:59.254000,SBX_ANAES_WAVE,respGas,,,0,,,
2026-04-22T11:44:59.254000,SBX_ANAES_WAVE,respGas,,,0,,,
2026-04-22T11:44:59.254000,SBX_ANAES_WAVE,flow,,,10,-83.617,10.794,-51.8971
2026-04-22T11:44:59.254000,SBX_ANAES_WAVE,volume,,,10,268.0,601.0,476.1
2026-04-22T11:44:59.254000,SBX_ANAES_WAVE,pressure,,,10,12.95,27.14,21.115
2026-04-22T11:44:59.254000,SBX_ANAES_WAVE,inspExpMarker,,,0,,,
2026-04-22T11:44:59.605000,SBX_ANAES_WAVE,respGas,,,0,,,
2026-04-22T11:44:59.605000,SBX_ANAES_WAVE,respGas,,,0,,,
2026-04-22T11:44:59.605000,SBX_ANAES_WAVE,flow,,,10,-63.632,-3.573,-24.7527
2026-04-22T11:44:59.605000,SBX_ANAES_WAVE,volume,,,10,83.0,223.0,128.0
2026-04-22T11:44:59.605000,SBX_ANAES_WAVE,pressure,,,10,7.45,11.44,8.723
2026-04-22T11:44:59.605000,SBX_ANAES_WAVE,inspExpMarker,,,0,,,
2026-04-22T11:45:00.005000,SBX_ANAES_WAVE,respGas,,,0,,,
2026-04-22T11:45:00.005000,SBX_ANAES_WAVE,respGas,,,0,,,
2026-04-22T11:45:00.005000,SBX_ANAES_WAVE,flow,,,10,-2.615,-1.815,-2.0427
2026-04-22T11:45:00.005000,SBX_ANAES_WAVE,volume,,,10,69.0,81.0,75.2
2026-04-22T11:45:00.005000,SBX_ANAES_WAVE,pressure,,,10,7.0,7.41,7.233
2026-04-22T11:45:00.005000,SBX_ANAES_WAVE,inspExpMarker,,,0,,,
2026-04-22T11:45:00.406000,SBX_ANAES_WAVE,respGas,,,0,,,
2026-04-22T11:45:00.406000,SBX_ANAES_WAVE,respGas,,,0,,,
2026-04-22T11:45:00.406000,SBX_ANAES_WAVE,flow,,,10,-1.926,-0.972,-1.3861
2026-04-22T11:45:00.406000,SBX_ANAES_WAVE,volume,,,10,60.0,68.0,63.4
2026-04-22T11:45:00.406000,SBX_ANAES_WAVE,pressure,,,10,6.57,6.94,6.754
2026-04-22T11:45:00.406000,SBX_ANAES_WAVE,inspExpMarker,,,0,,,
2026-04-22T11:45:00.806000,SBX_ANAES_WAVE,respGas,,,0,,,
2026-04-22T11:45:00.806000,SBX_ANAES_WAVE,respGas,,,0,,,
2026-04-22T11:45:00.806000,SBX_ANAES_WAVE,flow,,,10,-0.902,-0.414,-0.6446
2026-04-22T11:45:00.806000,SBX_ANAES_WAVE,volume,,,10,55.0,59.0,56.9
2026-04-22T11:45:00.806000,SBX_ANAES_WAVE,pressure,,,10,6.36,6.55,6.444
2026-04-22T11:45:00.806000,SBX_ANAES_WAVE,inspExpMarker,,,0,,,
2026-04-22T11:45:01.260000,SBX_ANAES_WAVE,respGas,,,0,,,
2026-04-22T11:45:01.260000,SBX_ANAES_WAVE,respGas,,,0,,,
2026-04-22T11:45:01.260000,SBX_ANAES_WAVE,flow,,,10,-0.36,-0.213,-0.2725
2026-04-22T11:45:01.260000,SBX_ANAES_WAVE,volume,,,10,53.0,55.0,54.1
2026-04-22T11:45:01.260000,SBX_ANAES_WAVE,pressure,,,10,6.26,6.35,6.308
2026-04-22T11:45:01.260000,SBX_ANAES_WAVE,inspExpMarker,,,0,,,
2026-04-22T11:45:01.605000,SBX_ANAES_WAVE,respGas,,,0,,,
2026-04-22T11:45:01.605000,SBX_ANAES_WAVE,respGas,,,0,,,
2026-04-22T11:45:01.605000,SBX_ANAES_WAVE,flow,,,10,-0.19,0.044,-0.0322
2026-04-22T11:45:01.605000,SBX_ANAES_WAVE,volume,,,10,53.0,53.0,53.0
2026-04-22T11:45:01.605000,SBX_ANAES_WAVE,pressure,,,10,6.15,6.24,6.203
2026-04-22T11:45:01.605000,SBX_ANAES_WAVE,inspExpMarker,,,0,,,
2026-04-22T11:45:02.006000,SBX_ANAES_WAVE,respGas,,,0,,,
2026-04-22T11:45:02.006000,SBX_ANAES_WAVE,respGas,,,0,,,
2026-04-22T11:45:02.006000,SBX_ANAES_WAVE,flow,,,10,0.087,0.263,0.1736
2026-04-22T11:45:02.006000,SBX_ANAES_WAVE,volume,,,10,53.0,54.0,53.5
2026-04-22T11:45:02.006000,SBX_ANAES_WAVE,pressure,,,10,6.07,6.13,6.095
2026-04-22T11:45:02.006000,SBX_ANAES_WAVE,inspExpMarker,,,0,,,
2026-04-22T11:45:02.405000,SBX_ANAES_WAVE,respGas,,,0,,,
2026-04-22T11:45:02.405000,SBX_ANAES_WAVE,respGas,,,0,,,
2026-04-22T11:45:02.405000,SBX_ANAES_WAVE,flow,,,10,0.243,0.316,0.2926
2026-04-22T11:45:02.405000,SBX_ANAES_WAVE,volume,,,10,54.0,56.0,55.1
2026-04-22T11:45:02.405000,SBX_ANAES_WAVE,pressure,,,10,6.04,6.05,6.041
2026-04-22T11:45:02.405000,SBX_ANAES_WAVE,inspExpMarker,,,0,,,
2026-04-22T11:45:02.806000,SBX_ANAES_WAVE,respGas,,,0,,,
2026-04-22T11:45:02.806000,SBX_ANAES_WAVE,respGas,,,0,,,
2026-04-22T11:45:02.806000,SBX_ANAES_WAVE,flow,,,10,0.299,32.962,10.8072
2026-04-22T11:45:02.806000,SBX_ANAES_WAVE,volume,,,10,4.0,61.0,41.5
2026-04-22T11:45:02.806000,SBX_ANAES_WAVE,pressure,,,10,6.01,9.27,6.85
2026-04-22T11:45:02.806000,SBX_ANAES_WAVE,inspExpMarker,,,0,,,
2026-04-22T11:45:03.271000,SBX_ANAES_WAVE,respGas,,,0,,,
2026-04-22T11:45:03.271000,SBX_ANAES_WAVE,respGas,,,0,,,
2026-04-22T11:45:03.271000,SBX_ANAES_WAVE,flow,,,10,31.084,32.193,31.6128
2026-04-22T11:45:03.271000,SBX_ANAES_WAVE,volume,,,10,83.0,272.0,177.9
2026-04-22T11:45:03.271000,SBX_ANAES_WAVE,pressure,,,10,10.17,17.76,14.056
2026-04-22T11:45:03.271000,SBX_ANAES_WAVE,inspExpMarker,,,0,,,
2026-04-22T11:45:03.605000,SBX_ANAES_WAVE,respGas,,,0,,,
2026-04-22T11:45:03.605000,SBX_ANAES_WAVE,respGas,,,0,,,
2026-04-22T11:45:03.605000,SBX_ANAES_WAVE,flow,,,10,31.43,32.259,31.7276
2026-04-22T11:45:03.605000,SBX_ANAES_WAVE,volume,,,10,293.0,484.0,388.1
2026-04-22T11:45:03.605000,SBX_ANAES_WAVE,pressure,,,10,18.56,24.84,21.785
2026-04-22T11:45:03.605000,SBX_ANAES_WAVE,inspExpMarker,,,0,,,
2026-04-22T11:45:04.006000,SBX_ANAES_WAVE,respGas,,,0,,,
2026-04-22T11:45:04.006000,SBX_ANAES_WAVE,respGas,,,0,,,
2026-04-22T11:45:04.006000,SBX_ANAES_WAVE,flow,,,10,-70.256,31.922,2.3059
2026-04-22T11:45:04.006000,SBX_ANAES_WAVE,volume,,,10,505.0,602.0,563.1
2026-04-22T11:45:04.006000,SBX_ANAES_WAVE,pressure,,,10,22.74,27.2,26.107
2026-04-22T11:45:04.006000,SBX_ANAES_WAVE,inspExpMarker,,,0,,,
2026-04-22T11:45:04.418000,SBX_ANAES_WAVE,respGas,,,0,,,
2026-04-22T11:45:04.418000,SBX_ANAES_WAVE,respGas,,,0,,,
2026-04-22T11:45:04.418000,SBX_ANAES_WAVE,flow,,,10,-83.218,-21.724,-59.6296
2026-04-22T11:45:04.418000,SBX_ANAES_WAVE,volume,,,10,117.0,480.0,266.8
2026-04-22T11:45:04.418000,SBX_ANAES_WAVE,pressure,,,10,8.46,20.56,13.174
2026-04-22T11:45:04.418000,SBX_ANAES_WAVE,inspExpMarker,,,0,,,
2026-04-22T11:45:04.805000,SBX_ANAES_WAVE,respGas,,,0,,,
2026-04-22T11:45:04.805000,SBX_ANAES_WAVE,respGas,,,0,,,
2026-04-22T11:45:04.805000,SBX_ANAES_WAVE,flow,,,10,-16.863,-1.882,-5.7355
2026-04-22T11:45:04.805000,SBX_ANAES_WAVE,volume,,,10,73.0,104.0,83.2
2026-04-22T11:45:04.805000,SBX_ANAES_WAVE,pressure,,,10,7.25,8.09,7.525
2026-04-22T11:45:04.805000,SBX_ANAES_WAVE,inspExpMarker,,,0,,,
2026-04-22T11:45:05.255000,SBX_ANAES_WAVE,respGas,,,0,,,
2026-04-22T11:45:05.255000,SBX_ANAES_WAVE,respGas,,,0,,,
2026-04-22T11:45:05.255000,SBX_ANAES_WAVE,flow,,,10,-2.109,-1.397,-1.8741
2026-04-22T11:45:05.255000,SBX_ANAES_WAVE,volume,,,10,61.0,72.0,66.1
2026-04-22T11:45:05.255000,SBX_ANAES_WAVE,pressure,,,10,6.77,7.2,6.969
2026-04-22T11:45:05.255000,SBX_ANAES_WAVE,inspExpMarker,,,0,,,
2026-04-22T11:45:05.605000,SBX_ANAES_WAVE,respGas,,,0,,,
2026-04-22T11:45:05.605000,SBX_ANAES_WAVE,respGas,,,0,,,
2026-04-22T11:45:05.605000,SBX_ANAES_WAVE,flow,,,10,-1.266,-0.675,-0.9431
2026-04-22T11:45:05.605000,SBX_ANAES_WAVE,volume,,,10,54.0,60.0,56.8
2026-04-22T11:45:05.605000,SBX_ANAES_WAVE,pressure,,,10,6.41,6.71,6.55
2026-04-22T11:45:05.605000,SBX_ANAES_WAVE,inspExpMarker,,,0,,,
2026-04-22T11:45:06.006000,SBX_ANAES_WAVE,respGas,,,0,,,
2026-04-22T11:45:06.006000,SBX_ANAES_WAVE,respGas,,,0,,,
2026-04-22T11:45:06.006000,SBX_ANAES_WAVE,flow,,,10,-0.654,-0.264,-0.4239
2026-04-22T11:45:06.006000,SBX_ANAES_WAVE,volume,,,10,51.0,54.0,52.3
2026-04-22T11:45:06.006000,SBX_ANAES_WAVE,pressure,,,10,6.32,6.41,6.351
2026-04-22T11:45:06.006000,SBX_ANAES_WAVE,inspExpMarker,,,0,,,
2026-04-22T11:45:06.405000,SBX_ANAES_WAVE,respGas,,,0,,,
2026-04-22T11:45:06.405000,SBX_ANAES_WAVE,respGas,,,0,,,
2026-04-22T11:45:06.405000,SBX_ANAES_WAVE,flow,,,10,-0.17,0.0,-0.0721
2026-04-22T11:45:06.405000,SBX_ANAES_WAVE,volume,,,10,51.0,51.0,51.0
2026-04-22T11:45:06.405000,SBX_ANAES_WAVE,pressure,,,10,6.19,6.29,6.236
2026-04-22T11:45:06.405000,SBX_ANAES_WAVE,inspExpMarker,,,0,,,
2026-04-22T11:45:06.805000,SBX_ANAES_WAVE,respGas,,,0,,,
2026-04-22T11:45:06.805000,SBX_ANAES_WAVE,respGas,,,0,,,
2026-04-22T11:45:06.805000,SBX_ANAES_WAVE,flow,,,10,0.0,0.155,0.0556
2026-04-22T11:45:06.805000,SBX_ANAES_WAVE,volume,,,10,51.0,51.0,51.0
2026-04-22T11:45:06.805000,SBX_ANAES_WAVE,pressure,,,10,6.13,6.18,6.145
2026-04-22T11:45:06.805000,SBX_ANAES_WAVE,inspExpMarker,,,0,,,
2026-04-22T11:45:07.249000,SBX_ANAES_WAVE,respGas,,,0,,,
2026-04-22T11:45:07.249000,SBX_ANAES_WAVE,respGas,,,0,,,
2026-04-22T11:45:07.249000,SBX_ANAES_WAVE,flow,,,10,0.165,0.286,0.2277
2026-04-22T11:45:07.249000,SBX_ANAES_WAVE,volume,,,10,51.0,52.0,51.6
2026-04-22T11:45:07.249000,SBX_ANAES_WAVE,pressure,,,10,6.04,6.12,6.066
2026-04-22T11:45:07.249000,SBX_ANAES_WAVE,inspExpMarker,,,0,,,
2026-04-22T11:45:07.605000,SBX_ANAES_WAVE,respGas,,,0,,,
2026-04-22T11:45:07.605000,SBX_ANAES_WAVE,respGas,,,0,,,
2026-04-22T11:45:07.605000,SBX_ANAES_WAVE,flow,,,10,0.301,0.362,0.336
2026-04-22T11:45:07.605000,SBX_ANAES_WAVE,volume,,,10,47.0,54.0,52.9
2026-04-22T11:45:07.605000,SBX_ANAES_WAVE,pressure,,,10,5.99,6.04,6.013
2026-04-22T11:45:07.605000,SBX_ANAES_WAVE,inspExpMarker,,,0,,,
2026-04-22T11:45:08.005000,SBX_ANAES_WAVE,respGas,,,0,,,
2026-04-22T11:45:08.005000,SBX_ANAES_WAVE,respGas,,,0,,,
2026-04-22T11:45:08.005000,SBX_ANAES_WAVE,flow,,,10,1.036,32.821,26.6462
2026-04-22T11:45:08.005000,SBX_ANAES_WAVE,volume,,,10,4.0,168.0,76.7
2026-04-22T11:45:08.005000,SBX_ANAES_WAVE,pressure,,,10,6.13,13.69,9.789
2026-04-22T11:45:08.005000,SBX_ANAES_WAVE,inspExpMarker,,,0,,,
2026-04-22T11:45:08.405000,SBX_ANAES_WAVE,respGas,,,0,,,
2026-04-22T11:45:08.405000,SBX_ANAES_WAVE,respGas,,,0,,,
2026-04-22T11:45:08.405000,SBX_ANAES_WAVE,flow,,,10,30.706,31.473,31.1072
2026-04-22T11:45:08.405000,SBX_ANAES_WAVE,volume,,,10,189.0,376.0,282.5
2026-04-22T11:45:08.405000,SBX_ANAES_WAVE,pressure,,,10,14.51,21.44,18.066
2026-04-22T11:45:08.405000,SBX_ANAES_WAVE,inspExpMarker,,,0,,,
2026-04-22T11:45:08.805000,SBX_ANAES_WAVE,respGas,,,0,,,
2026-04-22T11:45:08.805000,SBX_ANAES_WAVE,respGas,,,0,,,
2026-04-22T11:45:08.805000,SBX_ANAES_WAVE,flow,,,10,24.556,31.857,30.6935
2026-04-22T11:45:08.805000,SBX_ANAES_WAVE,volume,,,10,396.0,583.0,490.0
2026-04-22T11:45:08.805000,SBX_ANAES_WAVE,pressure,,,10,22.13,27.18,24.992
2026-04-22T11:45:08.805000,SBX_ANAES_WAVE,inspExpMarker,,,0,,,
2026-04-22T11:45:09.248000,SBX_ANAES_WAVE,respGas,,,0,,,
2026-04-22T11:45:09.248000,SBX_ANAES_WAVE,respGas,,,0,,,
2026-04-22T11:45:09.248000,SBX_ANAES_WAVE,flow,,,10,-82.732,10.74,-51.8022
2026-04-22T11:45:09.248000,SBX_ANAES_WAVE,volume,,,10,265.0,598.0,472.7
2026-04-22T11:45:09.248000,SBX_ANAES_WAVE,pressure,,,10,12.93,27.13,21.099
2026-04-22T11:45:09.248000,SBX_ANAES_WAVE,inspExpMarker,,,0,,,
2026-04-22T11:45:09.614000,SBX_ANAES_WAVE,respGas,,,0,,,
2026-04-22T11:45:09.614000,SBX_ANAES_WAVE,respGas,,,0,,,
2026-04-22T11:45:09.614000,SBX_ANAES_WAVE,flow,,,10,-63.048,-3.659,-24.7174
2026-04-22T11:45:09.614000,SBX_ANAES_WAVE,volume,,,10,81.0,221.0,126.0
2026-04-22T11:45:09.614000,SBX_ANAES_WAVE,pressure,,,10,7.44,11.43,8.719
2026-04-22T11:45:09.614000,SBX_ANAES_WAVE,inspExpMarker,,,0,,,
2026-04-22T11:45:10.005000,SBX_ANAES_WAVE,respGas,,,0,,,
2026-04-22T11:45:10.005000,SBX_ANAES_WAVE,respGas,,,0,,,
2026-04-22T11:45:10.005000,SBX_ANAES_WAVE,flow,,,10,-2.669,-1.838,-2.0528
2026-04-22T11:45:10.005000,SBX_ANAES_WAVE,volume,,,10,66.0,78.0,72.4
2026-04-22T11:45:10.005000,SBX_ANAES_WAVE,pressure,,,10,7.0,7.39,7.216
2026-04-22T11:45:10.005000,SBX_ANAES_WAVE,inspExpMarker,,,0,,,
2026-04-22T11:45:10.405000,SBX_ANAES_WAVE,respGas,,,0,,,
2026-04-22T11:45:10.405000,SBX_ANAES_WAVE,respGas,,,0,,,
2026-04-22T11:45:10.405000,SBX_ANAES_WAVE,flow,,,10,-1.934,-0.994,-1.411
2026-04-22T11:45:10.405000,SBX_ANAES_WAVE,volume,,,10,57.0,65.0,60.6
2026-04-22T11:45:10.405000,SBX_ANAES_WAVE,pressure,,,10,6.55,6.93,6.739
2026-04-22T11:45:10.405000,SBX_ANAES_WAVE,inspExpMarker,,,0,,,
2026-04-22T11:45:10.819000,SBX_ANAES_WAVE,respGas,,,0,,,
2026-04-22T11:45:10.819000,SBX_ANAES_WAVE,respGas,,,0,,,
2026-04-22T11:45:10.819000,SBX_ANAES_WAVE,flow,,,10,-0.902,-0.421,-0.6626
2026-04-22T11:45:10.819000,SBX_ANAES_WAVE,volume,,,10,52.0,56.0,53.9
2026-04-22T11:45:10.819000,SBX_ANAES_WAVE,pressure,,,10,6.33,6.53,6.42
2026-04-22T11:45:10.819000,SBX_ANAES_WAVE,inspExpMarker,,,0,,,
2026-04-22T11:45:11.258000,SBX_ANAES_WAVE,respGas,,,0,,,
2026-04-22T11:45:11.258000,SBX_ANAES_WAVE,respGas,,,0,,,
2026-04-22T11:45:11.258000,SBX_ANAES_WAVE,flow,,,10,-0.379,-0.097,-0.2454
2026-04-22T11:45:11.258000,SBX_ANAES_WAVE,volume,,,10,50.0,52.0,51.0
2026-04-22T11:45:11.258000,SBX_ANAES_WAVE,pressure,,,10,6.22,6.32,6.289
2026-04-22T11:45:11.258000,SBX_ANAES_WAVE,inspExpMarker,,,0,,,
2026-04-22T11:45:11.604000,SBX_ANAES_WAVE,respGas,,,0,,,
2026-04-22T11:45:11.604000,SBX_ANAES_WAVE,respGas,,,0,,,
2026-04-22T11:45:11.604000,SBX_ANAES_WAVE,flow,,,10,-0.085,0.024,-0.0173
2026-04-22T11:45:11.604000,SBX_ANAES_WAVE,volume,,,10,50.0,50.0,50.0
2026-04-22T11:45:11.604000,SBX_ANAES_WAVE,pressure,,,10,6.13,6.22,6.188
2026-04-22T11:45:11.604000,SBX_ANAES_WAVE,inspExpMarker,,,0,,,
2026-04-22T11:45:12.004000,SBX_ANAES_WAVE,respGas,,,0,,,
2026-04-22T11:45:12.004000,SBX_ANAES_WAVE,respGas,,,0,,,
2026-04-22T11:45:12.004000,SBX_ANAES_WAVE,flow,,,10,0.065,0.26,0.1597
2026-04-22T11:45:12.004000,SBX_ANAES_WAVE,volume,,,10,50.0,51.0,50.6
2026-04-22T11:45:12.004000,SBX_ANAES_WAVE,pressure,,,10,6.04,6.12,6.073
2026-04-22T11:45:12.004000,SBX_ANAES_WAVE,inspExpMarker,,,0,,,
2026-04-22T11:45:12.405000,SBX_ANAES_WAVE,respGas,,,0,,,
2026-04-22T11:45:12.405000,SBX_ANAES_WAVE,respGas,,,0,,,
2026-04-22T11:45:12.405000,SBX_ANAES_WAVE,flow,,,10,0.25,0.346,0.2846
2026-04-22T11:45:12.405000,SBX_ANAES_WAVE,volume,,,10,51.0,53.0,52.2
2026-04-22T11:45:12.405000,SBX_ANAES_WAVE,pressure,,,10,5.99,6.04,6.028
2026-04-22T11:45:12.405000,SBX_ANAES_WAVE,inspExpMarker,,,0,,,
2026-04-22T11:45:12.805000,SBX_ANAES_WAVE,respGas,,,0,,,
2026-04-22T11:45:12.805000,SBX_ANAES_WAVE,respGas,,,0,,,
2026-04-22T11:45:12.805000,SBX_ANAES_WAVE,flow,,,10,0.338,32.609,10.7768
2026-04-22T11:45:12.805000,SBX_ANAES_WAVE,volume,,,10,4.0,61.0,40.0
2026-04-22T11:45:12.805000,SBX_ANAES_WAVE,pressure,,,10,5.99,9.24,6.823
2026-04-22T11:45:12.805000,SBX_ANAES_WAVE,inspExpMarker,,,0,,,
2026-04-22T11:45:13.255000,SBX_ANAES_WAVE,respGas,,,0,,,
2026-04-22T11:45:13.255000,SBX_ANAES_WAVE,respGas,,,0,,,
2026-04-22T11:45:13.255000,SBX_ANAES_WAVE,flow,,,10,31.314,32.2,31.6918
2026-04-22T11:45:13.255000,SBX_ANAES_WAVE,volume,,,10,82.0,273.0,178.0
2026-04-22T11:45:13.255000,SBX_ANAES_WAVE,pressure,,,10,10.15,17.73,14.034
2026-04-22T11:45:13.255000,SBX_ANAES_WAVE,inspExpMarker,,,0,,,
2026-04-22T11:45:13.605000,SBX_ANAES_WAVE,respGas,,,0,,,
2026-04-22T11:45:13.605000,SBX_ANAES_WAVE,respGas,,,0,,,
2026-04-22T11:45:13.605000,SBX_ANAES_WAVE,flow,,,10,31.185,32.022,31.5694
2026-04-22T11:45:13.605000,SBX_ANAES_WAVE,volume,,,10,293.0,483.0,388.2
2026-04-22T11:45:13.605000,SBX_ANAES_WAVE,pressure,,,10,18.52,24.82,21.754
2026-04-22T11:45:13.605000,SBX_ANAES_WAVE,inspExpMarker,,,0,,,
2026-04-22T11:45:14.005000,SBX_ANAES_WAVE,respGas,,,0,,,
2026-04-22T11:45:14.005000,SBX_ANAES_WAVE,respGas,,,0,,,
2026-04-22T11:45:14.005000,SBX_ANAES_WAVE,flow,,,10,-69.663,32.22,2.5523
2026-04-22T11:45:14.005000,SBX_ANAES_WAVE,volume,,,10,504.0,601.0,562.8
2026-04-22T11:45:14.005000,SBX_ANAES_WAVE,pressure,,,10,22.7,27.15,26.066
2026-04-22T11:45:14.005000,SBX_ANAES_WAVE,inspExpMarker,,,0,,,
2026-04-22T11:45:14.405000,SBX_ANAES_WAVE,respGas,,,0,,,
2026-04-22T11:45:14.405000,SBX_ANAES_WAVE,respGas,,,0,,,
2026-04-22T11:45:14.405000,SBX_ANAES_WAVE,flow,,,10,-83.865,-21.518,-60.0431
2026-04-22T11:45:14.405000,SBX_ANAES_WAVE,volume,,,10,115.0,481.0,265.6
2026-04-22T11:45:14.405000,SBX_ANAES_WAVE,pressure,,,10,8.43,20.5,13.121
2026-04-22T11:45:14.405000,SBX_ANAES_WAVE,inspExpMarker,,,0,,,
2026-04-22T11:45:14.805000,SBX_ANAES_WAVE,respGas,,,0,,,
2026-04-22T11:45:14.805000,SBX_ANAES_WAVE,respGas,,,0,,,
2026-04-22T11:45:14.805000,SBX_ANAES_WAVE,flow,,,10,-16.524,-1.846,-5.6137
2026-04-22T11:45:14.805000,SBX_ANAES_WAVE,volume,,,10,72.0,103.0,81.9
2026-04-22T11:45:14.805000,SBX_ANAES_WAVE,pressure,,,10,7.28,8.07,7.531
2026-04-22T11:45:14.805000,SBX_ANAES_WAVE,inspExpMarker,,,0,,,
2026-04-22T11:45:15.257000,SBX_ANAES_WAVE,respGas,,,0,,,
2026-04-22T11:45:15.257000,SBX_ANAES_WAVE,respGas,,,0,,,
2026-04-22T11:45:15.257000,SBX_ANAES_WAVE,flow,,,10,-2.092,-1.387,-1.8472
2026-04-22T11:45:15.257000,SBX_ANAES_WAVE,volume,,,10,60.0,71.0,65.1
2026-04-22T11:45:15.257000,SBX_ANAES_WAVE,pressure,,,10,6.77,7.23,6.983
2026-04-22T11:45:15.257000,SBX_ANAES_WAVE,inspExpMarker,,,0,,,
2026-04-22T11:45:15.604000,SBX_ANAES_WAVE,respGas,,,0,,,
2026-04-22T11:45:15.604000,SBX_ANAES_WAVE,respGas,,,0,,,
2026-04-22T11:45:15.604000,SBX_ANAES_WAVE,flow,,,10,-1.277,-0.677,-0.9398
2026-04-22T11:45:15.604000,SBX_ANAES_WAVE,volume,,,10,53.0,59.0,55.8
2026-04-22T11:45:15.604000,SBX_ANAES_WAVE,pressure,,,10,6.42,6.72,6.563
2026-04-22T11:45:15.604000,SBX_ANAES_WAVE,inspExpMarker,,,0,,,
2026-04-22T11:45:16.005000,SBX_ANAES_WAVE,respGas,,,0,,,
2026-04-22T11:45:16.005000,SBX_ANAES_WAVE,respGas,,,0,,,
2026-04-22T11:45:16.005000,SBX_ANAES_WAVE,flow,,,10,-0.64,-0.223,-0.4291
2026-04-22T11:45:16.005000,SBX_ANAES_WAVE,volume,,,10,50.0,53.0,51.3
2026-04-22T11:45:16.005000,SBX_ANAES_WAVE,pressure,,,10,6.32,6.41,6.353
2026-04-22T11:45:16.005000,SBX_ANAES_WAVE,inspExpMarker,,,0,,,
2026-04-22T11:45:16.404000,SBX_ANAES_WAVE,respGas,,,0,,,
2026-04-22T11:45:16.404000,SBX_ANAES_WAVE,respGas,,,0,,,
2026-04-22T11:45:16.404000,SBX_ANAES_WAVE,flow,,,10,-0.217,0.0,-0.0924
2026-04-22T11:45:16.404000,SBX_ANAES_WAVE,volume,,,10,50.0,50.0,50.0
2026-04-22T11:45:16.404000,SBX_ANAES_WAVE,pressure,,,10,6.2,6.31,6.242
2026-04-22T11:45:16.404000,SBX_ANAES_WAVE,inspExpMarker,,,0,,,
2026-04-22T11:45:16.804000,SBX_ANAES_WAVE,respGas,,,0,,,
2026-04-22T11:45:16.804000,SBX_ANAES_WAVE,respGas,,,0,,,
2026-04-22T11:45:16.804000,SBX_ANAES_WAVE,flow,,,10,0.114,0.192,0.167
2026-04-22T11:45:16.804000,SBX_ANAES_WAVE,volume,,,10,50.0,51.0,50.2
2026-04-22T11:45:16.804000,SBX_ANAES_WAVE,pressure,,,10,6.08,6.13,6.103
2026-04-22T11:45:16.804000,SBX_ANAES_WAVE,inspExpMarker,,,0,,,
2026-04-22T11:45:17.252000,SBX_ANAES_WAVE,respGas,,,0,,,
2026-04-22T11:45:17.252000,SBX_ANAES_WAVE,respGas,,,0,,,
2026-04-22T11:45:17.252000,SBX_ANAES_WAVE,flow,,,10,0.194,0.378,0.2753
2026-04-22T11:45:17.252000,SBX_ANAES_WAVE,volume,,,10,51.0,52.0,51.5
2026-04-22T11:45:17.252000,SBX_ANAES_WAVE,pressure,,,10,6.04,6.08,6.052
2026-04-22T11:45:17.252000,SBX_ANAES_WAVE,inspExpMarker,,,0,,,
2026-04-22T11:45:17.605000,SBX_ANAES_WAVE,respGas,,,0,,,
2026-04-22T11:45:17.605000,SBX_ANAES_WAVE,respGas,,,0,,,
2026-04-22T11:45:17.605000,SBX_ANAES_WAVE,flow,,,10,0.373,32.611,10.7253
2026-04-22T11:45:17.605000,SBX_ANAES_WAVE,volume,,,10,4.0,61.0,39.6
2026-04-22T11:45:17.605000,SBX_ANAES_WAVE,pressure,,,10,6.03,9.25,6.855
2026-04-22T11:45:17.605000,SBX_ANAES_WAVE,inspExpMarker,,,0,,,
2026-04-22T11:45:18.015000,SBX_ANAES_WAVE,respGas,,,0,,,
2026-04-22T11:45:18.015000,SBX_ANAES_WAVE,respGas,,,0,,,
2026-04-22T11:45:18.015000,SBX_ANAES_WAVE,flow,,,10,30.901,32.381,31.5433
2026-04-22T11:45:18.015000,SBX_ANAES_WAVE,volume,,,10,82.0,271.0,177.2
2026-04-22T11:45:18.015000,SBX_ANAES_WAVE,pressure,,,10,10.16,17.72,14.033
2026-04-22T11:45:18.015000,SBX_ANAES_WAVE,inspExpMarker,,,0,,,
2026-04-22T11:45:18.405000,SBX_ANAES_WAVE,respGas,,,0,,,
2026-04-22T11:45:18.405000,SBX_ANAES_WAVE,respGas,,,0,,,
2026-04-22T11:45:18.405000,SBX_ANAES_WAVE,flow,,,10,30.973,31.6,31.278
2026-04-22T11:45:18.405000,SBX_ANAES_WAVE,volume,,,10,292.0,480.0,385.7
2026-04-22T11:45:18.405000,SBX_ANAES_WAVE,pressure,,,10,18.51,24.8,21.745
2026-04-22T11:45:18.405000,SBX_ANAES_WAVE,inspExpMarker,,,0,,,
2026-04-22T11:45:18.804000,SBX_ANAES_WAVE,respGas,,,0,,,
2026-04-22T11:45:18.804000,SBX_ANAES_WAVE,respGas,,,0,,,
2026-04-22T11:45:18.804000,SBX_ANAES_WAVE,flow,,,10,-129.602,31.655,-12.2609
2026-04-22T11:45:18.804000,SBX_ANAES_WAVE,volume,,,10,446.0,597.0,545.9
2026-04-22T11:45:18.804000,SBX_ANAES_WAVE,pressure,,,10,16.94,27.15,25.029
2026-04-22T11:45:18.804000,SBX_ANAES_WAVE,inspExpMarker,,,0,,,
2026-04-22T11:45:19.262000,SBX_ANAES_WAVE,respGas,,,0,,,
2026-04-22T11:45:19.262000,SBX_ANAES_WAVE,respGas,,,0,,,
2026-04-22T11:45:19.262000,SBX_ANAES_WAVE,flow,,,10,-124.935,-37.016,-75.2864
2026-04-22T11:45:19.262000,SBX_ANAES_WAVE,volume,,,10,-285.0,361.0,-48.5
2026-04-22T11:45:19.262000,SBX_ANAES_WAVE,pressure,,,10,2.3,13.89,6.543
2026-04-22T11:45:19.262000,SBX_ANAES_WAVE,inspExpMarker,,,0,,,
2026-04-22T11:45:19.605000,SBX_ANAES_WAVE,respGas,,,0,,,
2026-04-22T11:45:19.605000,SBX_ANAES_WAVE,respGas,,,0,,,
2026-04-22T11:45:19.605000,SBX_ANAES_WAVE,flow,,,10,-32.866,-15.638,-22.4017
2026-04-22T11:45:19.605000,SBX_ANAES_WAVE,volume,,,10,-440.0,-308.0,-381.3
2026-04-22T11:45:19.605000,SBX_ANAES_WAVE,pressure,,,10,1.01,2.03,1.402
2026-04-22T11:45:19.605000,SBX_ANAES_WAVE,inspExpMarker,,,0,,,
2026-04-22T11:45:20.005000,SBX_ANAES_WAVE,respGas,,,0,,,
2026-04-22T11:45:20.005000,SBX_ANAES_WAVE,respGas,,,0,,,
2026-04-22T11:45:20.005000,SBX_ANAES_WAVE,flow,,,10,-14.65,-9.597,-11.8499
2026-04-22T11:45:20.005000,SBX_ANAES_WAVE,volume,,,10,-521.0,-450.0,-488.0
2026-04-22T11:45:20.005000,SBX_ANAES_WAVE,pressure,,,10,0.64,0.96,0.788
2026-04-22T11:45:20.005000,SBX_ANAES_WAVE,inspExpMarker,,,0,,,
2026-04-22T11:45:20.404000,SBX_ANAES_WAVE,respGas,,,0,,,
2026-04-22T11:45:20.404000,SBX_ANAES_WAVE,respGas,,,0,,,
2026-04-22T11:45:20.404000,SBX_ANAES_WAVE,flow,,,10,-9.152,-6.543,-7.7364
2026-04-22T11:45:20.404000,SBX_ANAES_WAVE,volume,,,10,-574.0,-527.0,-551.7
2026-04-22T11:45:20.404000,SBX_ANAES_WAVE,pressure,,,10,0.51,0.63,0.553
2026-04-22T11:45:20.404000,SBX_ANAES_WAVE,inspExpMarker,,,0,,,
2026-04-22T11:45:20.804000,SBX_ANAES_WAVE,respGas,,,0,,,
2026-04-22T11:45:20.804000,SBX_ANAES_WAVE,respGas,,,0,,,
2026-04-22T11:45:20.804000,SBX_ANAES_WAVE,flow,,,10,-6.38,-5.158,-5.7089
2026-04-22T11:45:20.804000,SBX_ANAES_WAVE,volume,,,10,-612.0,-578.0,-595.5
2026-04-22T11:45:20.804000,SBX_ANAES_WAVE,pressure,,,10,0.41,0.51,0.458
2026-04-22T11:45:20.804000,SBX_ANAES_WAVE,inspExpMarker,,,0,,,
2026-04-22T11:45:21.255000,SBX_ANAES_WAVE,respGas,,,0,,,
2026-04-22T11:45:21.255000,SBX_ANAES_WAVE,respGas,,,0,,,
2026-04-22T11:45:21.255000,SBX_ANAES_WAVE,flow,,,10,-5.051,-4.449,-4.7103
2026-04-22T11:45:21.255000,SBX_ANAES_WAVE,volume,,,10,-644.0,-615.0,-629.9
2026-04-22T11:45:21.255000,SBX_ANAES_WAVE,pressure,,,10,0.41,0.41,0.41
2026-04-22T11:45:21.255000,SBX_ANAES_WAVE,inspExpMarker,,,0,,,
2026-04-22T11:45:21.604000,SBX_ANAES_WAVE,respGas,,,0,,,
2026-04-22T11:45:21.604000,SBX_ANAES_WAVE,respGas,,,0,,,
2026-04-22T11:45:21.604000,SBX_ANAES_WAVE,flow,,,10,-4.41,-3.808,-4.0637
2026-04-22T11:45:21.604000,SBX_ANAES_WAVE,volume,,,10,-671.0,-647.0,-659.0
2026-04-22T11:45:21.604000,SBX_ANAES_WAVE,pressure,,,10,0.37,0.41,0.384
2026-04-22T11:45:21.604000,SBX_ANAES_WAVE,inspExpMarker,,,0,,,
2026-04-22T11:45:22.005000,SBX_ANAES_WAVE,respGas,,,0,,,
2026-04-22T11:45:22.005000,SBX_ANAES_WAVE,respGas,,,0,,,
2026-04-22T11:45:22.005000,SBX_ANAES_WAVE,flow,,,10,-3.771,-3.442,-3.5938
2026-04-22T11:45:22.005000,SBX_ANAES_WAVE,volume,,,10,-695.0,-673.0,-684.3
2026-04-22T11:45:22.005000,SBX_ANAES_WAVE,pressure,,,10,0.32,0.37,0.332
2026-04-22T11:45:22.005000,SBX_ANAES_WAVE,inspExpMarker,,,0,,,
2026-04-22T11:45:22.404000,SBX_ANAES_WAVE,respGas,,,0,,,
2026-04-22T11:45:22.404000,SBX_ANAES_WAVE,respGas,,,0,,,
2026-04-22T11:45:22.404000,SBX_ANAES_WAVE,flow,,,10,-3.395,-3.031,-3.2221
2026-04-22T11:45:22.404000,SBX_ANAES_WAVE,volume,,,10,-717.0,-697.0,-707.0
2026-04-22T11:45:22.404000,SBX_ANAES_WAVE,pressure,,,10,0.32,0.32,0.32
2026-04-22T11:45:22.404000,SBX_ANAES_WAVE,inspExpMarker,,,0,,,
2026-04-22T11:45:22.804000,SBX_ANAES_WAVE,respGas,,,0,,,
2026-04-22T11:45:22.804000,SBX_ANAES_WAVE,respGas,,,0,,,
2026-04-22T11:45:22.804000,SBX_ANAES_WAVE,flow,,,10,-3.027,-2.643,-2.8361
2026-04-22T11:45:22.804000,SBX_ANAES_WAVE,volume,,,10,-736.0,-719.0,-727.4
2026-04-22T11:45:22.804000,SBX_ANAES_WAVE,pressure,,,10,0.29,0.32,0.31
2026-04-22T11:45:22.804000,SBX_ANAES_WAVE,inspExpMarker,,,0,,,
2026-04-22T11:45:23.255000,SBX_ANAES_WAVE,respGas,,,0,,,
2026-04-22T11:45:23.255000,SBX_ANAES_WAVE,respGas,,,0,,,
2026-04-22T11:45:23.255000,SBX_ANAES_WAVE,flow,,,10,-2.617,-2.407,-2.5222
2026-04-22T11:45:23.255000,SBX_ANAES_WAVE,volume,,,10,-752.0,-737.0,-745.0
2026-04-22T11:45:23.255000,SBX_ANAES_WAVE,pressure,,,10,0.28,0.28,0.28
2026-04-22T11:45:23.255000,SBX_ANAES_WAVE,inspExpMarker,,,0,,,
2026-04-22T11:45:23.604000,SBX_ANAES_WAVE,respGas,,,0,,,
2026-04-22T11:45:23.604000,SBX_ANAES_WAVE,respGas,,,0,,,
2026-04-22T11:45:23.604000,SBX_ANAES_WAVE,flow,,,10,-2.387,-2.161,-2.2465
2026-04-22T11:45:23.604000,SBX_ANAES_WAVE,volume,,,10,-768.0,-754.0,-761.0
2026-04-22T11:45:23.604000,SBX_ANAES_WAVE,pressure,,,10,0.23,0.28,0.258
2026-04-22T11:45:23.604000,SBX_ANAES_WAVE,inspExpMarker,,,0,,,
2026-04-22T11:45:24.004000,SBX_ANAES_WAVE,respGas,,,0,,,
2026-04-22T11:45:24.004000,SBX_ANAES_WAVE,respGas,,,0,,,
2026-04-22T11:45:24.004000,SBX_ANAES_WAVE,flow,,,10,-2.139,-1.889,-2.0255
2026-04-22T11:45:24.004000,SBX_ANAES_WAVE,volume,,,10,-781.0,-769.0,-775.2
2026-04-22T11:45:24.004000,SBX_ANAES_WAVE,pressure,,,10,0.23,0.23,0.23
2026-04-22T11:45:24.004000,SBX_ANAES_WAVE,inspExpMarker,,,0,,,
2026-04-22T11:45:24.459000,SBX_ANAES_WAVE,respGas,,,0,,,
2026-04-22T11:45:24.459000,SBX_ANAES_WAVE,respGas,,,0,,,
2026-04-22T11:45:24.459000,SBX_ANAES_WAVE,flow,,,10,-1.871,-1.695,-1.8017
2026-04-22T11:45:24.459000,SBX_ANAES_WAVE,volume,,,10,-793.0,-782.0,-787.9
2026-04-22T11:45:24.459000,SBX_ANAES_WAVE,pressure,,,10,0.23,0.23,0.23
2026-04-22T11:45:24.459000,SBX_ANAES_WAVE,inspExpMarker,,,0,,,
2026-04-22T11:45:24.804000,SBX_ANAES_WAVE,respGas,,,0,,,
2026-04-22T11:45:24.804000,SBX_ANAES_WAVE,respGas,,,0,,,
2026-04-22T11:45:24.804000,SBX_ANAES_WAVE,flow,,,10,-1.675,-1.491,-1.6045
2026-04-22T11:45:24.804000,SBX_ANAES_WAVE,volume,,,10,-804.0,-794.0,-799.3
2026-04-22T11:45:24.804000,SBX_ANAES_WAVE,pressure,,,10,0.23,0.23,0.23
2026-04-22T11:45:24.804000,SBX_ANAES_WAVE,inspExpMarker,,,0,,,
2026-04-22T11:45:25.253000,SBX_ANAES_WAVE,respGas,,,0,,,
2026-04-22T11:45:25.253000,SBX_ANAES_WAVE,respGas,,,0,,,
2026-04-22T11:45:25.253000,SBX_ANAES_WAVE,flow,,,10,-1.485,-1.367,-1.4306
2026-04-22T11:45:25.253000,SBX_ANAES_WAVE,volume,,,10,-814.0,-805.0,-809.5
2026-04-22T11:45:25.253000,SBX_ANAES_WAVE,pressure,,,10,0.23,0.23,0.23
2026-04-22T11:45:25.253000,SBX_ANAES_WAVE,inspExpMarker,,,0,,,
2026-04-22T11:45:25.604000,SBX_ANAES_WAVE,respGas,,,0,,,
2026-04-22T11:45:25.604000,SBX_ANAES_WAVE,respGas,,,0,,,
2026-04-22T11:45:25.604000,SBX_ANAES_WAVE,flow,,,10,-1.365,-1.262,-1.3129
2026-04-22T11:45:25.604000,SBX_ANAES_WAVE,volume,,,10,-822.0,-814.0,-818.3
2026-04-22T11:45:25.604000,SBX_ANAES_WAVE,pressure,,,10,0.2,0.23,0.215
2026-04-22T11:45:25.604000,SBX_ANAES_WAVE,inspExpMarker,,,0,,,
2026-04-22T11:45:26.004000,SBX_ANAES_WAVE,respGas,,,0,,,
2026-04-22T11:45:26.004000,SBX_ANAES_WAVE,respGas,,,0,,,
2026-04-22T11:45:26.004000,SBX_ANAES_WAVE,flow,,,10,-1.558,-1.18,-1.2571
2026-04-22T11:45:26.004000,SBX_ANAES_WAVE,volume,,,10,-828.0,0.0,-616.8
2026-04-22T11:45:26.004000,SBX_ANAES_WAVE,pressure,,,10,0.18,0.19,0.183
2026-04-22T11:45:26.004000,SBX_ANAES_WAVE,inspExpMarker,,,0,,,
2026-04-22T11:45:26.404000,SBX_ANAES_WAVE,respGas,,,0,,,
2026-04-22T11:45:26.404000,SBX_ANAES_WAVE,respGas,,,0,,,
2026-04-22T11:45:26.404000,SBX_ANAES_WAVE,flow,,,10,-1.521,-1.422,-1.4794
2026-04-22T11:45:26.404000,SBX_ANAES_WAVE,volume,,,10,-11.0,-2.0,-6.5
2026-04-22T11:45:26.404000,SBX_ANAES_WAVE,pressure,,,10,0.18,0.18,0.18
2026-04-22T11:45:26.404000,SBX_ANAES_WAVE,inspExpMarker,,,0,,,
2026-04-22T11:45:26.804000,SBX_ANAES_WAVE,respGas,,,0,,,
2026-04-22T11:45:26.804000,SBX_ANAES_WAVE,respGas,,,0,,,
2026-04-22T11:45:26.804000,SBX_ANAES_WAVE,flow,,,10,-1.402,-1.307,-1.3374
2026-04-22T11:45:26.804000,SBX_ANAES_WAVE,volume,,,10,-20.0,-12.0,-15.8
2026-04-22T11:45:26.804000,SBX_ANAES_WAVE,pressure,,,10,0.16,0.18,0.17
2026-04-22T11:45:26.804000,SBX_ANAES_WAVE,inspExpMarker,,,0,,,
2026-04-22T11:45:27.253000,SBX_ANAES_WAVE,respGas,,,0,,,
2026-04-22T11:45:27.253000,SBX_ANAES_WAVE,respGas,,,0,,,
2026-04-22T11:45:27.253000,SBX_ANAES_WAVE,flow,,,10,-1.305,-1.17,-1.2316
2026-04-22T11:45:27.253000,SBX_ANAES_WAVE,volume,,,10,-28.0,-21.0,-24.3
2026-04-22T11:45:27.253000,SBX_ANAES_WAVE,pressure,,,10,0.14,0.16,0.147
2026-04-22T11:45:27.253000,SBX_ANAES_WAVE,inspExpMarker,,,0,,,
2026-04-22T11:45:27.604000,SBX_ANAES_WAVE,respGas,,,0,,,
2026-04-22T11:45:27.604000,SBX_ANAES_WAVE,respGas,,,0,,,
2026-04-22T11:45:27.604000,SBX_ANAES_WAVE,flow,,,10,-1.167,-1.117,-1.1514
2026-04-22T11:45:27.604000,SBX_ANAES_WAVE,volume,,,10,-36.0,-29.0,-32.3
2026-04-22T11:45:27.604000,SBX_ANAES_WAVE,pressure,,,10,0.14,0.14,0.14
2026-04-22T11:45:27.604000,SBX_ANAES_WAVE,inspExpMarker,,,0,,,
2026-04-22T11:45:28.004000,SBX_ANAES_WAVE,respGas,,,0,,,
2026-04-22T11:45:28.004000,SBX_ANAES_WAVE,respGas,,,0,,,
2026-04-22T11:45:28.004000,SBX_ANAES_WAVE,flow,,,10,-1.124,-1.056,-1.0897
2026-04-22T11:45:28.004000,SBX_ANAES_WAVE,volume,,,10,-43.0,-36.0,-39.7
2026-04-22T11:45:28.004000,SBX_ANAES_WAVE,pressure,,,10,0.14,0.14,0.14
2026-04-22T11:45:28.004000,SBX_ANAES_WAVE,inspExpMarker,,,0,,,
2026-04-22T11:45:28.404000,SBX_ANAES_WAVE,respGas,,,0,,,
2026-04-22T11:45:28.404000,SBX_ANAES_WAVE,respGas,,,0,,,
2026-04-22T11:45:28.404000,SBX_ANAES_WAVE,flow,,,10,-1.051,-0.987,-1.0239
2026-04-22T11:45:28.404000,SBX_ANAES_WAVE,volume,,,10,-50.0,-44.0,-46.7
2026-04-22T11:45:28.404000,SBX_ANAES_WAVE,pressure,,,10,0.14,0.14,0.14
2026-04-22T11:45:28.404000,SBX_ANAES_WAVE,inspExpMarker,,,0,,,
2026-04-22T11:45:28.804000,SBX_ANAES_WAVE,respGas,,,0,,,
2026-04-22T11:45:28.804000,SBX_ANAES_WAVE,respGas,,,0,,,
2026-04-22T11:45:28.804000,SBX_ANAES_WAVE,flow,,,10,-0.995,-0.939,-0.9734
2026-04-22T11:45:28.804000,SBX_ANAES_WAVE,volume,,,10,-56.0,-50.0,-53.3
2026-04-22T11:45:28.804000,SBX_ANAES_WAVE,pressure,,,10,0.14,0.14,0.14
2026-04-22T11:45:28.804000,SBX_ANAES_WAVE,inspExpMarker,,,0,,,
2026-04-22T11:45:29.247000,SBX_ANAES_WAVE,respGas,,,0,,,
2026-04-22T11:45:29.247000,SBX_ANAES_WAVE,respGas,,,0,,,
2026-04-22T11:45:29.247000,SBX_ANAES_WAVE,flow,,,10,-0.983,-0.922,-0.9503
2026-04-22T11:45:29.247000,SBX_ANAES_WAVE,volume,,,10,-63.0,-57.0,-59.9
2026-04-22T11:45:29.247000,SBX_ANAES_WAVE,pressure,,,10,0.13,0.14,0.137
2026-04-22T11:45:29.247000,SBX_ANAES_WAVE,inspExpMarker,,,0,,,
2026-04-22T11:45:29.603000,SBX_ANAES_WAVE,respGas,,,0,,,
2026-04-22T11:45:29.603000,SBX_ANAES_WAVE,respGas,,,0,,,
2026-04-22T11:45:29.603000,SBX_ANAES_WAVE,flow,,,10,-0.933,-0.877,-0.9093
2026-04-22T11:45:29.603000,SBX_ANAES_WAVE,volume,,,10,-69.0,-63.0,-66.1
2026-04-22T11:45:29.603000,SBX_ANAES_WAVE,pressure,,,10,0.11,0.13,0.122
2026-04-22T11:45:29.603000,SBX_ANAES_WAVE,inspExpMarker,,,0,,,
2026-04-22T11:45:30.003000,SBX_ANAES_WAVE,respGas,,,0,,,
2026-04-22T11:45:30.003000,SBX_ANAES_WAVE,respGas,,,0,,,
2026-04-22T11:45:30.003000,SBX_ANAES_WAVE,flow,,,10,-0.906,-0.854,-0.8824
2026-04-22T11:45:30.003000,SBX_ANAES_WAVE,volume,,,10,-75.0,-69.0,-72.0
2026-04-22T11:45:30.003000,SBX_ANAES_WAVE,pressure,,,10,0.09,0.12,0.106
2026-04-22T11:45:30.003000,SBX_ANAES_WAVE,inspExpMarker,,,0,,,
2026-04-22T11:45:30.408000,SBX_ANAES_WAVE,respGas,,,0,,,
2026-04-22T11:45:30.408000,SBX_ANAES_WAVE,respGas,,,0,,,
2026-04-22T11:45:30.408000,SBX_ANAES_WAVE,flow,,,10,-0.877,-0.833,-0.8549
2026-04-22T11:45:30.408000,SBX_ANAES_WAVE,volume,,,10,-80.0,-75.0,-77.7
2026-04-22T11:45:30.408000,SBX_ANAES_WAVE,pressure,,,10,0.09,0.11,0.098
2026-04-22T11:45:30.408000,SBX_ANAES_WAVE,inspExpMarker,,,0,,,
2026-04-22T11:45:30.806000,SBX_ANAES_WAVE,respGas,,,0,,,
2026-04-22T11:45:30.806000,SBX_ANAES_WAVE,respGas,,,0,,,
2026-04-22T11:45:30.806000,SBX_ANAES_WAVE,flow,,,10,-0.883,-0.824,-0.8511
2026-04-22T11:45:30.806000,SBX_ANAES_WAVE,volume,,,10,-86.0,-81.0,-83.4
2026-04-22T11:45:30.806000,SBX_ANAES_WAVE,pressure,,,10,0.09,0.11,0.098
2026-04-22T11:45:30.806000,SBX_ANAES_WAVE,inspExpMarker,,,0,,,
2026-04-22T11:45:31.261000,SBX_ANAES_WAVE,respGas,,,0,,,
2026-04-22T11:45:31.261000,SBX_ANAES_WAVE,respGas,,,0,,,
2026-04-22T11:45:31.261000,SBX_ANAES_WAVE,flow,,,10,-0.863,-0.824,-0.8469
2026-04-22T11:45:31.261000,SBX_ANAES_WAVE,volume,,,10,-92.0,-87.0,-89.1
2026-04-22T11:45:31.261000,SBX_ANAES_WAVE,pressure,,,10,0.09,0.11,0.096
2026-04-22T11:45:31.261000,SBX_ANAES_WAVE,inspExpMarker,,,0,,,
2026-04-22T11:45:31.603000,SBX_ANAES_WAVE,respGas,,,0,,,
2026-04-22T11:45:31.603000,SBX_ANAES_WAVE,respGas,,,0,,,
2026-04-22T11:45:31.603000,SBX_ANAES_WAVE,flow,,,10,-0.851,-0.809,-0.83
2026-04-22T11:45:31.603000,SBX_ANAES_WAVE,volume,,,10,-97.0,-92.0,-94.7
2026-04-22T11:45:31.603000,SBX_ANAES_WAVE,pressure,,,10,0.09,0.13,0.096
2026-04-22T11:45:31.603000,SBX_ANAES_WAVE,inspExpMarker,,,0,,,
2026-04-22T11:45:32.004000,SBX_ANAES_WAVE,respGas,,,0,,,
2026-04-22T11:45:32.004000,SBX_ANAES_WAVE,respGas,,,0,,,
2026-04-22T11:45:32.004000,SBX_ANAES_WAVE,flow,,,10,-0.845,-0.784,-0.8204
2026-04-22T11:45:32.004000,SBX_ANAES_WAVE,volume,,,10,-103.0,-98.0,-100.2
2026-04-22T11:45:32.004000,SBX_ANAES_WAVE,pressure,,,10,0.09,0.14,0.123
2026-04-22T11:45:32.004000,SBX_ANAES_WAVE,inspExpMarker,,,0,,,
2026-04-22T11:45:32.404000,SBX_ANAES_WAVE,respGas,,,0,,,
2026-04-22T11:45:32.404000,SBX_ANAES_WAVE,respGas,,,0,,,
2026-04-22T11:45:32.404000,SBX_ANAES_WAVE,flow,,,10,-0.826,-0.763,-0.7952
2026-04-22T11:45:32.404000,SBX_ANAES_WAVE,volume,,,10,-108.0,-103.0,-105.5
2026-04-22T11:45:32.404000,SBX_ANAES_WAVE,pressure,,,10,0.09,0.09,0.09
2026-04-22T11:45:32.404000,SBX_ANAES_WAVE,inspExpMarker,,,0,,,
2026-04-22T11:45:32.804000,SBX_ANAES_WAVE,respGas,,,0,,,
2026-04-22T11:45:32.804000,SBX_ANAES_WAVE,respGas,,,0,,,
2026-04-22T11:45:32.804000,SBX_ANAES_WAVE,flow,,,10,-0.821,-0.782,-0.8032
2026-04-22T11:45:32.804000,SBX_ANAES_WAVE,volume,,,10,-113.0,-108.0,-110.9
2026-04-22T11:45:32.804000,SBX_ANAES_WAVE,pressure,,,10,0.09,0.09,0.09
2026-04-22T11:45:32.804000,SBX_ANAES_WAVE,inspExpMarker,,,0,,,
2026-04-22T11:45:33.258000,SBX_ANAES_WAVE,respGas,,,0,,,
2026-04-22T11:45:33.258000,SBX_ANAES_WAVE,respGas,,,0,,,
2026-04-22T11:45:33.258000,SBX_ANAES_WAVE,flow,,,10,-0.792,-0.764,-0.7801
2026-04-22T11:45:33.258000,SBX_ANAES_WAVE,volume,,,10,-119.0,-114.0,-116.1
2026-04-22T11:45:33.258000,SBX_ANAES_WAVE,pressure,,,10,0.09,0.09,0.09
2026-04-22T11:45:33.258000,SBX_ANAES_WAVE,inspExpMarker,,,0,,,
2026-04-22T11:45:33.603000,SBX_ANAES_WAVE,respGas,,,0,,,
2026-04-22T11:45:33.603000,SBX_ANAES_WAVE,respGas,,,0,,,
2026-04-22T11:45:33.603000,SBX_ANAES_WAVE,flow,,,10,-0.787,-0.734,-0.7619
2026-04-22T11:45:33.603000,SBX_ANAES_WAVE,volume,,,10,-124.0,-119.0,-121.5
2026-04-22T11:45:33.603000,SBX_ANAES_WAVE,pressure,,,10,0.09,0.14,0.124
2026-04-22T11:45:33.603000,SBX_ANAES_WAVE,inspExpMarker,,,0,,,
2026-04-22T11:45:34.004000,SBX_ANAES_WAVE,respGas,,,0,,,
2026-04-22T11:45:34.004000,SBX_ANAES_WAVE,respGas,,,0,,,
2026-04-22T11:45:34.004000,SBX_ANAES_WAVE,flow,,,10,-0.778,-0.727,-0.7518
2026-04-22T11:45:34.004000,SBX_ANAES_WAVE,volume,,,10,-129.0,-124.0,-126.5
2026-04-22T11:45:34.004000,SBX_ANAES_WAVE,pressure,,,10,0.09,0.1,0.092
2026-04-22T11:45:34.004000,SBX_ANAES_WAVE,inspExpMarker,,,0,,,
2026-04-22T11:45:34.404000,SBX_ANAES_WAVE,respGas,,,0,,,
2026-04-22T11:45:34.404000,SBX_ANAES_WAVE,respGas,,,0,,,
2026-04-22T11:45:34.404000,SBX_ANAES_WAVE,flow,,,10,-0.725,-0.686,-0.71
2026-04-22T11:45:34.404000,SBX_ANAES_WAVE,volume,,,10,-133.0,-129.0,-131.1
2026-04-22T11:45:34.404000,SBX_ANAES_WAVE,pressure,,,10,0.09,0.12,0.102
2026-04-22T11:45:34.404000,SBX_ANAES_WAVE,inspExpMarker,,,0,,,
2026-04-22T11:45:34.808000,SBX_ANAES_WAVE,respGas,,,0,,,
2026-04-22T11:45:34.808000,SBX_ANAES_WAVE,respGas,,,0,,,
2026-04-22T11:45:34.808000,SBX_ANAES_WAVE,flow,,,10,-0.707,-0.666,-0.6853
2026-04-22T11:45:34.808000,SBX_ANAES_WAVE,volume,,,10,-138.0,-134.0,-135.9
2026-04-22T11:45:34.808000,SBX_ANAES_WAVE,pressure,,,10,0.1,0.12,0.106
2026-04-22T11:45:34.808000,SBX_ANAES_WAVE,inspExpMarker,,,0,,,
2026-04-22T11:45:35.250000,SBX_ANAES_WAVE,respGas,,,0,,,
2026-04-22T11:45:35.250000,SBX_ANAES_WAVE,respGas,,,0,,,
2026-04-22T11:45:35.250000,SBX_ANAES_WAVE,flow,,,10,-0.711,-0.668,-0.6941
2026-04-22T11:45:35.250000,SBX_ANAES_WAVE,volume,,,10,-143.0,-138.0,-140.5
2026-04-22T11:45:35.250000,SBX_ANAES_WAVE,pressure,,,10,0.09,0.11,0.1
2026-04-22T11:45:35.250000,SBX_ANAES_WAVE,inspExpMarker,,,0,,,
2026-04-22T11:45:35.604000,SBX_ANAES_WAVE,respGas,,,0,,,
2026-04-22T11:45:35.604000,SBX_ANAES_WAVE,respGas,,,0,,,
2026-04-22T11:45:35.604000,SBX_ANAES_WAVE,flow,,,10,-0.699,-0.653,-0.6722
2026-04-22T11:45:35.604000,SBX_ANAES_WAVE,volume,,,10,-147.0,-143.0,-145.0
2026-04-22T11:45:35.604000,SBX_ANAES_WAVE,pressure,,,10,0.09,0.11,0.1
2026-04-22T11:45:35.604000,SBX_ANAES_WAVE,inspExpMarker,,,0,,,
2026-04-22T11:45:36.004000,SBX_ANAES_WAVE,respGas,,,0,,,
2026-04-22T11:45:36.004000,SBX_ANAES_WAVE,respGas,,,0,,,
2026-04-22T11:45:36.004000,SBX_ANAES_WAVE,flow,,,10,-0.689,-0.649,-0.6762
2026-04-22T11:45:36.004000,SBX_ANAES_WAVE,volume,,,10,-152.0,-148.0,-149.6
2026-04-22T11:45:36.004000,SBX_ANAES_WAVE,pressure,,,10,0.09,0.1,0.099
2026-04-22T11:45:36.004000,SBX_ANAES_WAVE,inspExpMarker,,,0,,,
2026-04-22T11:45:36.406000,SBX_ANAES_WAVE,respGas,,,0,,,
2026-04-22T11:45:36.406000,SBX_ANAES_WAVE,respGas,,,0,,,
2026-04-22T11:45:36.406000,SBX_ANAES_WAVE,flow,,,10,-0.681,-0.65,-0.6686
2026-04-22T11:45:36.406000,SBX_ANAES_WAVE,volume,,,10,-156.0,-152.0,-154.0
2026-04-22T11:45:36.406000,SBX_ANAES_WAVE,pressure,,,10,0.09,0.1,0.096
2026-04-22T11:45:36.406000,SBX_ANAES_WAVE,inspExpMarker,,,0,,,
2026-04-22T11:45:36.804000,SBX_ANAES_WAVE,respGas,,,0,,,
2026-04-22T11:45:36.804000,SBX_ANAES_WAVE,respGas,,,0,,,
2026-04-22T11:45:36.804000,SBX_ANAES_WAVE,flow,,,10,-0.684,-0.631,-0.6596
2026-04-22T11:45:36.804000,SBX_ANAES_WAVE,volume,,,10,-160.0,-156.0,-158.4
2026-04-22T11:45:36.804000,SBX_ANAES_WAVE,pressure,,,10,0.09,0.1,0.094
2026-04-22T11:45:36.804000,SBX_ANAES_WAVE,inspExpMarker,,,0,,,
2026-04-22T11:45:37.262000,SBX_ANAES_WAVE,respGas,,,0,,,
2026-04-22T11:45:37.262000,SBX_ANAES_WAVE,respGas,,,0,,,
2026-04-22T11:45:37.262000,SBX_ANAES_WAVE,flow,,,10,-0.67,-0.62,-0.6505
2026-04-22T11:45:37.262000,SBX_ANAES_WAVE,volume,,,10,-165.0,-161.0,-162.8
2026-04-22T11:45:37.262000,SBX_ANAES_WAVE,pressure,,,10,0.09,0.1,0.094
2026-04-22T11:45:37.262000,SBX_ANAES_WAVE,inspExpMarker,,,0,,,
2026-04-22T11:45:37.604000,SBX_ANAES_WAVE,respGas,,,0,,,
2026-04-22T11:45:37.604000,SBX_ANAES_WAVE,respGas,,,0,,,
2026-04-22T11:45:37.604000,SBX_ANAES_WAVE,flow,,,10,-0.678,-0.595,-0.6321
2026-04-22T11:45:37.604000,SBX_ANAES_WAVE,volume,,,10,-169.0,-165.0,-167.1
2026-04-22T11:45:37.604000,SBX_ANAES_WAVE,pressure,,,10,0.09,0.11,0.095
2026-04-22T11:45:37.604000,SBX_ANAES_WAVE,inspExpMarker,,,0,,,
2026-04-22T11:45:38.004000,SBX_ANAES_WAVE,respGas,,,0,,,
2026-04-22T11:45:38.004000,SBX_ANAES_WAVE,respGas,,,0,,,
2026-04-22T11:45:38.004000,SBX_ANAES_WAVE,flow,,,10,-0.656,-0.623,-0.6449
2026-04-22T11:45:38.004000,SBX_ANAES_WAVE,volume,,,10,-173.0,-169.0,-171.3
2026-04-22T11:45:38.004000,SBX_ANAES_WAVE,pressure,,,10,0.09,0.1,0.092
2026-04-22T11:45:38.004000,SBX_ANAES_WAVE,inspExpMarker,,,0,,,
2026-04-22T11:45:38.403000,SBX_ANAES_WAVE,respGas,,,0,,,
2026-04-22T11:45:38.403000,SBX_ANAES_WAVE,respGas,,,0,,,
2026-04-22T11:45:38.403000,SBX_ANAES_WAVE,flow,,,10,-0.644,-0.594,-0.6184
2026-04-22T11:45:38.403000,SBX_ANAES_WAVE,volume,,,10,-177.0,-174.0,-175.6
2026-04-22T11:45:38.403000,SBX_ANAES_WAVE,pressure,,,10,0.09,0.1,0.091
2026-04-22T11:45:38.403000,SBX_ANAES_WAVE,inspExpMarker,,,0,,,
2026-04-22T11:45:38.804000,SBX_ANAES_WAVE,respGas,,,0,,,
2026-04-22T11:45:38.804000,SBX_ANAES_WAVE,respGas,,,0,,,
2026-04-22T11:45:38.804000,SBX_ANAES_WAVE,flow,,,10,-0.643,-0.62,-0.6324
2026-04-22T11:45:38.804000,SBX_ANAES_WAVE,volume,,,10,-182.0,-178.0,-179.8
2026-04-22T11:45:38.804000,SBX_ANAES_WAVE,pressure,,,10,0.09,0.09,0.09
2026-04-22T11:45:38.804000,SBX_ANAES_WAVE,inspExpMarker,,,0,,,
2026-04-22T11:45:39.258000,SBX_ANAES_WAVE,respGas,,,0,,,
2026-04-22T11:45:39.258000,SBX_ANAES_WAVE,respGas,,,0,,,
2026-04-22T11:45:39.258000,SBX_ANAES_WAVE,flow,,,10,-0.632,-0.6,-0.6214
2026-04-22T11:45:39.258000,SBX_ANAES_WAVE,volume,,,10,-186.0,-182.0,-183.9
2026-04-22T11:45:39.258000,SBX_ANAES_WAVE,pressure,,,10,0.09,0.09,0.09
2026-04-22T11:45:39.258000,SBX_ANAES_WAVE,inspExpMarker,,,0,,,
2026-04-22T11:45:39.606000,SBX_ANAES_WAVE,respGas,,,0,,,
2026-04-22T11:45:39.606000,SBX_ANAES_WAVE,respGas,,,0,,,
2026-04-22T11:45:39.606000,SBX_ANAES_WAVE,flow,,,10,-0.628,-0.591,-0.6055
2026-04-22T11:45:39.606000,SBX_ANAES_WAVE,volume,,,10,-190.0,-186.0,-188.0
2026-04-22T11:45:39.606000,SBX_ANAES_WAVE,pressure,,,10,0.09,0.09,0.09
2026-04-22T11:45:39.606000,SBX_ANAES_WAVE,inspExpMarker,,,0,,,
2026-04-22T11:45:40.006000,SBX_ANAES_WAVE,respGas,,,0,,,
2026-04-22T11:45:40.006000,SBX_ANAES_WAVE,respGas,,,0,,,
2026-04-22T11:45:40.006000,SBX_ANAES_WAVE,flow,,,10,-0.625,-0.581,-0.6073
2026-04-22T11:45:40.006000,SBX_ANAES_WAVE,volume,,,10,-194.0,-190.0,-192.0
2026-04-22T11:45:40.006000,SBX_ANAES_WAVE,pressure,,,10,0.09,0.09,0.09
2026-04-22T11:45:40.006000,SBX_ANAES_WAVE,inspExpMarker,,,0,,,
2026-04-22T11:45:40.404000,SBX_ANAES_WAVE,respGas,,,0,,,
2026-04-22T11:45:40.404000,SBX_ANAES_WAVE,respGas,,,0,,,
2026-04-22T11:45:40.404000,SBX_ANAES_WAVE,flow,,,10,-0.628,-0.575,-0.5999
2026-04-22T11:45:40.404000,SBX_ANAES_WAVE,volume,,,10,-198.0,-194.0,-196.0
2026-04-22T11:45:40.404000,SBX_ANAES_WAVE,pressure,,,10,0.09,0.09,0.09
2026-04-22T11:45:40.404000,SBX_ANAES_WAVE,inspExpMarker,,,0,,,
2026-04-22T11:45:40.803000,SBX_ANAES_WAVE,respGas,,,0,,,
2026-04-22T11:45:40.803000,SBX_ANAES_WAVE,respGas,,,0,,,
2026-04-22T11:45:40.803000,SBX_ANAES_WAVE,flow,,,10,-0.616,-0.561,-0.5935
2026-04-22T11:45:40.803000,SBX_ANAES_WAVE,volume,,,10,-202.0,-198.0,-200.0
2026-04-22T11:45:40.803000,SBX_ANAES_WAVE,pressure,,,10,0.09,0.09,0.09
2026-04-22T11:45:40.803000,SBX_ANAES_WAVE,inspExpMarker,,,0,,,
2026-04-22T11:45:41.255000,SBX_ANAES_WAVE,respGas,,,0,,,
2026-04-22T11:45:41.255000,SBX_ANAES_WAVE,respGas,,,0,,,
2026-04-22T11:45:41.255000,SBX_ANAES_WAVE,flow,,,10,-0.618,-0.567,-0.6037
2026-04-22T11:45:41.255000,SBX_ANAES_WAVE,volume,,,10,-206.0,-202.0,-204.0
2026-04-22T11:45:41.255000,SBX_ANAES_WAVE,pressure,,,10,0.09,0.09,0.09
2026-04-22T11:45:41.255000,SBX_ANAES_WAVE,inspExpMarker,,,0,,,
2026-04-22T11:45:41.603000,SBX_ANAES_WAVE,respGas,,,0,,,
2026-04-22T11:45:41.603000,SBX_ANAES_WAVE,respGas,,,0,,,
2026-04-22T11:45:41.603000,SBX_ANAES_WAVE,flow,,,10,-0.601,-0.555,-0.5846
2026-04-22T11:45:41.603000,SBX_ANAES_WAVE,volume,,,10,-210.0,-206.0,-208.0
2026-04-22T11:45:41.603000,SBX_ANAES_WAVE,pressure,,,10,0.09,0.09,0.09
2026-04-22T11:45:41.603000,SBX_ANAES_WAVE,inspExpMarker,,,0,,,
